"location_name","requested_latitude","requested_longitude","start_date_utc","end_date_utc","time_utc","temperature_C","relative_humidity_percent","precipitation_mm","wind_speed_m_s","dew_point_C","precipitation_interval_start_utc","precipitation_interval_end_utc","source_hour_present","missing_fields","completeness_status","expected_hours","source_hours","complete_hours","provider","dataset","requested_model","constituent","classification","source_latitude","source_longitude","source_elevation_m","retrieved_at_utc","source_issued_at_utc","source_updated_at_utc","cell_selection","downscaling","interval_semantics","calculation_version","attribution","source_url","request_url"
"new-york-march-2020",40.7128,-74.006,"2020-03-01","2020-03-31","2020-03-01T00:00:00.000Z",-1,49,0,4.39,-10.5,"2020-02-29T23:00:00.000Z","2020-03-01T00:00:00.000Z",true,"","complete",744,744,744,"Open-Meteo","ERA5 (requested)","era5",,"modeled_reanalysis",40.75,-74,32,"2026-09-11T00:26:47.065Z",,,"land","provider default elevation adjustment","instant meteorology; precipitation sum over preceding hour ending at time","reanalysis-adapter-v1","Weather data by Open-Meteo; ERA5 by Copernicus Climate Change Service (C3S) / ECMWF","https://open-meteo.com/en/docs/historical-weather-api","https://archive-api.open-meteo.com/v1/archive?latitude=40.7128&longitude=-74.006&start_date=2020-03-01&end_date=2020-03-31&models=era5&hourly=temperature_2m%2Crelative_humidity_2m%2Cprecipitation%2Cwind_speed_10m%2Cdew_point_2m&timezone=GMT&timeformat=unixtime&temperature_unit=celsius&wind_speed_unit=ms&precipitation_unit=mm&cell_selection=land"
"new-york-march-2020",40.7128,-74.006,"2020-03-01","2020-03-31","2020-03-01T01:00:00.000Z",-1.4,50,0,4.46,-10.6,"2020-03-01T00:00:00.000Z","2020-03-01T01:00:00.000Z",true,"","complete",744,744,744,"Open-Meteo","ERA5 (requested)","era5",,"modeled_reanalysis",40.75,-74,32,"2026-09-11T00:26:47.065Z",,,"land","provider default elevation adjustment","instant meteorology; precipitation sum over preceding hour ending at time","reanalysis-adapter-v1","Weather data by Open-Meteo; ERA5 by Copernicus Climate Change Service (C3S) / ECMWF","https://open-meteo.com/en/docs/historical-weather-api","https://archive-api.open-meteo.com/v1/archive?latitude=40.7128&longitude=-74.006&start_date=2020-03-01&end_date=2020-03-31&models=era5&hourly=temperature_2m%2Crelative_humidity_2m%2Cprecipitation%2Cwind_speed_10m%2Cdew_point_2m&timezone=GMT&timeformat=unixtime&temperature_unit=celsius&wind_speed_unit=ms&precipitation_unit=mm&cell_selection=land"
"new-york-march-2020",40.7128,-74.006,"2020-03-01","2020-03-31","2020-03-01T02:00:00.000Z",-1.7,51,0,4.46,-10.6,"2020-03-01T01:00:00.000Z","2020-03-01T02:00:00.000Z",true,"","complete",744,744,744,"Open-Meteo","ERA5 (requested)","era5",,"modeled_reanalysis",40.75,-74,32,"2026-09-11T00:26:47.065Z",,,"land","provider default elevation adjustment","instant meteorology; precipitation sum over preceding hour ending at time","reanalysis-adapter-v1","Weather data by Open-Meteo; ERA5 by Copernicus Climate Change Service (C3S) / ECMWF","https://open-meteo.com/en/docs/historical-weather-api","https://archive-api.open-meteo.com/v1/archive?latitude=40.7128&longitude=-74.006&start_date=2020-03-01&end_date=2020-03-31&models=era5&hourly=temperature_2m%2Crelative_humidity_2m%2Cprecipitation%2Cwind_speed_10m%2Cdew_point_2m&timezone=GMT&timeformat=unixtime&temperature_unit=celsius&wind_speed_unit=ms&precipitation_unit=mm&cell_selection=land"
"new-york-march-2020",40.7128,-74.006,"2020-03-01","2020-03-31","2020-03-01T03:00:00.000Z",-2.2,55,0,4.81,-10,"2020-03-01T02:00:00.000Z","2020-03-01T03:00:00.000Z",true,"","complete",744,744,744,"Open-Meteo","ERA5 (requested)","era5",,"modeled_reanalysis",40.75,-74,32,"2026-09-11T00:26:47.065Z",,,"land","provider default elevation adjustment","instant meteorology; precipitation sum over preceding hour ending at time","reanalysis-adapter-v1","Weather data by Open-Meteo; ERA5 by Copernicus Climate Change Service (C3S) / ECMWF","https://open-meteo.com/en/docs/historical-weather-api","https://archive-api.open-meteo.com/v1/archive?latitude=40.7128&longitude=-74.006&start_date=2020-03-01&end_date=2020-03-31&models=era5&hourly=temperature_2m%2Crelative_humidity_2m%2Cprecipitation%2Cwind_speed_10m%2Cdew_point_2m&timezone=GMT&timeformat=unixtime&temperature_unit=celsius&wind_speed_unit=ms&precipitation_unit=mm&cell_selection=land"
"new-york-march-2020",40.7128,-74.006,"2020-03-01","2020-03-31","2020-03-01T04:00:00.000Z",-2.5,53,0,4.74,-10.7,"2020-03-01T03:00:00.000Z","2020-03-01T04:00:00.000Z",true,"","complete",744,744,744,"Open-Meteo","ERA5 (requested)","era5",,"modeled_reanalysis",40.75,-74,32,"2026-09-11T00:26:47.065Z",,,"land","provider default elevation adjustment","instant meteorology; precipitation sum over preceding hour ending at time","reanalysis-adapter-v1","Weather data by Open-Meteo; ERA5 by Copernicus Climate Change Service (C3S) / ECMWF","https://open-meteo.com/en/docs/historical-weather-api","https://archive-api.open-meteo.com/v1/archive?latitude=40.7128&longitude=-74.006&start_date=2020-03-01&end_date=2020-03-31&models=era5&hourly=temperature_2m%2Crelative_humidity_2m%2Cprecipitation%2Cwind_speed_10m%2Cdew_point_2m&timezone=GMT&timeformat=unixtime&temperature_unit=celsius&wind_speed_unit=ms&precipitation_unit=mm&cell_selection=land"
"new-york-march-2020",40.7128,-74.006,"2020-03-01","2020-03-31","2020-03-01T05:00:00.000Z",-2.6,54,0,4.67,-10.7,"2020-03-01T04:00:00.000Z","2020-03-01T05:00:00.000Z",true,"","complete",744,744,744,"Open-Meteo","ERA5 (requested)","era5",,"modeled_reanalysis",40.75,-74,32,"2026-09-11T00:26:47.065Z",,,"land","provider default elevation adjustment","instant meteorology; precipitation sum over preceding hour ending at time","reanalysis-adapter-v1","Weather data by Open-Meteo; ERA5 by Copernicus Climate Change Service (C3S) / ECMWF","https://open-meteo.com/en/docs/historical-weather-api","https://archive-api.open-meteo.com/v1/archive?latitude=40.7128&longitude=-74.006&start_date=2020-03-01&end_date=2020-03-31&models=era5&hourly=temperature_2m%2Crelative_humidity_2m%2Cprecipitation%2Cwind_speed_10m%2Cdew_point_2m&timezone=GMT&timeformat=unixtime&temperature_unit=celsius&wind_speed_unit=ms&precipitation_unit=mm&cell_selection=land"
"new-york-march-2020",40.7128,-74.006,"2020-03-01","2020-03-31","2020-03-01T06:00:00.000Z",-2.8,54,0,4.33,-10.9,"2020-03-01T05:00:00.000Z","2020-03-01T06:00:00.000Z",true,"","complete",744,744,744,"Open-Meteo","ERA5 (requested)","era5",,"modeled_reanalysis",40.75,-74,32,"2026-09-11T00:26:47.065Z",,,"land","provider default elevation adjustment","instant meteorology; precipitation sum over preceding hour ending at time","reanalysis-adapter-v1","Weather data by Open-Meteo; ERA5 by Copernicus Climate Change Service (C3S) / ECMWF","https://open-meteo.com/en/docs/historical-weather-api","https://archive-api.open-meteo.com/v1/archive?latitude=40.7128&longitude=-74.006&start_date=2020-03-01&end_date=2020-03-31&models=era5&hourly=temperature_2m%2Crelative_humidity_2m%2Cprecipitation%2Cwind_speed_10m%2Cdew_point_2m&timezone=GMT&timeformat=unixtime&temperature_unit=celsius&wind_speed_unit=ms&precipitation_unit=mm&cell_selection=land"
"new-york-march-2020",40.7128,-74.006,"2020-03-01","2020-03-31","2020-03-01T07:00:00.000Z",-2.8,56,0,4.05,-10.4,"2020-03-01T06:00:00.000Z","2020-03-01T07:00:00.000Z",true,"","complete",744,744,744,"Open-Meteo","ERA5 (requested)","era5",,"modeled_reanalysis",40.75,-74,32,"2026-09-11T00:26:47.065Z",,,"land","provider default elevation adjustment","instant meteorology; precipitation sum over preceding hour ending at time","reanalysis-adapter-v1","Weather data by Open-Meteo; ERA5 by Copernicus Climate Change Service (C3S) / ECMWF","https://open-meteo.com/en/docs/historical-weather-api","https://archive-api.open-meteo.com/v1/archive?latitude=40.7128&longitude=-74.006&start_date=2020-03-01&end_date=2020-03-31&models=era5&hourly=temperature_2m%2Crelative_humidity_2m%2Cprecipitation%2Cwind_speed_10m%2Cdew_point_2m&timezone=GMT&timeformat=unixtime&temperature_unit=celsius&wind_speed_unit=ms&precipitation_unit=mm&cell_selection=land"
"new-york-march-2020",40.7128,-74.006,"2020-03-01","2020-03-31","2020-03-01T08:00:00.000Z",-2.9,58,0,3.85,-10,"2020-03-01T07:00:00.000Z","2020-03-01T08:00:00.000Z",true,"","complete",744,744,744,"Open-Meteo","ERA5 (requested)","era5",,"modeled_reanalysis",40.75,-74,32,"2026-09-11T00:26:47.065Z",,,"land","provider default elevation adjustment","instant meteorology; precipitation sum over preceding hour ending at time","reanalysis-adapter-v1","Weather data by Open-Meteo; ERA5 by Copernicus Climate Change Service (C3S) / ECMWF","https://open-meteo.com/en/docs/historical-weather-api","https://archive-api.open-meteo.com/v1/archive?latitude=40.7128&longitude=-74.006&start_date=2020-03-01&end_date=2020-03-31&models=era5&hourly=temperature_2m%2Crelative_humidity_2m%2Cprecipitation%2Cwind_speed_10m%2Cdew_point_2m&timezone=GMT&timeformat=unixtime&temperature_unit=celsius&wind_speed_unit=ms&precipitation_unit=mm&cell_selection=land"
"new-york-march-2020",40.7128,-74.006,"2020-03-01","2020-03-31","2020-03-01T09:00:00.000Z",-3,60,0,3.9,-9.8,"2020-03-01T08:00:00.000Z","2020-03-01T09:00:00.000Z",true,"","complete",744,744,744,"Open-Meteo","ERA5 (requested)","era5",,"modeled_reanalysis",40.75,-74,32,"2026-09-11T00:26:47.065Z",,,"land","provider default elevation adjustment","instant meteorology; precipitation sum over preceding hour ending at time","reanalysis-adapter-v1","Weather data by Open-Meteo; ERA5 by Copernicus Climate Change Service (C3S) / ECMWF","https://open-meteo.com/en/docs/historical-weather-api","https://archive-api.open-meteo.com/v1/archive?latitude=40.7128&longitude=-74.006&start_date=2020-03-01&end_date=2020-03-31&models=era5&hourly=temperature_2m%2Crelative_humidity_2m%2Cprecipitation%2Cwind_speed_10m%2Cdew_point_2m&timezone=GMT&timeformat=unixtime&temperature_unit=celsius&wind_speed_unit=ms&precipitation_unit=mm&cell_selection=land"
"new-york-march-2020",40.7128,-74.006,"2020-03-01","2020-03-31","2020-03-01T10:00:00.000Z",-3.3,63,0,3.86,-9.3,"2020-03-01T09:00:00.000Z","2020-03-01T10:00:00.000Z",true,"","complete",744,744,744,"Open-Meteo","ERA5 (requested)","era5",,"modeled_reanalysis",40.75,-74,32,"2026-09-11T00:26:47.065Z",,,"land","provider default elevation adjustment","instant meteorology; precipitation sum over preceding hour ending at time","reanalysis-adapter-v1","Weather data by Open-Meteo; ERA5 by Copernicus Climate Change Service (C3S) / ECMWF","https://open-meteo.com/en/docs/historical-weather-api","https://archive-api.open-meteo.com/v1/archive?latitude=40.7128&longitude=-74.006&start_date=2020-03-01&end_date=2020-03-31&models=era5&hourly=temperature_2m%2Crelative_humidity_2m%2Cprecipitation%2Cwind_speed_10m%2Cdew_point_2m&timezone=GMT&timeformat=unixtime&temperature_unit=celsius&wind_speed_unit=ms&precipitation_unit=mm&cell_selection=land"
"new-york-march-2020",40.7128,-74.006,"2020-03-01","2020-03-31","2020-03-01T11:00:00.000Z",-3.2,64,0,3.79,-9,"2020-03-01T10:00:00.000Z","2020-03-01T11:00:00.000Z",true,"","complete",744,744,744,"Open-Meteo","ERA5 (requested)","era5",,"modeled_reanalysis",40.75,-74,32,"2026-09-11T00:26:47.065Z",,,"land","provider default elevation adjustment","instant meteorology; precipitation sum over preceding hour ending at time","reanalysis-adapter-v1","Weather data by Open-Meteo; ERA5 by Copernicus Climate Change Service (C3S) / ECMWF","https://open-meteo.com/en/docs/historical-weather-api","https://archive-api.open-meteo.com/v1/archive?latitude=40.7128&longitude=-74.006&start_date=2020-03-01&end_date=2020-03-31&models=era5&hourly=temperature_2m%2Crelative_humidity_2m%2Cprecipitation%2Cwind_speed_10m%2Cdew_point_2m&timezone=GMT&timeformat=unixtime&temperature_unit=celsius&wind_speed_unit=ms&precipitation_unit=mm&cell_selection=land"
"new-york-march-2020",40.7128,-74.006,"2020-03-01","2020-03-31","2020-03-01T12:00:00.000Z",-3,65,0,3.89,-8.8,"2020-03-01T11:00:00.000Z","2020-03-01T12:00:00.000Z",true,"","complete",744,744,744,"Open-Meteo","ERA5 (requested)","era5",,"modeled_reanalysis",40.75,-74,32,"2026-09-11T00:26:47.065Z",,,"land","provider default elevation adjustment","instant meteorology; precipitation sum over preceding hour ending at time","reanalysis-adapter-v1","Weather data by Open-Meteo; ERA5 by Copernicus Climate Change Service (C3S) / ECMWF","https://open-meteo.com/en/docs/historical-weather-api","https://archive-api.open-meteo.com/v1/archive?latitude=40.7128&longitude=-74.006&start_date=2020-03-01&end_date=2020-03-31&models=era5&hourly=temperature_2m%2Crelative_humidity_2m%2Cprecipitation%2Cwind_speed_10m%2Cdew_point_2m&timezone=GMT&timeformat=unixtime&temperature_unit=celsius&wind_speed_unit=ms&precipitation_unit=mm&cell_selection=land"
"new-york-march-2020",40.7128,-74.006,"2020-03-01","2020-03-31","2020-03-01T13:00:00.000Z",-1.9,57,0,5.19,-9.4,"2020-03-01T12:00:00.000Z","2020-03-01T13:00:00.000Z",true,"","complete",744,744,744,"Open-Meteo","ERA5 (requested)","era5",,"modeled_reanalysis",40.75,-74,32,"2026-09-11T00:26:47.065Z",,,"land","provider default elevation adjustment","instant meteorology; precipitation sum over preceding hour ending at time","reanalysis-adapter-v1","Weather data by Open-Meteo; ERA5 by Copernicus Climate Change Service (C3S) / ECMWF","https://open-meteo.com/en/docs/historical-weather-api","https://archive-api.open-meteo.com/v1/archive?latitude=40.7128&longitude=-74.006&start_date=2020-03-01&end_date=2020-03-31&models=era5&hourly=temperature_2m%2Crelative_humidity_2m%2Cprecipitation%2Cwind_speed_10m%2Cdew_point_2m&timezone=GMT&timeformat=unixtime&temperature_unit=celsius&wind_speed_unit=ms&precipitation_unit=mm&cell_selection=land"
"new-york-march-2020",40.7128,-74.006,"2020-03-01","2020-03-31","2020-03-01T14:00:00.000Z",-1,54,0,5.66,-9.2,"2020-03-01T13:00:00.000Z","2020-03-01T14:00:00.000Z",true,"","complete",744,744,744,"Open-Meteo","ERA5 (requested)","era5",,"modeled_reanalysis",40.75,-74,32,"2026-09-11T00:26:47.065Z",,,"land","provider default elevation adjustment","instant meteorology; precipitation sum over preceding hour ending at time","reanalysis-adapter-v1","Weather data by Open-Meteo; ERA5 by Copernicus Climate Change Service (C3S) / ECMWF","https://open-meteo.com/en/docs/historical-weather-api","https://archive-api.open-meteo.com/v1/archive?latitude=40.7128&longitude=-74.006&start_date=2020-03-01&end_date=2020-03-31&models=era5&hourly=temperature_2m%2Crelative_humidity_2m%2Cprecipitation%2Cwind_speed_10m%2Cdew_point_2m&timezone=GMT&timeformat=unixtime&temperature_unit=celsius&wind_speed_unit=ms&precipitation_unit=mm&cell_selection=land"
"new-york-march-2020",40.7128,-74.006,"2020-03-01","2020-03-31","2020-03-01T15:00:00.000Z",1,48,0,5.14,-8.7,"2020-03-01T14:00:00.000Z","2020-03-01T15:00:00.000Z",true,"","complete",744,744,744,"Open-Meteo","ERA5 (requested)","era5",,"modeled_reanalysis",40.75,-74,32,"2026-09-11T00:26:47.065Z",,,"land","provider default elevation adjustment","instant meteorology; precipitation sum over preceding hour ending at time","reanalysis-adapter-v1","Weather data by Open-Meteo; ERA5 by Copernicus Climate Change Service (C3S) / ECMWF","https://open-meteo.com/en/docs/historical-weather-api","https://archive-api.open-meteo.com/v1/archive?latitude=40.7128&longitude=-74.006&start_date=2020-03-01&end_date=2020-03-31&models=era5&hourly=temperature_2m%2Crelative_humidity_2m%2Cprecipitation%2Cwind_speed_10m%2Cdew_point_2m&timezone=GMT&timeformat=unixtime&temperature_unit=celsius&wind_speed_unit=ms&precipitation_unit=mm&cell_selection=land"
"new-york-march-2020",40.7128,-74.006,"2020-03-01","2020-03-31","2020-03-01T16:00:00.000Z",1.8,45,0,5.11,-8.8,"2020-03-01T15:00:00.000Z","2020-03-01T16:00:00.000Z",true,"","complete",744,744,744,"Open-Meteo","ERA5 (requested)","era5",,"modeled_reanalysis",40.75,-74,32,"2026-09-11T00:26:47.065Z",,,"land","provider default elevation adjustment","instant meteorology; precipitation sum over preceding hour ending at time","reanalysis-adapter-v1","Weather data by Open-Meteo; ERA5 by Copernicus Climate Change Service (C3S) / ECMWF","https://open-meteo.com/en/docs/historical-weather-api","https://archive-api.open-meteo.com/v1/archive?latitude=40.7128&longitude=-74.006&start_date=2020-03-01&end_date=2020-03-31&models=era5&hourly=temperature_2m%2Crelative_humidity_2m%2Cprecipitation%2Cwind_speed_10m%2Cdew_point_2m&timezone=GMT&timeformat=unixtime&temperature_unit=celsius&wind_speed_unit=ms&precipitation_unit=mm&cell_selection=land"
"new-york-march-2020",40.7128,-74.006,"2020-03-01","2020-03-31","2020-03-01T17:00:00.000Z",2.9,42,0,5.01,-8.9,"2020-03-01T16:00:00.000Z","2020-03-01T17:00:00.000Z",true,"","complete",744,744,744,"Open-Meteo","ERA5 (requested)","era5",,"modeled_reanalysis",40.75,-74,32,"2026-09-11T00:26:47.065Z",,,"land","provider default elevation adjustment","instant meteorology; precipitation sum over preceding hour ending at time","reanalysis-adapter-v1","Weather data by Open-Meteo; ERA5 by Copernicus Climate Change Service (C3S) / ECMWF","https://open-meteo.com/en/docs/historical-weather-api","https://archive-api.open-meteo.com/v1/archive?latitude=40.7128&longitude=-74.006&start_date=2020-03-01&end_date=2020-03-31&models=era5&hourly=temperature_2m%2Crelative_humidity_2m%2Cprecipitation%2Cwind_speed_10m%2Cdew_point_2m&timezone=GMT&timeformat=unixtime&temperature_unit=celsius&wind_speed_unit=ms&precipitation_unit=mm&cell_selection=land"
"new-york-march-2020",40.7128,-74.006,"2020-03-01","2020-03-31","2020-03-01T18:00:00.000Z",3.8,37,0,5.32,-9.6,"2020-03-01T17:00:00.000Z","2020-03-01T18:00:00.000Z",true,"","complete",744,744,744,"Open-Meteo","ERA5 (requested)","era5",,"modeled_reanalysis",40.75,-74,32,"2026-09-11T00:26:47.065Z",,,"land","provider default elevation adjustment","instant meteorology; precipitation sum over preceding hour ending at time","reanalysis-adapter-v1","Weather data by Open-Meteo; ERA5 by Copernicus Climate Change Service (C3S) / ECMWF","https://open-meteo.com/en/docs/historical-weather-api","https://archive-api.open-meteo.com/v1/archive?latitude=40.7128&longitude=-74.006&start_date=2020-03-01&end_date=2020-03-31&models=era5&hourly=temperature_2m%2Crelative_humidity_2m%2Cprecipitation%2Cwind_speed_10m%2Cdew_point_2m&timezone=GMT&timeformat=unixtime&temperature_unit=celsius&wind_speed_unit=ms&precipitation_unit=mm&cell_selection=land"
"new-york-march-2020",40.7128,-74.006,"2020-03-01","2020-03-31","2020-03-01T19:00:00.000Z",4.6,36,0,5.11,-9.3,"2020-03-01T18:00:00.000Z","2020-03-01T19:00:00.000Z",true,"","complete",744,744,744,"Open-Meteo","ERA5 (requested)","era5",,"modeled_reanalysis",40.75,-74,32,"2026-09-11T00:26:47.065Z",,,"land","provider default elevation adjustment","instant meteorology; precipitation sum over preceding hour ending at time","reanalysis-adapter-v1","Weather data by Open-Meteo; ERA5 by Copernicus Climate Change Service (C3S) / ECMWF","https://open-meteo.com/en/docs/historical-weather-api","https://archive-api.open-meteo.com/v1/archive?latitude=40.7128&longitude=-74.006&start_date=2020-03-01&end_date=2020-03-31&models=era5&hourly=temperature_2m%2Crelative_humidity_2m%2Cprecipitation%2Cwind_speed_10m%2Cdew_point_2m&timezone=GMT&timeformat=unixtime&temperature_unit=celsius&wind_speed_unit=ms&precipitation_unit=mm&cell_selection=land"
"new-york-march-2020",40.7128,-74.006,"2020-03-01","2020-03-31","2020-03-01T20:00:00.000Z",5.3,35,0,5.09,-9,"2020-03-01T19:00:00.000Z","2020-03-01T20:00:00.000Z",true,"","complete",744,744,744,"Open-Meteo","ERA5 (requested)","era5",,"modeled_reanalysis",40.75,-74,32,"2026-09-11T00:26:47.065Z",,,"land","provider default elevation adjustment","instant meteorology; precipitation sum over preceding hour ending at time","reanalysis-adapter-v1","Weather data by Open-Meteo; ERA5 by Copernicus Climate Change Service (C3S) / ECMWF","https://open-meteo.com/en/docs/historical-weather-api","https://archive-api.open-meteo.com/v1/archive?latitude=40.7128&longitude=-74.006&start_date=2020-03-01&end_date=2020-03-31&models=era5&hourly=temperature_2m%2Crelative_humidity_2m%2Cprecipitation%2Cwind_speed_10m%2Cdew_point_2m&timezone=GMT&timeformat=unixtime&temperature_unit=celsius&wind_speed_unit=ms&precipitation_unit=mm&cell_selection=land"
"new-york-march-2020",40.7128,-74.006,"2020-03-01","2020-03-31","2020-03-01T21:00:00.000Z",5.9,37,0,4.27,-7.8,"2020-03-01T20:00:00.000Z","2020-03-01T21:00:00.000Z",true,"","complete",744,744,744,"Open-Meteo","ERA5 (requested)","era5",,"modeled_reanalysis",40.75,-74,32,"2026-09-11T00:26:47.065Z",,,"land","provider default elevation adjustment","instant meteorology; precipitation sum over preceding hour ending at time","reanalysis-adapter-v1","Weather data by Open-Meteo; ERA5 by Copernicus Climate Change Service (C3S) / ECMWF","https://open-meteo.com/en/docs/historical-weather-api","https://archive-api.open-meteo.com/v1/archive?latitude=40.7128&longitude=-74.006&start_date=2020-03-01&end_date=2020-03-31&models=era5&hourly=temperature_2m%2Crelative_humidity_2m%2Cprecipitation%2Cwind_speed_10m%2Cdew_point_2m&timezone=GMT&timeformat=unixtime&temperature_unit=celsius&wind_speed_unit=ms&precipitation_unit=mm&cell_selection=land"
"new-york-march-2020",40.7128,-74.006,"2020-03-01","2020-03-31","2020-03-01T22:00:00.000Z",5.6,40,0,2.15,-6.8,"2020-03-01T21:00:00.000Z","2020-03-01T22:00:00.000Z",true,"","complete",744,744,744,"Open-Meteo","ERA5 (requested)","era5",,"modeled_reanalysis",40.75,-74,32,"2026-09-11T00:26:47.065Z",,,"land","provider default elevation adjustment","instant meteorology; precipitation sum over preceding hour ending at time","reanalysis-adapter-v1","Weather data by Open-Meteo; ERA5 by Copernicus Climate Change Service (C3S) / ECMWF","https://open-meteo.com/en/docs/historical-weather-api","https://archive-api.open-meteo.com/v1/archive?latitude=40.7128&longitude=-74.006&start_date=2020-03-01&end_date=2020-03-31&models=era5&hourly=temperature_2m%2Crelative_humidity_2m%2Cprecipitation%2Cwind_speed_10m%2Cdew_point_2m&timezone=GMT&timeformat=unixtime&temperature_unit=celsius&wind_speed_unit=ms&precipitation_unit=mm&cell_selection=land"
"new-york-march-2020",40.7128,-74.006,"2020-03-01","2020-03-31","2020-03-01T23:00:00.000Z",5.4,42,0,2.4,-6.6,"2020-03-01T22:00:00.000Z","2020-03-01T23:00:00.000Z",true,"","complete",744,744,744,"Open-Meteo","ERA5 (requested)","era5",,"modeled_reanalysis",40.75,-74,32,"2026-09-11T00:26:47.065Z",,,"land","provider default elevation adjustment","instant meteorology; precipitation sum over preceding hour ending at time","reanalysis-adapter-v1","Weather data by Open-Meteo; ERA5 by Copernicus Climate Change Service (C3S) / ECMWF","https://open-meteo.com/en/docs/historical-weather-api","https://archive-api.open-meteo.com/v1/archive?latitude=40.7128&longitude=-74.006&start_date=2020-03-01&end_date=2020-03-31&models=era5&hourly=temperature_2m%2Crelative_humidity_2m%2Cprecipitation%2Cwind_speed_10m%2Cdew_point_2m&timezone=GMT&timeformat=unixtime&temperature_unit=celsius&wind_speed_unit=ms&precipitation_unit=mm&cell_selection=land"
"new-york-march-2020",40.7128,-74.006,"2020-03-01","2020-03-31","2020-03-02T00:00:00.000Z",4.4,47,0,2.52,-6,"2020-03-01T23:00:00.000Z","2020-03-02T00:00:00.000Z",true,"","complete",744,744,744,"Open-Meteo","ERA5 (requested)","era5",,"modeled_reanalysis",40.75,-74,32,"2026-09-11T00:26:47.065Z",,,"land","provider default elevation adjustment","instant meteorology; precipitation sum over preceding hour ending at time","reanalysis-adapter-v1","Weather data by Open-Meteo; ERA5 by Copernicus Climate Change Service (C3S) / ECMWF","https://open-meteo.com/en/docs/historical-weather-api","https://archive-api.open-meteo.com/v1/archive?latitude=40.7128&longitude=-74.006&start_date=2020-03-01&end_date=2020-03-31&models=era5&hourly=temperature_2m%2Crelative_humidity_2m%2Cprecipitation%2Cwind_speed_10m%2Cdew_point_2m&timezone=GMT&timeformat=unixtime&temperature_unit=celsius&wind_speed_unit=ms&precipitation_unit=mm&cell_selection=land"
"new-york-march-2020",40.7128,-74.006,"2020-03-01","2020-03-31","2020-03-02T01:00:00.000Z",3.6,51,0,2.43,-5.6,"2020-03-02T00:00:00.000Z","2020-03-02T01:00:00.000Z",true,"","complete",744,744,744,"Open-Meteo","ERA5 (requested)","era5",,"modeled_reanalysis",40.75,-74,32,"2026-09-11T00:26:47.065Z",,,"land","provider default elevation adjustment","instant meteorology; precipitation sum over preceding hour ending at time","reanalysis-adapter-v1","Weather data by Open-Meteo; ERA5 by Copernicus Climate Change Service (C3S) / ECMWF","https://open-meteo.com/en/docs/historical-weather-api","https://archive-api.open-meteo.com/v1/archive?latitude=40.7128&longitude=-74.006&start_date=2020-03-01&end_date=2020-03-31&models=era5&hourly=temperature_2m%2Crelative_humidity_2m%2Cprecipitation%2Cwind_speed_10m%2Cdew_point_2m&timezone=GMT&timeformat=unixtime&temperature_unit=celsius&wind_speed_unit=ms&precipitation_unit=mm&cell_selection=land"
"new-york-march-2020",40.7128,-74.006,"2020-03-01","2020-03-31","2020-03-02T02:00:00.000Z",2.8,57,0,2.21,-4.9,"2020-03-02T01:00:00.000Z","2020-03-02T02:00:00.000Z",true,"","complete",744,744,744,"Open-Meteo","ERA5 (requested)","era5",,"modeled_reanalysis",40.75,-74,32,"2026-09-11T00:26:47.065Z",,,"land","provider default elevation adjustment","instant meteorology; precipitation sum over preceding hour ending at time","reanalysis-adapter-v1","Weather data by Open-Meteo; ERA5 by Copernicus Climate Change Service (C3S) / ECMWF","https://open-meteo.com/en/docs/historical-weather-api","https://archive-api.open-meteo.com/v1/archive?latitude=40.7128&longitude=-74.006&start_date=2020-03-01&end_date=2020-03-31&models=era5&hourly=temperature_2m%2Crelative_humidity_2m%2Cprecipitation%2Cwind_speed_10m%2Cdew_point_2m&timezone=GMT&timeformat=unixtime&temperature_unit=celsius&wind_speed_unit=ms&precipitation_unit=mm&cell_selection=land"
"new-york-march-2020",40.7128,-74.006,"2020-03-01","2020-03-31","2020-03-02T03:00:00.000Z",1.9,64,0,2.13,-4.2,"2020-03-02T02:00:00.000Z","2020-03-02T03:00:00.000Z",true,"","complete",744,744,744,"Open-Meteo","ERA5 (requested)","era5",,"modeled_reanalysis",40.75,-74,32,"2026-09-11T00:26:47.065Z",,,"land","provider default elevation adjustment","instant meteorology; precipitation sum over preceding hour ending at time","reanalysis-adapter-v1","Weather data by Open-Meteo; ERA5 by Copernicus Climate Change Service (C3S) / ECMWF","https://open-meteo.com/en/docs/historical-weather-api","https://archive-api.open-meteo.com/v1/archive?latitude=40.7128&longitude=-74.006&start_date=2020-03-01&end_date=2020-03-31&models=era5&hourly=temperature_2m%2Crelative_humidity_2m%2Cprecipitation%2Cwind_speed_10m%2Cdew_point_2m&timezone=GMT&timeformat=unixtime&temperature_unit=celsius&wind_speed_unit=ms&precipitation_unit=mm&cell_selection=land"
"new-york-march-2020",40.7128,-74.006,"2020-03-01","2020-03-31","2020-03-02T04:00:00.000Z",1.5,67,0,2,-3.9,"2020-03-02T03:00:00.000Z","2020-03-02T04:00:00.000Z",true,"","complete",744,744,744,"Open-Meteo","ERA5 (requested)","era5",,"modeled_reanalysis",40.75,-74,32,"2026-09-11T00:26:47.065Z",,,"land","provider default elevation adjustment","instant meteorology; precipitation sum over preceding hour ending at time","reanalysis-adapter-v1","Weather data by Open-Meteo; ERA5 by Copernicus Climate Change Service (C3S) / ECMWF","https://open-meteo.com/en/docs/historical-weather-api","https://archive-api.open-meteo.com/v1/archive?latitude=40.7128&longitude=-74.006&start_date=2020-03-01&end_date=2020-03-31&models=era5&hourly=temperature_2m%2Crelative_humidity_2m%2Cprecipitation%2Cwind_speed_10m%2Cdew_point_2m&timezone=GMT&timeformat=unixtime&temperature_unit=celsius&wind_speed_unit=ms&precipitation_unit=mm&cell_selection=land"
"new-york-march-2020",40.7128,-74.006,"2020-03-01","2020-03-31","2020-03-02T05:00:00.000Z",1.1,69,0,1.97,-3.9,"2020-03-02T04:00:00.000Z","2020-03-02T05:00:00.000Z",true,"","complete",744,744,744,"Open-Meteo","ERA5 (requested)","era5",,"modeled_reanalysis",40.75,-74,32,"2026-09-11T00:26:47.065Z",,,"land","provider default elevation adjustment","instant meteorology; precipitation sum over preceding hour ending at time","reanalysis-adapter-v1","Weather data by Open-Meteo; ERA5 by Copernicus Climate Change Service (C3S) / ECMWF","https://open-meteo.com/en/docs/historical-weather-api","https://archive-api.open-meteo.com/v1/archive?latitude=40.7128&longitude=-74.006&start_date=2020-03-01&end_date=2020-03-31&models=era5&hourly=temperature_2m%2Crelative_humidity_2m%2Cprecipitation%2Cwind_speed_10m%2Cdew_point_2m&timezone=GMT&timeformat=unixtime&temperature_unit=celsius&wind_speed_unit=ms&precipitation_unit=mm&cell_selection=land"
"new-york-march-2020",40.7128,-74.006,"2020-03-01","2020-03-31","2020-03-02T06:00:00.000Z",0.9,68,0,2.62,-4.4,"2020-03-02T05:00:00.000Z","2020-03-02T06:00:00.000Z",true,"","complete",744,744,744,"Open-Meteo","ERA5 (requested)","era5",,"modeled_reanalysis",40.75,-74,32,"2026-09-11T00:26:47.065Z",,,"land","provider default elevation adjustment","instant meteorology; precipitation sum over preceding hour ending at time","reanalysis-adapter-v1","Weather data by Open-Meteo; ERA5 by Copernicus Climate Change Service (C3S) / ECMWF","https://open-meteo.com/en/docs/historical-weather-api","https://archive-api.open-meteo.com/v1/archive?latitude=40.7128&longitude=-74.006&start_date=2020-03-01&end_date=2020-03-31&models=era5&hourly=temperature_2m%2Crelative_humidity_2m%2Cprecipitation%2Cwind_speed_10m%2Cdew_point_2m&timezone=GMT&timeformat=unixtime&temperature_unit=celsius&wind_speed_unit=ms&precipitation_unit=mm&cell_selection=land"
"new-york-march-2020",40.7128,-74.006,"2020-03-01","2020-03-31","2020-03-02T07:00:00.000Z",0.6,69,0,2.82,-4.5,"2020-03-02T06:00:00.000Z","2020-03-02T07:00:00.000Z",true,"","complete",744,744,744,"Open-Meteo","ERA5 (requested)","era5",,"modeled_reanalysis",40.75,-74,32,"2026-09-11T00:26:47.065Z",,,"land","provider default elevation adjustment","instant meteorology; precipitation sum over preceding hour ending at time","reanalysis-adapter-v1","Weather data by Open-Meteo; ERA5 by Copernicus Climate Change Service (C3S) / ECMWF","https://open-meteo.com/en/docs/historical-weather-api","https://archive-api.open-meteo.com/v1/archive?latitude=40.7128&longitude=-74.006&start_date=2020-03-01&end_date=2020-03-31&models=era5&hourly=temperature_2m%2Crelative_humidity_2m%2Cprecipitation%2Cwind_speed_10m%2Cdew_point_2m&timezone=GMT&timeformat=unixtime&temperature_unit=celsius&wind_speed_unit=ms&precipitation_unit=mm&cell_selection=land"
"new-york-march-2020",40.7128,-74.006,"2020-03-01","2020-03-31","2020-03-02T08:00:00.000Z",0.8,68,0,2.89,-4.4,"2020-03-02T07:00:00.000Z","2020-03-02T08:00:00.000Z",true,"","complete",744,744,744,"Open-Meteo","ERA5 (requested)","era5",,"modeled_reanalysis",40.75,-74,32,"2026-09-11T00:26:47.065Z",,,"land","provider default elevation adjustment","instant meteorology; precipitation sum over preceding hour ending at time","reanalysis-adapter-v1","Weather data by Open-Meteo; ERA5 by Copernicus Climate Change Service (C3S) / ECMWF","https://open-meteo.com/en/docs/historical-weather-api","https://archive-api.open-meteo.com/v1/archive?latitude=40.7128&longitude=-74.006&start_date=2020-03-01&end_date=2020-03-31&models=era5&hourly=temperature_2m%2Crelative_humidity_2m%2Cprecipitation%2Cwind_speed_10m%2Cdew_point_2m&timezone=GMT&timeformat=unixtime&temperature_unit=celsius&wind_speed_unit=ms&precipitation_unit=mm&cell_selection=land"
"new-york-march-2020",40.7128,-74.006,"2020-03-01","2020-03-31","2020-03-02T09:00:00.000Z",0.4,71,0,3.13,-4.2,"2020-03-02T08:00:00.000Z","2020-03-02T09:00:00.000Z",true,"","complete",744,744,744,"Open-Meteo","ERA5 (requested)","era5",,"modeled_reanalysis",40.75,-74,32,"2026-09-11T00:26:47.065Z",,,"land","provider default elevation adjustment","instant meteorology; precipitation sum over preceding hour ending at time","reanalysis-adapter-v1","Weather data by Open-Meteo; ERA5 by Copernicus Climate Change Service (C3S) / ECMWF","https://open-meteo.com/en/docs/historical-weather-api","https://archive-api.open-meteo.com/v1/archive?latitude=40.7128&longitude=-74.006&start_date=2020-03-01&end_date=2020-03-31&models=era5&hourly=temperature_2m%2Crelative_humidity_2m%2Cprecipitation%2Cwind_speed_10m%2Cdew_point_2m&timezone=GMT&timeformat=unixtime&temperature_unit=celsius&wind_speed_unit=ms&precipitation_unit=mm&cell_selection=land"
"new-york-march-2020",40.7128,-74.006,"2020-03-01","2020-03-31","2020-03-02T10:00:00.000Z",1.3,74,0,2.4,-2.9,"2020-03-02T09:00:00.000Z","2020-03-02T10:00:00.000Z",true,"","complete",744,744,744,"Open-Meteo","ERA5 (requested)","era5",,"modeled_reanalysis",40.75,-74,32,"2026-09-11T00:26:47.065Z",,,"land","provider default elevation adjustment","instant meteorology; precipitation sum over preceding hour ending at time","reanalysis-adapter-v1","Weather data by Open-Meteo; ERA5 by Copernicus Climate Change Service (C3S) / ECMWF","https://open-meteo.com/en/docs/historical-weather-api","https://archive-api.open-meteo.com/v1/archive?latitude=40.7128&longitude=-74.006&start_date=2020-03-01&end_date=2020-03-31&models=era5&hourly=temperature_2m%2Crelative_humidity_2m%2Cprecipitation%2Cwind_speed_10m%2Cdew_point_2m&timezone=GMT&timeformat=unixtime&temperature_unit=celsius&wind_speed_unit=ms&precipitation_unit=mm&cell_selection=land"
"new-york-march-2020",40.7128,-74.006,"2020-03-01","2020-03-31","2020-03-02T11:00:00.000Z",1.4,76,0,2.7,-2.3,"2020-03-02T10:00:00.000Z","2020-03-02T11:00:00.000Z",true,"","complete",744,744,744,"Open-Meteo","ERA5 (requested)","era5",,"modeled_reanalysis",40.75,-74,32,"2026-09-11T00:26:47.065Z",,,"land","provider default elevation adjustment","instant meteorology; precipitation sum over preceding hour ending at time","reanalysis-adapter-v1","Weather data by Open-Meteo; ERA5 by Copernicus Climate Change Service (C3S) / ECMWF","https://open-meteo.com/en/docs/historical-weather-api","https://archive-api.open-meteo.com/v1/archive?latitude=40.7128&longitude=-74.006&start_date=2020-03-01&end_date=2020-03-31&models=era5&hourly=temperature_2m%2Crelative_humidity_2m%2Cprecipitation%2Cwind_speed_10m%2Cdew_point_2m&timezone=GMT&timeformat=unixtime&temperature_unit=celsius&wind_speed_unit=ms&precipitation_unit=mm&cell_selection=land"
"new-york-march-2020",40.7128,-74.006,"2020-03-01","2020-03-31","2020-03-02T12:00:00.000Z",1.8,79,0,2.73,-1.5,"2020-03-02T11:00:00.000Z","2020-03-02T12:00:00.000Z",true,"","complete",744,744,744,"Open-Meteo","ERA5 (requested)","era5",,"modeled_reanalysis",40.75,-74,32,"2026-09-11T00:26:47.065Z",,,"land","provider default elevation adjustment","instant meteorology; precipitation sum over preceding hour ending at time","reanalysis-adapter-v1","Weather data by Open-Meteo; ERA5 by Copernicus Climate Change Service (C3S) / ECMWF","https://open-meteo.com/en/docs/historical-weather-api","https://archive-api.open-meteo.com/v1/archive?latitude=40.7128&longitude=-74.006&start_date=2020-03-01&end_date=2020-03-31&models=era5&hourly=temperature_2m%2Crelative_humidity_2m%2Cprecipitation%2Cwind_speed_10m%2Cdew_point_2m&timezone=GMT&timeformat=unixtime&temperature_unit=celsius&wind_speed_unit=ms&precipitation_unit=mm&cell_selection=land"
"new-york-march-2020",40.7128,-74.006,"2020-03-01","2020-03-31","2020-03-02T13:00:00.000Z",2.9,78,0,2.85,-0.5,"2020-03-02T12:00:00.000Z","2020-03-02T13:00:00.000Z",true,"","complete",744,744,744,"Open-Meteo","ERA5 (requested)","era5",,"modeled_reanalysis",40.75,-74,32,"2026-09-11T00:26:47.065Z",,,"land","provider default elevation adjustment","instant meteorology; precipitation sum over preceding hour ending at time","reanalysis-adapter-v1","Weather data by Open-Meteo; ERA5 by Copernicus Climate Change Service (C3S) / ECMWF","https://open-meteo.com/en/docs/historical-weather-api","https://archive-api.open-meteo.com/v1/archive?latitude=40.7128&longitude=-74.006&start_date=2020-03-01&end_date=2020-03-31&models=era5&hourly=temperature_2m%2Crelative_humidity_2m%2Cprecipitation%2Cwind_speed_10m%2Cdew_point_2m&timezone=GMT&timeformat=unixtime&temperature_unit=celsius&wind_speed_unit=ms&precipitation_unit=mm&cell_selection=land"
"new-york-march-2020",40.7128,-74.006,"2020-03-01","2020-03-31","2020-03-02T14:00:00.000Z",4.8,69,0,2.79,-0.3,"2020-03-02T13:00:00.000Z","2020-03-02T14:00:00.000Z",true,"","complete",744,744,744,"Open-Meteo","ERA5 (requested)","era5",,"modeled_reanalysis",40.75,-74,32,"2026-09-11T00:26:47.065Z",,,"land","provider default elevation adjustment","instant meteorology; precipitation sum over preceding hour ending at time","reanalysis-adapter-v1","Weather data by Open-Meteo; ERA5 by Copernicus Climate Change Service (C3S) / ECMWF","https://open-meteo.com/en/docs/historical-weather-api","https://archive-api.open-meteo.com/v1/archive?latitude=40.7128&longitude=-74.006&start_date=2020-03-01&end_date=2020-03-31&models=era5&hourly=temperature_2m%2Crelative_humidity_2m%2Cprecipitation%2Cwind_speed_10m%2Cdew_point_2m&timezone=GMT&timeformat=unixtime&temperature_unit=celsius&wind_speed_unit=ms&precipitation_unit=mm&cell_selection=land"
"new-york-march-2020",40.7128,-74.006,"2020-03-01","2020-03-31","2020-03-02T15:00:00.000Z",7.3,56,0,3.18,-0.9,"2020-03-02T14:00:00.000Z","2020-03-02T15:00:00.000Z",true,"","complete",744,744,744,"Open-Meteo","ERA5 (requested)","era5",,"modeled_reanalysis",40.75,-74,32,"2026-09-11T00:26:47.065Z",,,"land","provider default elevation adjustment","instant meteorology; precipitation sum over preceding hour ending at time","reanalysis-adapter-v1","Weather data by Open-Meteo; ERA5 by Copernicus Climate Change Service (C3S) / ECMWF","https://open-meteo.com/en/docs/historical-weather-api","https://archive-api.open-meteo.com/v1/archive?latitude=40.7128&longitude=-74.006&start_date=2020-03-01&end_date=2020-03-31&models=era5&hourly=temperature_2m%2Crelative_humidity_2m%2Cprecipitation%2Cwind_speed_10m%2Cdew_point_2m&timezone=GMT&timeformat=unixtime&temperature_unit=celsius&wind_speed_unit=ms&precipitation_unit=mm&cell_selection=land"
"new-york-march-2020",40.7128,-74.006,"2020-03-01","2020-03-31","2020-03-02T16:00:00.000Z",9.1,50,0,3.41,-0.8,"2020-03-02T15:00:00.000Z","2020-03-02T16:00:00.000Z",true,"","complete",744,744,744,"Open-Meteo","ERA5 (requested)","era5",,"modeled_reanalysis",40.75,-74,32,"2026-09-11T00:26:47.065Z",,,"land","provider default elevation adjustment","instant meteorology; precipitation sum over preceding hour ending at time","reanalysis-adapter-v1","Weather data by Open-Meteo; ERA5 by Copernicus Climate Change Service (C3S) / ECMWF","https://open-meteo.com/en/docs/historical-weather-api","https://archive-api.open-meteo.com/v1/archive?latitude=40.7128&longitude=-74.006&start_date=2020-03-01&end_date=2020-03-31&models=era5&hourly=temperature_2m%2Crelative_humidity_2m%2Cprecipitation%2Cwind_speed_10m%2Cdew_point_2m&timezone=GMT&timeformat=unixtime&temperature_unit=celsius&wind_speed_unit=ms&precipitation_unit=mm&cell_selection=land"
"new-york-march-2020",40.7128,-74.006,"2020-03-01","2020-03-31","2020-03-02T17:00:00.000Z",10.5,46,0,3.58,-0.6,"2020-03-02T16:00:00.000Z","2020-03-02T17:00:00.000Z",true,"","complete",744,744,744,"Open-Meteo","ERA5 (requested)","era5",,"modeled_reanalysis",40.75,-74,32,"2026-09-11T00:26:47.065Z",,,"land","provider default elevation adjustment","instant meteorology; precipitation sum over preceding hour ending at time","reanalysis-adapter-v1","Weather data by Open-Meteo; ERA5 by Copernicus Climate Change Service (C3S) / ECMWF","https://open-meteo.com/en/docs/historical-weather-api","https://archive-api.open-meteo.com/v1/archive?latitude=40.7128&longitude=-74.006&start_date=2020-03-01&end_date=2020-03-31&models=era5&hourly=temperature_2m%2Crelative_humidity_2m%2Cprecipitation%2Cwind_speed_10m%2Cdew_point_2m&timezone=GMT&timeformat=unixtime&temperature_unit=celsius&wind_speed_unit=ms&precipitation_unit=mm&cell_selection=land"
"new-york-march-2020",40.7128,-74.006,"2020-03-01","2020-03-31","2020-03-02T18:00:00.000Z",11.9,43,0,3.64,-0.2,"2020-03-02T17:00:00.000Z","2020-03-02T18:00:00.000Z",true,"","complete",744,744,744,"Open-Meteo","ERA5 (requested)","era5",,"modeled_reanalysis",40.75,-74,32,"2026-09-11T00:26:47.065Z",,,"land","provider default elevation adjustment","instant meteorology; precipitation sum over preceding hour ending at time","reanalysis-adapter-v1","Weather data by Open-Meteo; ERA5 by Copernicus Climate Change Service (C3S) / ECMWF","https://open-meteo.com/en/docs/historical-weather-api","https://archive-api.open-meteo.com/v1/archive?latitude=40.7128&longitude=-74.006&start_date=2020-03-01&end_date=2020-03-31&models=era5&hourly=temperature_2m%2Crelative_humidity_2m%2Cprecipitation%2Cwind_speed_10m%2Cdew_point_2m&timezone=GMT&timeformat=unixtime&temperature_unit=celsius&wind_speed_unit=ms&precipitation_unit=mm&cell_selection=land"
"new-york-march-2020",40.7128,-74.006,"2020-03-01","2020-03-31","2020-03-02T19:00:00.000Z",12.8,41,0,3.81,0,"2020-03-02T18:00:00.000Z","2020-03-02T19:00:00.000Z",true,"","complete",744,744,744,"Open-Meteo","ERA5 (requested)","era5",,"modeled_reanalysis",40.75,-74,32,"2026-09-11T00:26:47.065Z",,,"land","provider default elevation adjustment","instant meteorology; precipitation sum over preceding hour ending at time","reanalysis-adapter-v1","Weather data by Open-Meteo; ERA5 by Copernicus Climate Change Service (C3S) / ECMWF","https://open-meteo.com/en/docs/historical-weather-api","https://archive-api.open-meteo.com/v1/archive?latitude=40.7128&longitude=-74.006&start_date=2020-03-01&end_date=2020-03-31&models=era5&hourly=temperature_2m%2Crelative_humidity_2m%2Cprecipitation%2Cwind_speed_10m%2Cdew_point_2m&timezone=GMT&timeformat=unixtime&temperature_unit=celsius&wind_speed_unit=ms&precipitation_unit=mm&cell_selection=land"
"new-york-march-2020",40.7128,-74.006,"2020-03-01","2020-03-31","2020-03-02T20:00:00.000Z",13.2,42,0,4.1,0.7,"2020-03-02T19:00:00.000Z","2020-03-02T20:00:00.000Z",true,"","complete",744,744,744,"Open-Meteo","ERA5 (requested)","era5",,"modeled_reanalysis",40.75,-74,32,"2026-09-11T00:26:47.065Z",,,"land","provider default elevation adjustment","instant meteorology; precipitation sum over preceding hour ending at time","reanalysis-adapter-v1","Weather data by Open-Meteo; ERA5 by Copernicus Climate Change Service (C3S) / ECMWF","https://open-meteo.com/en/docs/historical-weather-api","https://archive-api.open-meteo.com/v1/archive?latitude=40.7128&longitude=-74.006&start_date=2020-03-01&end_date=2020-03-31&models=era5&hourly=temperature_2m%2Crelative_humidity_2m%2Cprecipitation%2Cwind_speed_10m%2Cdew_point_2m&timezone=GMT&timeformat=unixtime&temperature_unit=celsius&wind_speed_unit=ms&precipitation_unit=mm&cell_selection=land"
"new-york-march-2020",40.7128,-74.006,"2020-03-01","2020-03-31","2020-03-02T21:00:00.000Z",13,44,0,3.8,1.1,"2020-03-02T20:00:00.000Z","2020-03-02T21:00:00.000Z",true,"","complete",744,744,744,"Open-Meteo","ERA5 (requested)","era5",,"modeled_reanalysis",40.75,-74,32,"2026-09-11T00:26:47.065Z",,,"land","provider default elevation adjustment","instant meteorology; precipitation sum over preceding hour ending at time","reanalysis-adapter-v1","Weather data by Open-Meteo; ERA5 by Copernicus Climate Change Service (C3S) / ECMWF","https://open-meteo.com/en/docs/historical-weather-api","https://archive-api.open-meteo.com/v1/archive?latitude=40.7128&longitude=-74.006&start_date=2020-03-01&end_date=2020-03-31&models=era5&hourly=temperature_2m%2Crelative_humidity_2m%2Cprecipitation%2Cwind_speed_10m%2Cdew_point_2m&timezone=GMT&timeformat=unixtime&temperature_unit=celsius&wind_speed_unit=ms&precipitation_unit=mm&cell_selection=land"
"new-york-march-2020",40.7128,-74.006,"2020-03-01","2020-03-31","2020-03-02T22:00:00.000Z",12,49,0,3.75,1.6,"2020-03-02T21:00:00.000Z","2020-03-02T22:00:00.000Z",true,"","complete",744,744,744,"Open-Meteo","ERA5 (requested)","era5",,"modeled_reanalysis",40.75,-74,32,"2026-09-11T00:26:47.065Z",,,"land","provider default elevation adjustment","instant meteorology; precipitation sum over preceding hour ending at time","reanalysis-adapter-v1","Weather data by Open-Meteo; ERA5 by Copernicus Climate Change Service (C3S) / ECMWF","https://open-meteo.com/en/docs/historical-weather-api","https://archive-api.open-meteo.com/v1/archive?latitude=40.7128&longitude=-74.006&start_date=2020-03-01&end_date=2020-03-31&models=era5&hourly=temperature_2m%2Crelative_humidity_2m%2Cprecipitation%2Cwind_speed_10m%2Cdew_point_2m&timezone=GMT&timeformat=unixtime&temperature_unit=celsius&wind_speed_unit=ms&precipitation_unit=mm&cell_selection=land"
"new-york-march-2020",40.7128,-74.006,"2020-03-01","2020-03-31","2020-03-02T23:00:00.000Z",12.2,47,0,4.55,1.2,"2020-03-02T22:00:00.000Z","2020-03-02T23:00:00.000Z",true,"","complete",744,744,744,"Open-Meteo","ERA5 (requested)","era5",,"modeled_reanalysis",40.75,-74,32,"2026-09-11T00:26:47.065Z",,,"land","provider default elevation adjustment","instant meteorology; precipitation sum over preceding hour ending at time","reanalysis-adapter-v1","Weather data by Open-Meteo; ERA5 by Copernicus Climate Change Service (C3S) / ECMWF","https://open-meteo.com/en/docs/historical-weather-api","https://archive-api.open-meteo.com/v1/archive?latitude=40.7128&longitude=-74.006&start_date=2020-03-01&end_date=2020-03-31&models=era5&hourly=temperature_2m%2Crelative_humidity_2m%2Cprecipitation%2Cwind_speed_10m%2Cdew_point_2m&timezone=GMT&timeformat=unixtime&temperature_unit=celsius&wind_speed_unit=ms&precipitation_unit=mm&cell_selection=land"
"new-york-march-2020",40.7128,-74.006,"2020-03-01","2020-03-31","2020-03-03T00:00:00.000Z",11.9,48,0,4.98,1.2,"2020-03-02T23:00:00.000Z","2020-03-03T00:00:00.000Z",true,"","complete",744,744,744,"Open-Meteo","ERA5 (requested)","era5",,"modeled_reanalysis",40.75,-74,32,"2026-09-11T00:26:47.065Z",,,"land","provider default elevation adjustment","instant meteorology; precipitation sum over preceding hour ending at time","reanalysis-adapter-v1","Weather data by Open-Meteo; ERA5 by Copernicus Climate Change Service (C3S) / ECMWF","https://open-meteo.com/en/docs/historical-weather-api","https://archive-api.open-meteo.com/v1/archive?latitude=40.7128&longitude=-74.006&start_date=2020-03-01&end_date=2020-03-31&models=era5&hourly=temperature_2m%2Crelative_humidity_2m%2Cprecipitation%2Cwind_speed_10m%2Cdew_point_2m&timezone=GMT&timeformat=unixtime&temperature_unit=celsius&wind_speed_unit=ms&precipitation_unit=mm&cell_selection=land"
"new-york-march-2020",40.7128,-74.006,"2020-03-01","2020-03-31","2020-03-03T01:00:00.000Z",11.9,49,0,5.73,1.5,"2020-03-03T00:00:00.000Z","2020-03-03T01:00:00.000Z",true,"","complete",744,744,744,"Open-Meteo","ERA5 (requested)","era5",,"modeled_reanalysis",40.75,-74,32,"2026-09-11T00:26:47.065Z",,,"land","provider default elevation adjustment","instant meteorology; precipitation sum over preceding hour ending at time","reanalysis-adapter-v1","Weather data by Open-Meteo; ERA5 by Copernicus Climate Change Service (C3S) / ECMWF","https://open-meteo.com/en/docs/historical-weather-api","https://archive-api.open-meteo.com/v1/archive?latitude=40.7128&longitude=-74.006&start_date=2020-03-01&end_date=2020-03-31&models=era5&hourly=temperature_2m%2Crelative_humidity_2m%2Cprecipitation%2Cwind_speed_10m%2Cdew_point_2m&timezone=GMT&timeformat=unixtime&temperature_unit=celsius&wind_speed_unit=ms&precipitation_unit=mm&cell_selection=land"
"new-york-march-2020",40.7128,-74.006,"2020-03-01","2020-03-31","2020-03-03T02:00:00.000Z",11.8,50,0.1,4.88,1.8,"2020-03-03T01:00:00.000Z","2020-03-03T02:00:00.000Z",true,"","complete",744,744,744,"Open-Meteo","ERA5 (requested)","era5",,"modeled_reanalysis",40.75,-74,32,"2026-09-11T00:26:47.065Z",,,"land","provider default elevation adjustment","instant meteorology; precipitation sum over preceding hour ending at time","reanalysis-adapter-v1","Weather data by Open-Meteo; ERA5 by Copernicus Climate Change Service (C3S) / ECMWF","https://open-meteo.com/en/docs/historical-weather-api","https://archive-api.open-meteo.com/v1/archive?latitude=40.7128&longitude=-74.006&start_date=2020-03-01&end_date=2020-03-31&models=era5&hourly=temperature_2m%2Crelative_humidity_2m%2Cprecipitation%2Cwind_speed_10m%2Cdew_point_2m&timezone=GMT&timeformat=unixtime&temperature_unit=celsius&wind_speed_unit=ms&precipitation_unit=mm&cell_selection=land"
"new-york-march-2020",40.7128,-74.006,"2020-03-01","2020-03-31","2020-03-03T03:00:00.000Z",11.4,59,0,4.74,3.7,"2020-03-03T02:00:00.000Z","2020-03-03T03:00:00.000Z",true,"","complete",744,744,744,"Open-Meteo","ERA5 (requested)","era5",,"modeled_reanalysis",40.75,-74,32,"2026-09-11T00:26:47.065Z",,,"land","provider default elevation adjustment","instant meteorology; precipitation sum over preceding hour ending at time","reanalysis-adapter-v1","Weather data by Open-Meteo; ERA5 by Copernicus Climate Change Service (C3S) / ECMWF","https://open-meteo.com/en/docs/historical-weather-api","https://archive-api.open-meteo.com/v1/archive?latitude=40.7128&longitude=-74.006&start_date=2020-03-01&end_date=2020-03-31&models=era5&hourly=temperature_2m%2Crelative_humidity_2m%2Cprecipitation%2Cwind_speed_10m%2Cdew_point_2m&timezone=GMT&timeformat=unixtime&temperature_unit=celsius&wind_speed_unit=ms&precipitation_unit=mm&cell_selection=land"
"new-york-march-2020",40.7128,-74.006,"2020-03-01","2020-03-31","2020-03-03T04:00:00.000Z",11.4,61,0.1,4.89,4.1,"2020-03-03T03:00:00.000Z","2020-03-03T04:00:00.000Z",true,"","complete",744,744,744,"Open-Meteo","ERA5 (requested)","era5",,"modeled_reanalysis",40.75,-74,32,"2026-09-11T00:26:47.065Z",,,"land","provider default elevation adjustment","instant meteorology; precipitation sum over preceding hour ending at time","reanalysis-adapter-v1","Weather data by Open-Meteo; ERA5 by Copernicus Climate Change Service (C3S) / ECMWF","https://open-meteo.com/en/docs/historical-weather-api","https://archive-api.open-meteo.com/v1/archive?latitude=40.7128&longitude=-74.006&start_date=2020-03-01&end_date=2020-03-31&models=era5&hourly=temperature_2m%2Crelative_humidity_2m%2Cprecipitation%2Cwind_speed_10m%2Cdew_point_2m&timezone=GMT&timeformat=unixtime&temperature_unit=celsius&wind_speed_unit=ms&precipitation_unit=mm&cell_selection=land"
"new-york-march-2020",40.7128,-74.006,"2020-03-01","2020-03-31","2020-03-03T05:00:00.000Z",11.6,68,0.6,4.95,6,"2020-03-03T04:00:00.000Z","2020-03-03T05:00:00.000Z",true,"","complete",744,744,744,"Open-Meteo","ERA5 (requested)","era5",,"modeled_reanalysis",40.75,-74,32,"2026-09-11T00:26:47.065Z",,,"land","provider default elevation adjustment","instant meteorology; precipitation sum over preceding hour ending at time","reanalysis-adapter-v1","Weather data by Open-Meteo; ERA5 by Copernicus Climate Change Service (C3S) / ECMWF","https://open-meteo.com/en/docs/historical-weather-api","https://archive-api.open-meteo.com/v1/archive?latitude=40.7128&longitude=-74.006&start_date=2020-03-01&end_date=2020-03-31&models=era5&hourly=temperature_2m%2Crelative_humidity_2m%2Cprecipitation%2Cwind_speed_10m%2Cdew_point_2m&timezone=GMT&timeformat=unixtime&temperature_unit=celsius&wind_speed_unit=ms&precipitation_unit=mm&cell_selection=land"
"new-york-march-2020",40.7128,-74.006,"2020-03-01","2020-03-31","2020-03-03T06:00:00.000Z",10.7,74,0.8,4.11,6.3,"2020-03-03T05:00:00.000Z","2020-03-03T06:00:00.000Z",true,"","complete",744,744,744,"Open-Meteo","ERA5 (requested)","era5",,"modeled_reanalysis",40.75,-74,32,"2026-09-11T00:26:47.065Z",,,"land","provider default elevation adjustment","instant meteorology; precipitation sum over preceding hour ending at time","reanalysis-adapter-v1","Weather data by Open-Meteo; ERA5 by Copernicus Climate Change Service (C3S) / ECMWF","https://open-meteo.com/en/docs/historical-weather-api","https://archive-api.open-meteo.com/v1/archive?latitude=40.7128&longitude=-74.006&start_date=2020-03-01&end_date=2020-03-31&models=era5&hourly=temperature_2m%2Crelative_humidity_2m%2Cprecipitation%2Cwind_speed_10m%2Cdew_point_2m&timezone=GMT&timeformat=unixtime&temperature_unit=celsius&wind_speed_unit=ms&precipitation_unit=mm&cell_selection=land"
"new-york-march-2020",40.7128,-74.006,"2020-03-01","2020-03-31","2020-03-03T07:00:00.000Z",10.4,76,0.5,3.19,6.3,"2020-03-03T06:00:00.000Z","2020-03-03T07:00:00.000Z",true,"","complete",744,744,744,"Open-Meteo","ERA5 (requested)","era5",,"modeled_reanalysis",40.75,-74,32,"2026-09-11T00:26:47.065Z",,,"land","provider default elevation adjustment","instant meteorology; precipitation sum over preceding hour ending at time","reanalysis-adapter-v1","Weather data by Open-Meteo; ERA5 by Copernicus Climate Change Service (C3S) / ECMWF","https://open-meteo.com/en/docs/historical-weather-api","https://archive-api.open-meteo.com/v1/archive?latitude=40.7128&longitude=-74.006&start_date=2020-03-01&end_date=2020-03-31&models=era5&hourly=temperature_2m%2Crelative_humidity_2m%2Cprecipitation%2Cwind_speed_10m%2Cdew_point_2m&timezone=GMT&timeformat=unixtime&temperature_unit=celsius&wind_speed_unit=ms&precipitation_unit=mm&cell_selection=land"
"new-york-march-2020",40.7128,-74.006,"2020-03-01","2020-03-31","2020-03-03T08:00:00.000Z",9.9,78,0.4,2.76,6.2,"2020-03-03T07:00:00.000Z","2020-03-03T08:00:00.000Z",true,"","complete",744,744,744,"Open-Meteo","ERA5 (requested)","era5",,"modeled_reanalysis",40.75,-74,32,"2026-09-11T00:26:47.065Z",,,"land","provider default elevation adjustment","instant meteorology; precipitation sum over preceding hour ending at time","reanalysis-adapter-v1","Weather data by Open-Meteo; ERA5 by Copernicus Climate Change Service (C3S) / ECMWF","https://open-meteo.com/en/docs/historical-weather-api","https://archive-api.open-meteo.com/v1/archive?latitude=40.7128&longitude=-74.006&start_date=2020-03-01&end_date=2020-03-31&models=era5&hourly=temperature_2m%2Crelative_humidity_2m%2Cprecipitation%2Cwind_speed_10m%2Cdew_point_2m&timezone=GMT&timeformat=unixtime&temperature_unit=celsius&wind_speed_unit=ms&precipitation_unit=mm&cell_selection=land"
"new-york-march-2020",40.7128,-74.006,"2020-03-01","2020-03-31","2020-03-03T09:00:00.000Z",9.1,83,0.1,2.2,6.4,"2020-03-03T08:00:00.000Z","2020-03-03T09:00:00.000Z",true,"","complete",744,744,744,"Open-Meteo","ERA5 (requested)","era5",,"modeled_reanalysis",40.75,-74,32,"2026-09-11T00:26:47.065Z",,,"land","provider default elevation adjustment","instant meteorology; precipitation sum over preceding hour ending at time","reanalysis-adapter-v1","Weather data by Open-Meteo; ERA5 by Copernicus Climate Change Service (C3S) / ECMWF","https://open-meteo.com/en/docs/historical-weather-api","https://archive-api.open-meteo.com/v1/archive?latitude=40.7128&longitude=-74.006&start_date=2020-03-01&end_date=2020-03-31&models=era5&hourly=temperature_2m%2Crelative_humidity_2m%2Cprecipitation%2Cwind_speed_10m%2Cdew_point_2m&timezone=GMT&timeformat=unixtime&temperature_unit=celsius&wind_speed_unit=ms&precipitation_unit=mm&cell_selection=land"
"new-york-march-2020",40.7128,-74.006,"2020-03-01","2020-03-31","2020-03-03T10:00:00.000Z",8,89,0,2.51,6.2,"2020-03-03T09:00:00.000Z","2020-03-03T10:00:00.000Z",true,"","complete",744,744,744,"Open-Meteo","ERA5 (requested)","era5",,"modeled_reanalysis",40.75,-74,32,"2026-09-11T00:26:47.065Z",,,"land","provider default elevation adjustment","instant meteorology; precipitation sum over preceding hour ending at time","reanalysis-adapter-v1","Weather data by Open-Meteo; ERA5 by Copernicus Climate Change Service (C3S) / ECMWF","https://open-meteo.com/en/docs/historical-weather-api","https://archive-api.open-meteo.com/v1/archive?latitude=40.7128&longitude=-74.006&start_date=2020-03-01&end_date=2020-03-31&models=era5&hourly=temperature_2m%2Crelative_humidity_2m%2Cprecipitation%2Cwind_speed_10m%2Cdew_point_2m&timezone=GMT&timeformat=unixtime&temperature_unit=celsius&wind_speed_unit=ms&precipitation_unit=mm&cell_selection=land"
"new-york-march-2020",40.7128,-74.006,"2020-03-01","2020-03-31","2020-03-03T11:00:00.000Z",7.9,88,0,2.28,6.1,"2020-03-03T10:00:00.000Z","2020-03-03T11:00:00.000Z",true,"","complete",744,744,744,"Open-Meteo","ERA5 (requested)","era5",,"modeled_reanalysis",40.75,-74,32,"2026-09-11T00:26:47.065Z",,,"land","provider default elevation adjustment","instant meteorology; precipitation sum over preceding hour ending at time","reanalysis-adapter-v1","Weather data by Open-Meteo; ERA5 by Copernicus Climate Change Service (C3S) / ECMWF","https://open-meteo.com/en/docs/historical-weather-api","https://archive-api.open-meteo.com/v1/archive?latitude=40.7128&longitude=-74.006&start_date=2020-03-01&end_date=2020-03-31&models=era5&hourly=temperature_2m%2Crelative_humidity_2m%2Cprecipitation%2Cwind_speed_10m%2Cdew_point_2m&timezone=GMT&timeformat=unixtime&temperature_unit=celsius&wind_speed_unit=ms&precipitation_unit=mm&cell_selection=land"
"new-york-march-2020",40.7128,-74.006,"2020-03-01","2020-03-31","2020-03-03T12:00:00.000Z",7.8,89,0,1.96,6.1,"2020-03-03T11:00:00.000Z","2020-03-03T12:00:00.000Z",true,"","complete",744,744,744,"Open-Meteo","ERA5 (requested)","era5",,"modeled_reanalysis",40.75,-74,32,"2026-09-11T00:26:47.065Z",,,"land","provider default elevation adjustment","instant meteorology; precipitation sum over preceding hour ending at time","reanalysis-adapter-v1","Weather data by Open-Meteo; ERA5 by Copernicus Climate Change Service (C3S) / ECMWF","https://open-meteo.com/en/docs/historical-weather-api","https://archive-api.open-meteo.com/v1/archive?latitude=40.7128&longitude=-74.006&start_date=2020-03-01&end_date=2020-03-31&models=era5&hourly=temperature_2m%2Crelative_humidity_2m%2Cprecipitation%2Cwind_speed_10m%2Cdew_point_2m&timezone=GMT&timeformat=unixtime&temperature_unit=celsius&wind_speed_unit=ms&precipitation_unit=mm&cell_selection=land"
"new-york-march-2020",40.7128,-74.006,"2020-03-01","2020-03-31","2020-03-03T13:00:00.000Z",9.4,87,0,1.9,7.3,"2020-03-03T12:00:00.000Z","2020-03-03T13:00:00.000Z",true,"","complete",744,744,744,"Open-Meteo","ERA5 (requested)","era5",,"modeled_reanalysis",40.75,-74,32,"2026-09-11T00:26:47.065Z",,,"land","provider default elevation adjustment","instant meteorology; precipitation sum over preceding hour ending at time","reanalysis-adapter-v1","Weather data by Open-Meteo; ERA5 by Copernicus Climate Change Service (C3S) / ECMWF","https://open-meteo.com/en/docs/historical-weather-api","https://archive-api.open-meteo.com/v1/archive?latitude=40.7128&longitude=-74.006&start_date=2020-03-01&end_date=2020-03-31&models=era5&hourly=temperature_2m%2Crelative_humidity_2m%2Cprecipitation%2Cwind_speed_10m%2Cdew_point_2m&timezone=GMT&timeformat=unixtime&temperature_unit=celsius&wind_speed_unit=ms&precipitation_unit=mm&cell_selection=land"
"new-york-march-2020",40.7128,-74.006,"2020-03-01","2020-03-31","2020-03-03T14:00:00.000Z",11.1,80,0,0.81,7.9,"2020-03-03T13:00:00.000Z","2020-03-03T14:00:00.000Z",true,"","complete",744,744,744,"Open-Meteo","ERA5 (requested)","era5",,"modeled_reanalysis",40.75,-74,32,"2026-09-11T00:26:47.065Z",,,"land","provider default elevation adjustment","instant meteorology; precipitation sum over preceding hour ending at time","reanalysis-adapter-v1","Weather data by Open-Meteo; ERA5 by Copernicus Climate Change Service (C3S) / ECMWF","https://open-meteo.com/en/docs/historical-weather-api","https://archive-api.open-meteo.com/v1/archive?latitude=40.7128&longitude=-74.006&start_date=2020-03-01&end_date=2020-03-31&models=era5&hourly=temperature_2m%2Crelative_humidity_2m%2Cprecipitation%2Cwind_speed_10m%2Cdew_point_2m&timezone=GMT&timeformat=unixtime&temperature_unit=celsius&wind_speed_unit=ms&precipitation_unit=mm&cell_selection=land"
"new-york-march-2020",40.7128,-74.006,"2020-03-01","2020-03-31","2020-03-03T15:00:00.000Z",11.5,74,0,1.5,7,"2020-03-03T14:00:00.000Z","2020-03-03T15:00:00.000Z",true,"","complete",744,744,744,"Open-Meteo","ERA5 (requested)","era5",,"modeled_reanalysis",40.75,-74,32,"2026-09-11T00:26:47.065Z",,,"land","provider default elevation adjustment","instant meteorology; precipitation sum over preceding hour ending at time","reanalysis-adapter-v1","Weather data by Open-Meteo; ERA5 by Copernicus Climate Change Service (C3S) / ECMWF","https://open-meteo.com/en/docs/historical-weather-api","https://archive-api.open-meteo.com/v1/archive?latitude=40.7128&longitude=-74.006&start_date=2020-03-01&end_date=2020-03-31&models=era5&hourly=temperature_2m%2Crelative_humidity_2m%2Cprecipitation%2Cwind_speed_10m%2Cdew_point_2m&timezone=GMT&timeformat=unixtime&temperature_unit=celsius&wind_speed_unit=ms&precipitation_unit=mm&cell_selection=land"
"new-york-march-2020",40.7128,-74.006,"2020-03-01","2020-03-31","2020-03-03T16:00:00.000Z",9.9,76,0,2.3,5.9,"2020-03-03T15:00:00.000Z","2020-03-03T16:00:00.000Z",true,"","complete",744,744,744,"Open-Meteo","ERA5 (requested)","era5",,"modeled_reanalysis",40.75,-74,32,"2026-09-11T00:26:47.065Z",,,"land","provider default elevation adjustment","instant meteorology; precipitation sum over preceding hour ending at time","reanalysis-adapter-v1","Weather data by Open-Meteo; ERA5 by Copernicus Climate Change Service (C3S) / ECMWF","https://open-meteo.com/en/docs/historical-weather-api","https://archive-api.open-meteo.com/v1/archive?latitude=40.7128&longitude=-74.006&start_date=2020-03-01&end_date=2020-03-31&models=era5&hourly=temperature_2m%2Crelative_humidity_2m%2Cprecipitation%2Cwind_speed_10m%2Cdew_point_2m&timezone=GMT&timeformat=unixtime&temperature_unit=celsius&wind_speed_unit=ms&precipitation_unit=mm&cell_selection=land"
"new-york-march-2020",40.7128,-74.006,"2020-03-01","2020-03-31","2020-03-03T17:00:00.000Z",11.8,68,0,2.84,6.1,"2020-03-03T16:00:00.000Z","2020-03-03T17:00:00.000Z",true,"","complete",744,744,744,"Open-Meteo","ERA5 (requested)","era5",,"modeled_reanalysis",40.75,-74,32,"2026-09-11T00:26:47.065Z",,,"land","provider default elevation adjustment","instant meteorology; precipitation sum over preceding hour ending at time","reanalysis-adapter-v1","Weather data by Open-Meteo; ERA5 by Copernicus Climate Change Service (C3S) / ECMWF","https://open-meteo.com/en/docs/historical-weather-api","https://archive-api.open-meteo.com/v1/archive?latitude=40.7128&longitude=-74.006&start_date=2020-03-01&end_date=2020-03-31&models=era5&hourly=temperature_2m%2Crelative_humidity_2m%2Cprecipitation%2Cwind_speed_10m%2Cdew_point_2m&timezone=GMT&timeformat=unixtime&temperature_unit=celsius&wind_speed_unit=ms&precipitation_unit=mm&cell_selection=land"
"new-york-march-2020",40.7128,-74.006,"2020-03-01","2020-03-31","2020-03-03T18:00:00.000Z",11.5,69,0,2.69,5.9,"2020-03-03T17:00:00.000Z","2020-03-03T18:00:00.000Z",true,"","complete",744,744,744,"Open-Meteo","ERA5 (requested)","era5",,"modeled_reanalysis",40.75,-74,32,"2026-09-11T00:26:47.065Z",,,"land","provider default elevation adjustment","instant meteorology; precipitation sum over preceding hour ending at time","reanalysis-adapter-v1","Weather data by Open-Meteo; ERA5 by Copernicus Climate Change Service (C3S) / ECMWF","https://open-meteo.com/en/docs/historical-weather-api","https://archive-api.open-meteo.com/v1/archive?latitude=40.7128&longitude=-74.006&start_date=2020-03-01&end_date=2020-03-31&models=era5&hourly=temperature_2m%2Crelative_humidity_2m%2Cprecipitation%2Cwind_speed_10m%2Cdew_point_2m&timezone=GMT&timeformat=unixtime&temperature_unit=celsius&wind_speed_unit=ms&precipitation_unit=mm&cell_selection=land"
"new-york-march-2020",40.7128,-74.006,"2020-03-01","2020-03-31","2020-03-03T19:00:00.000Z",11.2,70,0.1,3.4,5.9,"2020-03-03T18:00:00.000Z","2020-03-03T19:00:00.000Z",true,"","complete",744,744,744,"Open-Meteo","ERA5 (requested)","era5",,"modeled_reanalysis",40.75,-74,32,"2026-09-11T00:26:47.065Z",,,"land","provider default elevation adjustment","instant meteorology; precipitation sum over preceding hour ending at time","reanalysis-adapter-v1","Weather data by Open-Meteo; ERA5 by Copernicus Climate Change Service (C3S) / ECMWF","https://open-meteo.com/en/docs/historical-weather-api","https://archive-api.open-meteo.com/v1/archive?latitude=40.7128&longitude=-74.006&start_date=2020-03-01&end_date=2020-03-31&models=era5&hourly=temperature_2m%2Crelative_humidity_2m%2Cprecipitation%2Cwind_speed_10m%2Cdew_point_2m&timezone=GMT&timeformat=unixtime&temperature_unit=celsius&wind_speed_unit=ms&precipitation_unit=mm&cell_selection=land"
"new-york-march-2020",40.7128,-74.006,"2020-03-01","2020-03-31","2020-03-03T20:00:00.000Z",10.7,71,1.2,3.11,5.7,"2020-03-03T19:00:00.000Z","2020-03-03T20:00:00.000Z",true,"","complete",744,744,744,"Open-Meteo","ERA5 (requested)","era5",,"modeled_reanalysis",40.75,-74,32,"2026-09-11T00:26:47.065Z",,,"land","provider default elevation adjustment","instant meteorology; precipitation sum over preceding hour ending at time","reanalysis-adapter-v1","Weather data by Open-Meteo; ERA5 by Copernicus Climate Change Service (C3S) / ECMWF","https://open-meteo.com/en/docs/historical-weather-api","https://archive-api.open-meteo.com/v1/archive?latitude=40.7128&longitude=-74.006&start_date=2020-03-01&end_date=2020-03-31&models=era5&hourly=temperature_2m%2Crelative_humidity_2m%2Cprecipitation%2Cwind_speed_10m%2Cdew_point_2m&timezone=GMT&timeformat=unixtime&temperature_unit=celsius&wind_speed_unit=ms&precipitation_unit=mm&cell_selection=land"
"new-york-march-2020",40.7128,-74.006,"2020-03-01","2020-03-31","2020-03-03T21:00:00.000Z",10,78,1.8,3.25,6.3,"2020-03-03T20:00:00.000Z","2020-03-03T21:00:00.000Z",true,"","complete",744,744,744,"Open-Meteo","ERA5 (requested)","era5",,"modeled_reanalysis",40.75,-74,32,"2026-09-11T00:26:47.065Z",,,"land","provider default elevation adjustment","instant meteorology; precipitation sum over preceding hour ending at time","reanalysis-adapter-v1","Weather data by Open-Meteo; ERA5 by Copernicus Climate Change Service (C3S) / ECMWF","https://open-meteo.com/en/docs/historical-weather-api","https://archive-api.open-meteo.com/v1/archive?latitude=40.7128&longitude=-74.006&start_date=2020-03-01&end_date=2020-03-31&models=era5&hourly=temperature_2m%2Crelative_humidity_2m%2Cprecipitation%2Cwind_speed_10m%2Cdew_point_2m&timezone=GMT&timeformat=unixtime&temperature_unit=celsius&wind_speed_unit=ms&precipitation_unit=mm&cell_selection=land"
"new-york-march-2020",40.7128,-74.006,"2020-03-01","2020-03-31","2020-03-03T22:00:00.000Z",9.2,88,1,3.28,7.3,"2020-03-03T21:00:00.000Z","2020-03-03T22:00:00.000Z",true,"","complete",744,744,744,"Open-Meteo","ERA5 (requested)","era5",,"modeled_reanalysis",40.75,-74,32,"2026-09-11T00:26:47.065Z",,,"land","provider default elevation adjustment","instant meteorology; precipitation sum over preceding hour ending at time","reanalysis-adapter-v1","Weather data by Open-Meteo; ERA5 by Copernicus Climate Change Service (C3S) / ECMWF","https://open-meteo.com/en/docs/historical-weather-api","https://archive-api.open-meteo.com/v1/archive?latitude=40.7128&longitude=-74.006&start_date=2020-03-01&end_date=2020-03-31&models=era5&hourly=temperature_2m%2Crelative_humidity_2m%2Cprecipitation%2Cwind_speed_10m%2Cdew_point_2m&timezone=GMT&timeformat=unixtime&temperature_unit=celsius&wind_speed_unit=ms&precipitation_unit=mm&cell_selection=land"
"new-york-march-2020",40.7128,-74.006,"2020-03-01","2020-03-31","2020-03-03T23:00:00.000Z",9.4,87,0,3.77,7.3,"2020-03-03T22:00:00.000Z","2020-03-03T23:00:00.000Z",true,"","complete",744,744,744,"Open-Meteo","ERA5 (requested)","era5",,"modeled_reanalysis",40.75,-74,32,"2026-09-11T00:26:47.065Z",,,"land","provider default elevation adjustment","instant meteorology; precipitation sum over preceding hour ending at time","reanalysis-adapter-v1","Weather data by Open-Meteo; ERA5 by Copernicus Climate Change Service (C3S) / ECMWF","https://open-meteo.com/en/docs/historical-weather-api","https://archive-api.open-meteo.com/v1/archive?latitude=40.7128&longitude=-74.006&start_date=2020-03-01&end_date=2020-03-31&models=era5&hourly=temperature_2m%2Crelative_humidity_2m%2Cprecipitation%2Cwind_speed_10m%2Cdew_point_2m&timezone=GMT&timeformat=unixtime&temperature_unit=celsius&wind_speed_unit=ms&precipitation_unit=mm&cell_selection=land"
"new-york-march-2020",40.7128,-74.006,"2020-03-01","2020-03-31","2020-03-04T00:00:00.000Z",9.8,87,0,3.61,7.7,"2020-03-03T23:00:00.000Z","2020-03-04T00:00:00.000Z",true,"","complete",744,744,744,"Open-Meteo","ERA5 (requested)","era5",,"modeled_reanalysis",40.75,-74,32,"2026-09-11T00:26:47.065Z",,,"land","provider default elevation adjustment","instant meteorology; precipitation sum over preceding hour ending at time","reanalysis-adapter-v1","Weather data by Open-Meteo; ERA5 by Copernicus Climate Change Service (C3S) / ECMWF","https://open-meteo.com/en/docs/historical-weather-api","https://archive-api.open-meteo.com/v1/archive?latitude=40.7128&longitude=-74.006&start_date=2020-03-01&end_date=2020-03-31&models=era5&hourly=temperature_2m%2Crelative_humidity_2m%2Cprecipitation%2Cwind_speed_10m%2Cdew_point_2m&timezone=GMT&timeformat=unixtime&temperature_unit=celsius&wind_speed_unit=ms&precipitation_unit=mm&cell_selection=land"
"new-york-march-2020",40.7128,-74.006,"2020-03-01","2020-03-31","2020-03-04T01:00:00.000Z",10.4,87,0,3.89,8.3,"2020-03-04T00:00:00.000Z","2020-03-04T01:00:00.000Z",true,"","complete",744,744,744,"Open-Meteo","ERA5 (requested)","era5",,"modeled_reanalysis",40.75,-74,32,"2026-09-11T00:26:47.065Z",,,"land","provider default elevation adjustment","instant meteorology; precipitation sum over preceding hour ending at time","reanalysis-adapter-v1","Weather data by Open-Meteo; ERA5 by Copernicus Climate Change Service (C3S) / ECMWF","https://open-meteo.com/en/docs/historical-weather-api","https://archive-api.open-meteo.com/v1/archive?latitude=40.7128&longitude=-74.006&start_date=2020-03-01&end_date=2020-03-31&models=era5&hourly=temperature_2m%2Crelative_humidity_2m%2Cprecipitation%2Cwind_speed_10m%2Cdew_point_2m&timezone=GMT&timeformat=unixtime&temperature_unit=celsius&wind_speed_unit=ms&precipitation_unit=mm&cell_selection=land"
"new-york-march-2020",40.7128,-74.006,"2020-03-01","2020-03-31","2020-03-04T02:00:00.000Z",10.6,89,0,4.06,8.8,"2020-03-04T01:00:00.000Z","2020-03-04T02:00:00.000Z",true,"","complete",744,744,744,"Open-Meteo","ERA5 (requested)","era5",,"modeled_reanalysis",40.75,-74,32,"2026-09-11T00:26:47.065Z",,,"land","provider default elevation adjustment","instant meteorology; precipitation sum over preceding hour ending at time","reanalysis-adapter-v1","Weather data by Open-Meteo; ERA5 by Copernicus Climate Change Service (C3S) / ECMWF","https://open-meteo.com/en/docs/historical-weather-api","https://archive-api.open-meteo.com/v1/archive?latitude=40.7128&longitude=-74.006&start_date=2020-03-01&end_date=2020-03-31&models=era5&hourly=temperature_2m%2Crelative_humidity_2m%2Cprecipitation%2Cwind_speed_10m%2Cdew_point_2m&timezone=GMT&timeformat=unixtime&temperature_unit=celsius&wind_speed_unit=ms&precipitation_unit=mm&cell_selection=land"
"new-york-march-2020",40.7128,-74.006,"2020-03-01","2020-03-31","2020-03-04T03:00:00.000Z",10.6,80,1,4.78,7.3,"2020-03-04T02:00:00.000Z","2020-03-04T03:00:00.000Z",true,"","complete",744,744,744,"Open-Meteo","ERA5 (requested)","era5",,"modeled_reanalysis",40.75,-74,32,"2026-09-11T00:26:47.065Z",,,"land","provider default elevation adjustment","instant meteorology; precipitation sum over preceding hour ending at time","reanalysis-adapter-v1","Weather data by Open-Meteo; ERA5 by Copernicus Climate Change Service (C3S) / ECMWF","https://open-meteo.com/en/docs/historical-weather-api","https://archive-api.open-meteo.com/v1/archive?latitude=40.7128&longitude=-74.006&start_date=2020-03-01&end_date=2020-03-31&models=era5&hourly=temperature_2m%2Crelative_humidity_2m%2Cprecipitation%2Cwind_speed_10m%2Cdew_point_2m&timezone=GMT&timeformat=unixtime&temperature_unit=celsius&wind_speed_unit=ms&precipitation_unit=mm&cell_selection=land"
"new-york-march-2020",40.7128,-74.006,"2020-03-01","2020-03-31","2020-03-04T04:00:00.000Z",11.1,77,1.1,6.41,7.2,"2020-03-04T03:00:00.000Z","2020-03-04T04:00:00.000Z",true,"","complete",744,744,744,"Open-Meteo","ERA5 (requested)","era5",,"modeled_reanalysis",40.75,-74,32,"2026-09-11T00:26:47.065Z",,,"land","provider default elevation adjustment","instant meteorology; precipitation sum over preceding hour ending at time","reanalysis-adapter-v1","Weather data by Open-Meteo; ERA5 by Copernicus Climate Change Service (C3S) / ECMWF","https://open-meteo.com/en/docs/historical-weather-api","https://archive-api.open-meteo.com/v1/archive?latitude=40.7128&longitude=-74.006&start_date=2020-03-01&end_date=2020-03-31&models=era5&hourly=temperature_2m%2Crelative_humidity_2m%2Cprecipitation%2Cwind_speed_10m%2Cdew_point_2m&timezone=GMT&timeformat=unixtime&temperature_unit=celsius&wind_speed_unit=ms&precipitation_unit=mm&cell_selection=land"
"new-york-march-2020",40.7128,-74.006,"2020-03-01","2020-03-31","2020-03-04T05:00:00.000Z",10.5,67,0.2,6.62,4.6,"2020-03-04T04:00:00.000Z","2020-03-04T05:00:00.000Z",true,"","complete",744,744,744,"Open-Meteo","ERA5 (requested)","era5",,"modeled_reanalysis",40.75,-74,32,"2026-09-11T00:26:47.065Z",,,"land","provider default elevation adjustment","instant meteorology; precipitation sum over preceding hour ending at time","reanalysis-adapter-v1","Weather data by Open-Meteo; ERA5 by Copernicus Climate Change Service (C3S) / ECMWF","https://open-meteo.com/en/docs/historical-weather-api","https://archive-api.open-meteo.com/v1/archive?latitude=40.7128&longitude=-74.006&start_date=2020-03-01&end_date=2020-03-31&models=era5&hourly=temperature_2m%2Crelative_humidity_2m%2Cprecipitation%2Cwind_speed_10m%2Cdew_point_2m&timezone=GMT&timeformat=unixtime&temperature_unit=celsius&wind_speed_unit=ms&precipitation_unit=mm&cell_selection=land"
"new-york-march-2020",40.7128,-74.006,"2020-03-01","2020-03-31","2020-03-04T06:00:00.000Z",9.1,65,0,6.3,2.8,"2020-03-04T05:00:00.000Z","2020-03-04T06:00:00.000Z",true,"","complete",744,744,744,"Open-Meteo","ERA5 (requested)","era5",,"modeled_reanalysis",40.75,-74,32,"2026-09-11T00:26:47.065Z",,,"land","provider default elevation adjustment","instant meteorology; precipitation sum over preceding hour ending at time","reanalysis-adapter-v1","Weather data by Open-Meteo; ERA5 by Copernicus Climate Change Service (C3S) / ECMWF","https://open-meteo.com/en/docs/historical-weather-api","https://archive-api.open-meteo.com/v1/archive?latitude=40.7128&longitude=-74.006&start_date=2020-03-01&end_date=2020-03-31&models=era5&hourly=temperature_2m%2Crelative_humidity_2m%2Cprecipitation%2Cwind_speed_10m%2Cdew_point_2m&timezone=GMT&timeformat=unixtime&temperature_unit=celsius&wind_speed_unit=ms&precipitation_unit=mm&cell_selection=land"
"new-york-march-2020",40.7128,-74.006,"2020-03-01","2020-03-31","2020-03-04T07:00:00.000Z",8.6,63,0,5.72,2,"2020-03-04T06:00:00.000Z","2020-03-04T07:00:00.000Z",true,"","complete",744,744,744,"Open-Meteo","ERA5 (requested)","era5",,"modeled_reanalysis",40.75,-74,32,"2026-09-11T00:26:47.065Z",,,"land","provider default elevation adjustment","instant meteorology; precipitation sum over preceding hour ending at time","reanalysis-adapter-v1","Weather data by Open-Meteo; ERA5 by Copernicus Climate Change Service (C3S) / ECMWF","https://open-meteo.com/en/docs/historical-weather-api","https://archive-api.open-meteo.com/v1/archive?latitude=40.7128&longitude=-74.006&start_date=2020-03-01&end_date=2020-03-31&models=era5&hourly=temperature_2m%2Crelative_humidity_2m%2Cprecipitation%2Cwind_speed_10m%2Cdew_point_2m&timezone=GMT&timeformat=unixtime&temperature_unit=celsius&wind_speed_unit=ms&precipitation_unit=mm&cell_selection=land"
"new-york-march-2020",40.7128,-74.006,"2020-03-01","2020-03-31","2020-03-04T08:00:00.000Z",8.2,61,0,5.61,1.2,"2020-03-04T07:00:00.000Z","2020-03-04T08:00:00.000Z",true,"","complete",744,744,744,"Open-Meteo","ERA5 (requested)","era5",,"modeled_reanalysis",40.75,-74,32,"2026-09-11T00:26:47.065Z",,,"land","provider default elevation adjustment","instant meteorology; precipitation sum over preceding hour ending at time","reanalysis-adapter-v1","Weather data by Open-Meteo; ERA5 by Copernicus Climate Change Service (C3S) / ECMWF","https://open-meteo.com/en/docs/historical-weather-api","https://archive-api.open-meteo.com/v1/archive?latitude=40.7128&longitude=-74.006&start_date=2020-03-01&end_date=2020-03-31&models=era5&hourly=temperature_2m%2Crelative_humidity_2m%2Cprecipitation%2Cwind_speed_10m%2Cdew_point_2m&timezone=GMT&timeformat=unixtime&temperature_unit=celsius&wind_speed_unit=ms&precipitation_unit=mm&cell_selection=land"
"new-york-march-2020",40.7128,-74.006,"2020-03-01","2020-03-31","2020-03-04T09:00:00.000Z",7.6,63,0,5.73,0.9,"2020-03-04T08:00:00.000Z","2020-03-04T09:00:00.000Z",true,"","complete",744,744,744,"Open-Meteo","ERA5 (requested)","era5",,"modeled_reanalysis",40.75,-74,32,"2026-09-11T00:26:47.065Z",,,"land","provider default elevation adjustment","instant meteorology; precipitation sum over preceding hour ending at time","reanalysis-adapter-v1","Weather data by Open-Meteo; ERA5 by Copernicus Climate Change Service (C3S) / ECMWF","https://open-meteo.com/en/docs/historical-weather-api","https://archive-api.open-meteo.com/v1/archive?latitude=40.7128&longitude=-74.006&start_date=2020-03-01&end_date=2020-03-31&models=era5&hourly=temperature_2m%2Crelative_humidity_2m%2Cprecipitation%2Cwind_speed_10m%2Cdew_point_2m&timezone=GMT&timeformat=unixtime&temperature_unit=celsius&wind_speed_unit=ms&precipitation_unit=mm&cell_selection=land"
"new-york-march-2020",40.7128,-74.006,"2020-03-01","2020-03-31","2020-03-04T10:00:00.000Z",7.1,63,0,5.46,0.6,"2020-03-04T09:00:00.000Z","2020-03-04T10:00:00.000Z",true,"","complete",744,744,744,"Open-Meteo","ERA5 (requested)","era5",,"modeled_reanalysis",40.75,-74,32,"2026-09-11T00:26:47.065Z",,,"land","provider default elevation adjustment","instant meteorology; precipitation sum over preceding hour ending at time","reanalysis-adapter-v1","Weather data by Open-Meteo; ERA5 by Copernicus Climate Change Service (C3S) / ECMWF","https://open-meteo.com/en/docs/historical-weather-api","https://archive-api.open-meteo.com/v1/archive?latitude=40.7128&longitude=-74.006&start_date=2020-03-01&end_date=2020-03-31&models=era5&hourly=temperature_2m%2Crelative_humidity_2m%2Cprecipitation%2Cwind_speed_10m%2Cdew_point_2m&timezone=GMT&timeformat=unixtime&temperature_unit=celsius&wind_speed_unit=ms&precipitation_unit=mm&cell_selection=land"
"new-york-march-2020",40.7128,-74.006,"2020-03-01","2020-03-31","2020-03-04T11:00:00.000Z",7.1,64,0,5.53,0.6,"2020-03-04T10:00:00.000Z","2020-03-04T11:00:00.000Z",true,"","complete",744,744,744,"Open-Meteo","ERA5 (requested)","era5",,"modeled_reanalysis",40.75,-74,32,"2026-09-11T00:26:47.065Z",,,"land","provider default elevation adjustment","instant meteorology; precipitation sum over preceding hour ending at time","reanalysis-adapter-v1","Weather data by Open-Meteo; ERA5 by Copernicus Climate Change Service (C3S) / ECMWF","https://open-meteo.com/en/docs/historical-weather-api","https://archive-api.open-meteo.com/v1/archive?latitude=40.7128&longitude=-74.006&start_date=2020-03-01&end_date=2020-03-31&models=era5&hourly=temperature_2m%2Crelative_humidity_2m%2Cprecipitation%2Cwind_speed_10m%2Cdew_point_2m&timezone=GMT&timeformat=unixtime&temperature_unit=celsius&wind_speed_unit=ms&precipitation_unit=mm&cell_selection=land"
"new-york-march-2020",40.7128,-74.006,"2020-03-01","2020-03-31","2020-03-04T12:00:00.000Z",6.8,63,0,5.35,0.3,"2020-03-04T11:00:00.000Z","2020-03-04T12:00:00.000Z",true,"","complete",744,744,744,"Open-Meteo","ERA5 (requested)","era5",,"modeled_reanalysis",40.75,-74,32,"2026-09-11T00:26:47.065Z",,,"land","provider default elevation adjustment","instant meteorology; precipitation sum over preceding hour ending at time","reanalysis-adapter-v1","Weather data by Open-Meteo; ERA5 by Copernicus Climate Change Service (C3S) / ECMWF","https://open-meteo.com/en/docs/historical-weather-api","https://archive-api.open-meteo.com/v1/archive?latitude=40.7128&longitude=-74.006&start_date=2020-03-01&end_date=2020-03-31&models=era5&hourly=temperature_2m%2Crelative_humidity_2m%2Cprecipitation%2Cwind_speed_10m%2Cdew_point_2m&timezone=GMT&timeformat=unixtime&temperature_unit=celsius&wind_speed_unit=ms&precipitation_unit=mm&cell_selection=land"
"new-york-march-2020",40.7128,-74.006,"2020-03-01","2020-03-31","2020-03-04T13:00:00.000Z",7.5,58,0,5.7,-0.1,"2020-03-04T12:00:00.000Z","2020-03-04T13:00:00.000Z",true,"","complete",744,744,744,"Open-Meteo","ERA5 (requested)","era5",,"modeled_reanalysis",40.75,-74,32,"2026-09-11T00:26:47.065Z",,,"land","provider default elevation adjustment","instant meteorology; precipitation sum over preceding hour ending at time","reanalysis-adapter-v1","Weather data by Open-Meteo; ERA5 by Copernicus Climate Change Service (C3S) / ECMWF","https://open-meteo.com/en/docs/historical-weather-api","https://archive-api.open-meteo.com/v1/archive?latitude=40.7128&longitude=-74.006&start_date=2020-03-01&end_date=2020-03-31&models=era5&hourly=temperature_2m%2Crelative_humidity_2m%2Cprecipitation%2Cwind_speed_10m%2Cdew_point_2m&timezone=GMT&timeformat=unixtime&temperature_unit=celsius&wind_speed_unit=ms&precipitation_unit=mm&cell_selection=land"
"new-york-march-2020",40.7128,-74.006,"2020-03-01","2020-03-31","2020-03-04T14:00:00.000Z",8.2,52,0,7,-1.2,"2020-03-04T13:00:00.000Z","2020-03-04T14:00:00.000Z",true,"","complete",744,744,744,"Open-Meteo","ERA5 (requested)","era5",,"modeled_reanalysis",40.75,-74,32,"2026-09-11T00:26:47.065Z",,,"land","provider default elevation adjustment","instant meteorology; precipitation sum over preceding hour ending at time","reanalysis-adapter-v1","Weather data by Open-Meteo; ERA5 by Copernicus Climate Change Service (C3S) / ECMWF","https://open-meteo.com/en/docs/historical-weather-api","https://archive-api.open-meteo.com/v1/archive?latitude=40.7128&longitude=-74.006&start_date=2020-03-01&end_date=2020-03-31&models=era5&hourly=temperature_2m%2Crelative_humidity_2m%2Cprecipitation%2Cwind_speed_10m%2Cdew_point_2m&timezone=GMT&timeformat=unixtime&temperature_unit=celsius&wind_speed_unit=ms&precipitation_unit=mm&cell_selection=land"
"new-york-march-2020",40.7128,-74.006,"2020-03-01","2020-03-31","2020-03-04T15:00:00.000Z",9.1,44,0,7.52,-2.6,"2020-03-04T14:00:00.000Z","2020-03-04T15:00:00.000Z",true,"","complete",744,744,744,"Open-Meteo","ERA5 (requested)","era5",,"modeled_reanalysis",40.75,-74,32,"2026-09-11T00:26:47.065Z",,,"land","provider default elevation adjustment","instant meteorology; precipitation sum over preceding hour ending at time","reanalysis-adapter-v1","Weather data by Open-Meteo; ERA5 by Copernicus Climate Change Service (C3S) / ECMWF","https://open-meteo.com/en/docs/historical-weather-api","https://archive-api.open-meteo.com/v1/archive?latitude=40.7128&longitude=-74.006&start_date=2020-03-01&end_date=2020-03-31&models=era5&hourly=temperature_2m%2Crelative_humidity_2m%2Cprecipitation%2Cwind_speed_10m%2Cdew_point_2m&timezone=GMT&timeformat=unixtime&temperature_unit=celsius&wind_speed_unit=ms&precipitation_unit=mm&cell_selection=land"
"new-york-march-2020",40.7128,-74.006,"2020-03-01","2020-03-31","2020-03-04T16:00:00.000Z",9.9,38,0,7.83,-3.8,"2020-03-04T15:00:00.000Z","2020-03-04T16:00:00.000Z",true,"","complete",744,744,744,"Open-Meteo","ERA5 (requested)","era5",,"modeled_reanalysis",40.75,-74,32,"2026-09-11T00:26:47.065Z",,,"land","provider default elevation adjustment","instant meteorology; precipitation sum over preceding hour ending at time","reanalysis-adapter-v1","Weather data by Open-Meteo; ERA5 by Copernicus Climate Change Service (C3S) / ECMWF","https://open-meteo.com/en/docs/historical-weather-api","https://archive-api.open-meteo.com/v1/archive?latitude=40.7128&longitude=-74.006&start_date=2020-03-01&end_date=2020-03-31&models=era5&hourly=temperature_2m%2Crelative_humidity_2m%2Cprecipitation%2Cwind_speed_10m%2Cdew_point_2m&timezone=GMT&timeformat=unixtime&temperature_unit=celsius&wind_speed_unit=ms&precipitation_unit=mm&cell_selection=land"
"new-york-march-2020",40.7128,-74.006,"2020-03-01","2020-03-31","2020-03-04T17:00:00.000Z",11,33,0,8.16,-4.6,"2020-03-04T16:00:00.000Z","2020-03-04T17:00:00.000Z",true,"","complete",744,744,744,"Open-Meteo","ERA5 (requested)","era5",,"modeled_reanalysis",40.75,-74,32,"2026-09-11T00:26:47.065Z",,,"land","provider default elevation adjustment","instant meteorology; precipitation sum over preceding hour ending at time","reanalysis-adapter-v1","Weather data by Open-Meteo; ERA5 by Copernicus Climate Change Service (C3S) / ECMWF","https://open-meteo.com/en/docs/historical-weather-api","https://archive-api.open-meteo.com/v1/archive?latitude=40.7128&longitude=-74.006&start_date=2020-03-01&end_date=2020-03-31&models=era5&hourly=temperature_2m%2Crelative_humidity_2m%2Cprecipitation%2Cwind_speed_10m%2Cdew_point_2m&timezone=GMT&timeformat=unixtime&temperature_unit=celsius&wind_speed_unit=ms&precipitation_unit=mm&cell_selection=land"
"new-york-march-2020",40.7128,-74.006,"2020-03-01","2020-03-31","2020-03-04T18:00:00.000Z",11,34,0,7.63,-4.2,"2020-03-04T17:00:00.000Z","2020-03-04T18:00:00.000Z",true,"","complete",744,744,744,"Open-Meteo","ERA5 (requested)","era5",,"modeled_reanalysis",40.75,-74,32,"2026-09-11T00:26:47.065Z",,,"land","provider default elevation adjustment","instant meteorology; precipitation sum over preceding hour ending at time","reanalysis-adapter-v1","Weather data by Open-Meteo; ERA5 by Copernicus Climate Change Service (C3S) / ECMWF","https://open-meteo.com/en/docs/historical-weather-api","https://archive-api.open-meteo.com/v1/archive?latitude=40.7128&longitude=-74.006&start_date=2020-03-01&end_date=2020-03-31&models=era5&hourly=temperature_2m%2Crelative_humidity_2m%2Cprecipitation%2Cwind_speed_10m%2Cdew_point_2m&timezone=GMT&timeformat=unixtime&temperature_unit=celsius&wind_speed_unit=ms&precipitation_unit=mm&cell_selection=land"
"new-york-march-2020",40.7128,-74.006,"2020-03-01","2020-03-31","2020-03-04T19:00:00.000Z",11.6,33,0,7.72,-4.1,"2020-03-04T18:00:00.000Z","2020-03-04T19:00:00.000Z",true,"","complete",744,744,744,"Open-Meteo","ERA5 (requested)","era5",,"modeled_reanalysis",40.75,-74,32,"2026-09-11T00:26:47.065Z",,,"land","provider default elevation adjustment","instant meteorology; precipitation sum over preceding hour ending at time","reanalysis-adapter-v1","Weather data by Open-Meteo; ERA5 by Copernicus Climate Change Service (C3S) / ECMWF","https://open-meteo.com/en/docs/historical-weather-api","https://archive-api.open-meteo.com/v1/archive?latitude=40.7128&longitude=-74.006&start_date=2020-03-01&end_date=2020-03-31&models=era5&hourly=temperature_2m%2Crelative_humidity_2m%2Cprecipitation%2Cwind_speed_10m%2Cdew_point_2m&timezone=GMT&timeformat=unixtime&temperature_unit=celsius&wind_speed_unit=ms&precipitation_unit=mm&cell_selection=land"
"new-york-march-2020",40.7128,-74.006,"2020-03-01","2020-03-31","2020-03-04T20:00:00.000Z",12.1,35,0,7.02,-3,"2020-03-04T19:00:00.000Z","2020-03-04T20:00:00.000Z",true,"","complete",744,744,744,"Open-Meteo","ERA5 (requested)","era5",,"modeled_reanalysis",40.75,-74,32,"2026-09-11T00:26:47.065Z",,,"land","provider default elevation adjustment","instant meteorology; precipitation sum over preceding hour ending at time","reanalysis-adapter-v1","Weather data by Open-Meteo; ERA5 by Copernicus Climate Change Service (C3S) / ECMWF","https://open-meteo.com/en/docs/historical-weather-api","https://archive-api.open-meteo.com/v1/archive?latitude=40.7128&longitude=-74.006&start_date=2020-03-01&end_date=2020-03-31&models=era5&hourly=temperature_2m%2Crelative_humidity_2m%2Cprecipitation%2Cwind_speed_10m%2Cdew_point_2m&timezone=GMT&timeformat=unixtime&temperature_unit=celsius&wind_speed_unit=ms&precipitation_unit=mm&cell_selection=land"
"new-york-march-2020",40.7128,-74.006,"2020-03-01","2020-03-31","2020-03-04T21:00:00.000Z",12.2,36,0,6.11,-2.5,"2020-03-04T20:00:00.000Z","2020-03-04T21:00:00.000Z",true,"","complete",744,744,744,"Open-Meteo","ERA5 (requested)","era5",,"modeled_reanalysis",40.75,-74,32,"2026-09-11T00:26:47.065Z",,,"land","provider default elevation adjustment","instant meteorology; precipitation sum over preceding hour ending at time","reanalysis-adapter-v1","Weather data by Open-Meteo; ERA5 by Copernicus Climate Change Service (C3S) / ECMWF","https://open-meteo.com/en/docs/historical-weather-api","https://archive-api.open-meteo.com/v1/archive?latitude=40.7128&longitude=-74.006&start_date=2020-03-01&end_date=2020-03-31&models=era5&hourly=temperature_2m%2Crelative_humidity_2m%2Cprecipitation%2Cwind_speed_10m%2Cdew_point_2m&timezone=GMT&timeformat=unixtime&temperature_unit=celsius&wind_speed_unit=ms&precipitation_unit=mm&cell_selection=land"
"new-york-march-2020",40.7128,-74.006,"2020-03-01","2020-03-31","2020-03-04T22:00:00.000Z",11.5,40,0,3.9,-1.8,"2020-03-04T21:00:00.000Z","2020-03-04T22:00:00.000Z",true,"","complete",744,744,744,"Open-Meteo","ERA5 (requested)","era5",,"modeled_reanalysis",40.75,-74,32,"2026-09-11T00:26:47.065Z",,,"land","provider default elevation adjustment","instant meteorology; precipitation sum over preceding hour ending at time","reanalysis-adapter-v1","Weather data by Open-Meteo; ERA5 by Copernicus Climate Change Service (C3S) / ECMWF","https://open-meteo.com/en/docs/historical-weather-api","https://archive-api.open-meteo.com/v1/archive?latitude=40.7128&longitude=-74.006&start_date=2020-03-01&end_date=2020-03-31&models=era5&hourly=temperature_2m%2Crelative_humidity_2m%2Cprecipitation%2Cwind_speed_10m%2Cdew_point_2m&timezone=GMT&timeformat=unixtime&temperature_unit=celsius&wind_speed_unit=ms&precipitation_unit=mm&cell_selection=land"
"new-york-march-2020",40.7128,-74.006,"2020-03-01","2020-03-31","2020-03-04T23:00:00.000Z",11,41,0,3.61,-1.6,"2020-03-04T22:00:00.000Z","2020-03-04T23:00:00.000Z",true,"","complete",744,744,744,"Open-Meteo","ERA5 (requested)","era5",,"modeled_reanalysis",40.75,-74,32,"2026-09-11T00:26:47.065Z",,,"land","provider default elevation adjustment","instant meteorology; precipitation sum over preceding hour ending at time","reanalysis-adapter-v1","Weather data by Open-Meteo; ERA5 by Copernicus Climate Change Service (C3S) / ECMWF","https://open-meteo.com/en/docs/historical-weather-api","https://archive-api.open-meteo.com/v1/archive?latitude=40.7128&longitude=-74.006&start_date=2020-03-01&end_date=2020-03-31&models=era5&hourly=temperature_2m%2Crelative_humidity_2m%2Cprecipitation%2Cwind_speed_10m%2Cdew_point_2m&timezone=GMT&timeformat=unixtime&temperature_unit=celsius&wind_speed_unit=ms&precipitation_unit=mm&cell_selection=land"
"new-york-march-2020",40.7128,-74.006,"2020-03-01","2020-03-31","2020-03-05T00:00:00.000Z",10.5,45,0,2.91,-1,"2020-03-04T23:00:00.000Z","2020-03-05T00:00:00.000Z",true,"","complete",744,744,744,"Open-Meteo","ERA5 (requested)","era5",,"modeled_reanalysis",40.75,-74,32,"2026-09-11T00:26:47.065Z",,,"land","provider default elevation adjustment","instant meteorology; precipitation sum over preceding hour ending at time","reanalysis-adapter-v1","Weather data by Open-Meteo; ERA5 by Copernicus Climate Change Service (C3S) / ECMWF","https://open-meteo.com/en/docs/historical-weather-api","https://archive-api.open-meteo.com/v1/archive?latitude=40.7128&longitude=-74.006&start_date=2020-03-01&end_date=2020-03-31&models=era5&hourly=temperature_2m%2Crelative_humidity_2m%2Cprecipitation%2Cwind_speed_10m%2Cdew_point_2m&timezone=GMT&timeformat=unixtime&temperature_unit=celsius&wind_speed_unit=ms&precipitation_unit=mm&cell_selection=land"
"new-york-march-2020",40.7128,-74.006,"2020-03-01","2020-03-31","2020-03-05T01:00:00.000Z",10.1,50,0.3,2.81,0,"2020-03-05T00:00:00.000Z","2020-03-05T01:00:00.000Z",true,"","complete",744,744,744,"Open-Meteo","ERA5 (requested)","era5",,"modeled_reanalysis",40.75,-74,32,"2026-09-11T00:26:47.065Z",,,"land","provider default elevation adjustment","instant meteorology; precipitation sum over preceding hour ending at time","reanalysis-adapter-v1","Weather data by Open-Meteo; ERA5 by Copernicus Climate Change Service (C3S) / ECMWF","https://open-meteo.com/en/docs/historical-weather-api","https://archive-api.open-meteo.com/v1/archive?latitude=40.7128&longitude=-74.006&start_date=2020-03-01&end_date=2020-03-31&models=era5&hourly=temperature_2m%2Crelative_humidity_2m%2Cprecipitation%2Cwind_speed_10m%2Cdew_point_2m&timezone=GMT&timeformat=unixtime&temperature_unit=celsius&wind_speed_unit=ms&precipitation_unit=mm&cell_selection=land"
"new-york-march-2020",40.7128,-74.006,"2020-03-01","2020-03-31","2020-03-05T02:00:00.000Z",9.9,53,0,2.3,0.7,"2020-03-05T01:00:00.000Z","2020-03-05T02:00:00.000Z",true,"","complete",744,744,744,"Open-Meteo","ERA5 (requested)","era5",,"modeled_reanalysis",40.75,-74,32,"2026-09-11T00:26:47.065Z",,,"land","provider default elevation adjustment","instant meteorology; precipitation sum over preceding hour ending at time","reanalysis-adapter-v1","Weather data by Open-Meteo; ERA5 by Copernicus Climate Change Service (C3S) / ECMWF","https://open-meteo.com/en/docs/historical-weather-api","https://archive-api.open-meteo.com/v1/archive?latitude=40.7128&longitude=-74.006&start_date=2020-03-01&end_date=2020-03-31&models=era5&hourly=temperature_2m%2Crelative_humidity_2m%2Cprecipitation%2Cwind_speed_10m%2Cdew_point_2m&timezone=GMT&timeformat=unixtime&temperature_unit=celsius&wind_speed_unit=ms&precipitation_unit=mm&cell_selection=land"
"new-york-march-2020",40.7128,-74.006,"2020-03-01","2020-03-31","2020-03-05T03:00:00.000Z",9.1,57,0,2.53,1.1,"2020-03-05T02:00:00.000Z","2020-03-05T03:00:00.000Z",true,"","complete",744,744,744,"Open-Meteo","ERA5 (requested)","era5",,"modeled_reanalysis",40.75,-74,32,"2026-09-11T00:26:47.065Z",,,"land","provider default elevation adjustment","instant meteorology; precipitation sum over preceding hour ending at time","reanalysis-adapter-v1","Weather data by Open-Meteo; ERA5 by Copernicus Climate Change Service (C3S) / ECMWF","https://open-meteo.com/en/docs/historical-weather-api","https://archive-api.open-meteo.com/v1/archive?latitude=40.7128&longitude=-74.006&start_date=2020-03-01&end_date=2020-03-31&models=era5&hourly=temperature_2m%2Crelative_humidity_2m%2Cprecipitation%2Cwind_speed_10m%2Cdew_point_2m&timezone=GMT&timeformat=unixtime&temperature_unit=celsius&wind_speed_unit=ms&precipitation_unit=mm&cell_selection=land"
"new-york-march-2020",40.7128,-74.006,"2020-03-01","2020-03-31","2020-03-05T04:00:00.000Z",8.6,61,0,2.52,1.6,"2020-03-05T03:00:00.000Z","2020-03-05T04:00:00.000Z",true,"","complete",744,744,744,"Open-Meteo","ERA5 (requested)","era5",,"modeled_reanalysis",40.75,-74,32,"2026-09-11T00:26:47.065Z",,,"land","provider default elevation adjustment","instant meteorology; precipitation sum over preceding hour ending at time","reanalysis-adapter-v1","Weather data by Open-Meteo; ERA5 by Copernicus Climate Change Service (C3S) / ECMWF","https://open-meteo.com/en/docs/historical-weather-api","https://archive-api.open-meteo.com/v1/archive?latitude=40.7128&longitude=-74.006&start_date=2020-03-01&end_date=2020-03-31&models=era5&hourly=temperature_2m%2Crelative_humidity_2m%2Cprecipitation%2Cwind_speed_10m%2Cdew_point_2m&timezone=GMT&timeformat=unixtime&temperature_unit=celsius&wind_speed_unit=ms&precipitation_unit=mm&cell_selection=land"
"new-york-march-2020",40.7128,-74.006,"2020-03-01","2020-03-31","2020-03-05T05:00:00.000Z",7.9,64,0,2.97,1.4,"2020-03-05T04:00:00.000Z","2020-03-05T05:00:00.000Z",true,"","complete",744,744,744,"Open-Meteo","ERA5 (requested)","era5",,"modeled_reanalysis",40.75,-74,32,"2026-09-11T00:26:47.065Z",,,"land","provider default elevation adjustment","instant meteorology; precipitation sum over preceding hour ending at time","reanalysis-adapter-v1","Weather data by Open-Meteo; ERA5 by Copernicus Climate Change Service (C3S) / ECMWF","https://open-meteo.com/en/docs/historical-weather-api","https://archive-api.open-meteo.com/v1/archive?latitude=40.7128&longitude=-74.006&start_date=2020-03-01&end_date=2020-03-31&models=era5&hourly=temperature_2m%2Crelative_humidity_2m%2Cprecipitation%2Cwind_speed_10m%2Cdew_point_2m&timezone=GMT&timeformat=unixtime&temperature_unit=celsius&wind_speed_unit=ms&precipitation_unit=mm&cell_selection=land"
"new-york-march-2020",40.7128,-74.006,"2020-03-01","2020-03-31","2020-03-05T06:00:00.000Z",7.1,64,0,3.89,0.7,"2020-03-05T05:00:00.000Z","2020-03-05T06:00:00.000Z",true,"","complete",744,744,744,"Open-Meteo","ERA5 (requested)","era5",,"modeled_reanalysis",40.75,-74,32,"2026-09-11T00:26:47.065Z",,,"land","provider default elevation adjustment","instant meteorology; precipitation sum over preceding hour ending at time","reanalysis-adapter-v1","Weather data by Open-Meteo; ERA5 by Copernicus Climate Change Service (C3S) / ECMWF","https://open-meteo.com/en/docs/historical-weather-api","https://archive-api.open-meteo.com/v1/archive?latitude=40.7128&longitude=-74.006&start_date=2020-03-01&end_date=2020-03-31&models=era5&hourly=temperature_2m%2Crelative_humidity_2m%2Cprecipitation%2Cwind_speed_10m%2Cdew_point_2m&timezone=GMT&timeformat=unixtime&temperature_unit=celsius&wind_speed_unit=ms&precipitation_unit=mm&cell_selection=land"
"new-york-march-2020",40.7128,-74.006,"2020-03-01","2020-03-31","2020-03-05T07:00:00.000Z",6.6,63,0,4.68,0.1,"2020-03-05T06:00:00.000Z","2020-03-05T07:00:00.000Z",true,"","complete",744,744,744,"Open-Meteo","ERA5 (requested)","era5",,"modeled_reanalysis",40.75,-74,32,"2026-09-11T00:26:47.065Z",,,"land","provider default elevation adjustment","instant meteorology; precipitation sum over preceding hour ending at time","reanalysis-adapter-v1","Weather data by Open-Meteo; ERA5 by Copernicus Climate Change Service (C3S) / ECMWF","https://open-meteo.com/en/docs/historical-weather-api","https://archive-api.open-meteo.com/v1/archive?latitude=40.7128&longitude=-74.006&start_date=2020-03-01&end_date=2020-03-31&models=era5&hourly=temperature_2m%2Crelative_humidity_2m%2Cprecipitation%2Cwind_speed_10m%2Cdew_point_2m&timezone=GMT&timeformat=unixtime&temperature_unit=celsius&wind_speed_unit=ms&precipitation_unit=mm&cell_selection=land"
"new-york-march-2020",40.7128,-74.006,"2020-03-01","2020-03-31","2020-03-05T08:00:00.000Z",5.9,61,0,4.95,-1.2,"2020-03-05T07:00:00.000Z","2020-03-05T08:00:00.000Z",true,"","complete",744,744,744,"Open-Meteo","ERA5 (requested)","era5",,"modeled_reanalysis",40.75,-74,32,"2026-09-11T00:26:47.065Z",,,"land","provider default elevation adjustment","instant meteorology; precipitation sum over preceding hour ending at time","reanalysis-adapter-v1","Weather data by Open-Meteo; ERA5 by Copernicus Climate Change Service (C3S) / ECMWF","https://open-meteo.com/en/docs/historical-weather-api","https://archive-api.open-meteo.com/v1/archive?latitude=40.7128&longitude=-74.006&start_date=2020-03-01&end_date=2020-03-31&models=era5&hourly=temperature_2m%2Crelative_humidity_2m%2Cprecipitation%2Cwind_speed_10m%2Cdew_point_2m&timezone=GMT&timeformat=unixtime&temperature_unit=celsius&wind_speed_unit=ms&precipitation_unit=mm&cell_selection=land"
"new-york-march-2020",40.7128,-74.006,"2020-03-01","2020-03-31","2020-03-05T09:00:00.000Z",5.2,59,0,4.88,-2.1,"2020-03-05T08:00:00.000Z","2020-03-05T09:00:00.000Z",true,"","complete",744,744,744,"Open-Meteo","ERA5 (requested)","era5",,"modeled_reanalysis",40.75,-74,32,"2026-09-11T00:26:47.065Z",,,"land","provider default elevation adjustment","instant meteorology; precipitation sum over preceding hour ending at time","reanalysis-adapter-v1","Weather data by Open-Meteo; ERA5 by Copernicus Climate Change Service (C3S) / ECMWF","https://open-meteo.com/en/docs/historical-weather-api","https://archive-api.open-meteo.com/v1/archive?latitude=40.7128&longitude=-74.006&start_date=2020-03-01&end_date=2020-03-31&models=era5&hourly=temperature_2m%2Crelative_humidity_2m%2Cprecipitation%2Cwind_speed_10m%2Cdew_point_2m&timezone=GMT&timeformat=unixtime&temperature_unit=celsius&wind_speed_unit=ms&precipitation_unit=mm&cell_selection=land"
"new-york-march-2020",40.7128,-74.006,"2020-03-01","2020-03-31","2020-03-05T10:00:00.000Z",4,59,0,4.47,-3.4,"2020-03-05T09:00:00.000Z","2020-03-05T10:00:00.000Z",true,"","complete",744,744,744,"Open-Meteo","ERA5 (requested)","era5",,"modeled_reanalysis",40.75,-74,32,"2026-09-11T00:26:47.065Z",,,"land","provider default elevation adjustment","instant meteorology; precipitation sum over preceding hour ending at time","reanalysis-adapter-v1","Weather data by Open-Meteo; ERA5 by Copernicus Climate Change Service (C3S) / ECMWF","https://open-meteo.com/en/docs/historical-weather-api","https://archive-api.open-meteo.com/v1/archive?latitude=40.7128&longitude=-74.006&start_date=2020-03-01&end_date=2020-03-31&models=era5&hourly=temperature_2m%2Crelative_humidity_2m%2Cprecipitation%2Cwind_speed_10m%2Cdew_point_2m&timezone=GMT&timeformat=unixtime&temperature_unit=celsius&wind_speed_unit=ms&precipitation_unit=mm&cell_selection=land"
"new-york-march-2020",40.7128,-74.006,"2020-03-01","2020-03-31","2020-03-05T11:00:00.000Z",3.9,59,0,3.04,-3.4,"2020-03-05T10:00:00.000Z","2020-03-05T11:00:00.000Z",true,"","complete",744,744,744,"Open-Meteo","ERA5 (requested)","era5",,"modeled_reanalysis",40.75,-74,32,"2026-09-11T00:26:47.065Z",,,"land","provider default elevation adjustment","instant meteorology; precipitation sum over preceding hour ending at time","reanalysis-adapter-v1","Weather data by Open-Meteo; ERA5 by Copernicus Climate Change Service (C3S) / ECMWF","https://open-meteo.com/en/docs/historical-weather-api","https://archive-api.open-meteo.com/v1/archive?latitude=40.7128&longitude=-74.006&start_date=2020-03-01&end_date=2020-03-31&models=era5&hourly=temperature_2m%2Crelative_humidity_2m%2Cprecipitation%2Cwind_speed_10m%2Cdew_point_2m&timezone=GMT&timeformat=unixtime&temperature_unit=celsius&wind_speed_unit=ms&precipitation_unit=mm&cell_selection=land"
"new-york-march-2020",40.7128,-74.006,"2020-03-01","2020-03-31","2020-03-05T12:00:00.000Z",4,58,0,2.75,-3.5,"2020-03-05T11:00:00.000Z","2020-03-05T12:00:00.000Z",true,"","complete",744,744,744,"Open-Meteo","ERA5 (requested)","era5",,"modeled_reanalysis",40.75,-74,32,"2026-09-11T00:26:47.065Z",,,"land","provider default elevation adjustment","instant meteorology; precipitation sum over preceding hour ending at time","reanalysis-adapter-v1","Weather data by Open-Meteo; ERA5 by Copernicus Climate Change Service (C3S) / ECMWF","https://open-meteo.com/en/docs/historical-weather-api","https://archive-api.open-meteo.com/v1/archive?latitude=40.7128&longitude=-74.006&start_date=2020-03-01&end_date=2020-03-31&models=era5&hourly=temperature_2m%2Crelative_humidity_2m%2Cprecipitation%2Cwind_speed_10m%2Cdew_point_2m&timezone=GMT&timeformat=unixtime&temperature_unit=celsius&wind_speed_unit=ms&precipitation_unit=mm&cell_selection=land"
"new-york-march-2020",40.7128,-74.006,"2020-03-01","2020-03-31","2020-03-05T13:00:00.000Z",4.6,54,0,2.56,-3.9,"2020-03-05T12:00:00.000Z","2020-03-05T13:00:00.000Z",true,"","complete",744,744,744,"Open-Meteo","ERA5 (requested)","era5",,"modeled_reanalysis",40.75,-74,32,"2026-09-11T00:26:47.065Z",,,"land","provider default elevation adjustment","instant meteorology; precipitation sum over preceding hour ending at time","reanalysis-adapter-v1","Weather data by Open-Meteo; ERA5 by Copernicus Climate Change Service (C3S) / ECMWF","https://open-meteo.com/en/docs/historical-weather-api","https://archive-api.open-meteo.com/v1/archive?latitude=40.7128&longitude=-74.006&start_date=2020-03-01&end_date=2020-03-31&models=era5&hourly=temperature_2m%2Crelative_humidity_2m%2Cprecipitation%2Cwind_speed_10m%2Cdew_point_2m&timezone=GMT&timeformat=unixtime&temperature_unit=celsius&wind_speed_unit=ms&precipitation_unit=mm&cell_selection=land"
"new-york-march-2020",40.7128,-74.006,"2020-03-01","2020-03-31","2020-03-05T14:00:00.000Z",5.4,50,0,3.89,-4.1,"2020-03-05T13:00:00.000Z","2020-03-05T14:00:00.000Z",true,"","complete",744,744,744,"Open-Meteo","ERA5 (requested)","era5",,"modeled_reanalysis",40.75,-74,32,"2026-09-11T00:26:47.065Z",,,"land","provider default elevation adjustment","instant meteorology; precipitation sum over preceding hour ending at time","reanalysis-adapter-v1","Weather data by Open-Meteo; ERA5 by Copernicus Climate Change Service (C3S) / ECMWF","https://open-meteo.com/en/docs/historical-weather-api","https://archive-api.open-meteo.com/v1/archive?latitude=40.7128&longitude=-74.006&start_date=2020-03-01&end_date=2020-03-31&models=era5&hourly=temperature_2m%2Crelative_humidity_2m%2Cprecipitation%2Cwind_speed_10m%2Cdew_point_2m&timezone=GMT&timeformat=unixtime&temperature_unit=celsius&wind_speed_unit=ms&precipitation_unit=mm&cell_selection=land"
"new-york-march-2020",40.7128,-74.006,"2020-03-01","2020-03-31","2020-03-05T15:00:00.000Z",6.8,45,0,3.34,-4.4,"2020-03-05T14:00:00.000Z","2020-03-05T15:00:00.000Z",true,"","complete",744,744,744,"Open-Meteo","ERA5 (requested)","era5",,"modeled_reanalysis",40.75,-74,32,"2026-09-11T00:26:47.065Z",,,"land","provider default elevation adjustment","instant meteorology; precipitation sum over preceding hour ending at time","reanalysis-adapter-v1","Weather data by Open-Meteo; ERA5 by Copernicus Climate Change Service (C3S) / ECMWF","https://open-meteo.com/en/docs/historical-weather-api","https://archive-api.open-meteo.com/v1/archive?latitude=40.7128&longitude=-74.006&start_date=2020-03-01&end_date=2020-03-31&models=era5&hourly=temperature_2m%2Crelative_humidity_2m%2Cprecipitation%2Cwind_speed_10m%2Cdew_point_2m&timezone=GMT&timeformat=unixtime&temperature_unit=celsius&wind_speed_unit=ms&precipitation_unit=mm&cell_selection=land"
"new-york-march-2020",40.7128,-74.006,"2020-03-01","2020-03-31","2020-03-05T16:00:00.000Z",7.3,43,0,2.55,-4.4,"2020-03-05T15:00:00.000Z","2020-03-05T16:00:00.000Z",true,"","complete",744,744,744,"Open-Meteo","ERA5 (requested)","era5",,"modeled_reanalysis",40.75,-74,32,"2026-09-11T00:26:47.065Z",,,"land","provider default elevation adjustment","instant meteorology; precipitation sum over preceding hour ending at time","reanalysis-adapter-v1","Weather data by Open-Meteo; ERA5 by Copernicus Climate Change Service (C3S) / ECMWF","https://open-meteo.com/en/docs/historical-weather-api","https://archive-api.open-meteo.com/v1/archive?latitude=40.7128&longitude=-74.006&start_date=2020-03-01&end_date=2020-03-31&models=era5&hourly=temperature_2m%2Crelative_humidity_2m%2Cprecipitation%2Cwind_speed_10m%2Cdew_point_2m&timezone=GMT&timeformat=unixtime&temperature_unit=celsius&wind_speed_unit=ms&precipitation_unit=mm&cell_selection=land"
"new-york-march-2020",40.7128,-74.006,"2020-03-01","2020-03-31","2020-03-05T17:00:00.000Z",7.7,44,0,1.92,-3.7,"2020-03-05T16:00:00.000Z","2020-03-05T17:00:00.000Z",true,"","complete",744,744,744,"Open-Meteo","ERA5 (requested)","era5",,"modeled_reanalysis",40.75,-74,32,"2026-09-11T00:26:47.065Z",,,"land","provider default elevation adjustment","instant meteorology; precipitation sum over preceding hour ending at time","reanalysis-adapter-v1","Weather data by Open-Meteo; ERA5 by Copernicus Climate Change Service (C3S) / ECMWF","https://open-meteo.com/en/docs/historical-weather-api","https://archive-api.open-meteo.com/v1/archive?latitude=40.7128&longitude=-74.006&start_date=2020-03-01&end_date=2020-03-31&models=era5&hourly=temperature_2m%2Crelative_humidity_2m%2Cprecipitation%2Cwind_speed_10m%2Cdew_point_2m&timezone=GMT&timeformat=unixtime&temperature_unit=celsius&wind_speed_unit=ms&precipitation_unit=mm&cell_selection=land"
"new-york-march-2020",40.7128,-74.006,"2020-03-01","2020-03-31","2020-03-05T18:00:00.000Z",7.9,45,0,1.73,-3.2,"2020-03-05T17:00:00.000Z","2020-03-05T18:00:00.000Z",true,"","complete",744,744,744,"Open-Meteo","ERA5 (requested)","era5",,"modeled_reanalysis",40.75,-74,32,"2026-09-11T00:26:47.065Z",,,"land","provider default elevation adjustment","instant meteorology; precipitation sum over preceding hour ending at time","reanalysis-adapter-v1","Weather data by Open-Meteo; ERA5 by Copernicus Climate Change Service (C3S) / ECMWF","https://open-meteo.com/en/docs/historical-weather-api","https://archive-api.open-meteo.com/v1/archive?latitude=40.7128&longitude=-74.006&start_date=2020-03-01&end_date=2020-03-31&models=era5&hourly=temperature_2m%2Crelative_humidity_2m%2Cprecipitation%2Cwind_speed_10m%2Cdew_point_2m&timezone=GMT&timeformat=unixtime&temperature_unit=celsius&wind_speed_unit=ms&precipitation_unit=mm&cell_selection=land"
"new-york-march-2020",40.7128,-74.006,"2020-03-01","2020-03-31","2020-03-05T19:00:00.000Z",8.3,44,0,1.84,-3.1,"2020-03-05T18:00:00.000Z","2020-03-05T19:00:00.000Z",true,"","complete",744,744,744,"Open-Meteo","ERA5 (requested)","era5",,"modeled_reanalysis",40.75,-74,32,"2026-09-11T00:26:47.065Z",,,"land","provider default elevation adjustment","instant meteorology; precipitation sum over preceding hour ending at time","reanalysis-adapter-v1","Weather data by Open-Meteo; ERA5 by Copernicus Climate Change Service (C3S) / ECMWF","https://open-meteo.com/en/docs/historical-weather-api","https://archive-api.open-meteo.com/v1/archive?latitude=40.7128&longitude=-74.006&start_date=2020-03-01&end_date=2020-03-31&models=era5&hourly=temperature_2m%2Crelative_humidity_2m%2Cprecipitation%2Cwind_speed_10m%2Cdew_point_2m&timezone=GMT&timeformat=unixtime&temperature_unit=celsius&wind_speed_unit=ms&precipitation_unit=mm&cell_selection=land"
"new-york-march-2020",40.7128,-74.006,"2020-03-01","2020-03-31","2020-03-05T20:00:00.000Z",8.6,45,0,2.01,-2.7,"2020-03-05T19:00:00.000Z","2020-03-05T20:00:00.000Z",true,"","complete",744,744,744,"Open-Meteo","ERA5 (requested)","era5",,"modeled_reanalysis",40.75,-74,32,"2026-09-11T00:26:47.065Z",,,"land","provider default elevation adjustment","instant meteorology; precipitation sum over preceding hour ending at time","reanalysis-adapter-v1","Weather data by Open-Meteo; ERA5 by Copernicus Climate Change Service (C3S) / ECMWF","https://open-meteo.com/en/docs/historical-weather-api","https://archive-api.open-meteo.com/v1/archive?latitude=40.7128&longitude=-74.006&start_date=2020-03-01&end_date=2020-03-31&models=era5&hourly=temperature_2m%2Crelative_humidity_2m%2Cprecipitation%2Cwind_speed_10m%2Cdew_point_2m&timezone=GMT&timeformat=unixtime&temperature_unit=celsius&wind_speed_unit=ms&precipitation_unit=mm&cell_selection=land"
"new-york-march-2020",40.7128,-74.006,"2020-03-01","2020-03-31","2020-03-05T21:00:00.000Z",8.8,46,0,1.7,-2.1,"2020-03-05T20:00:00.000Z","2020-03-05T21:00:00.000Z",true,"","complete",744,744,744,"Open-Meteo","ERA5 (requested)","era5",,"modeled_reanalysis",40.75,-74,32,"2026-09-11T00:26:47.065Z",,,"land","provider default elevation adjustment","instant meteorology; precipitation sum over preceding hour ending at time","reanalysis-adapter-v1","Weather data by Open-Meteo; ERA5 by Copernicus Climate Change Service (C3S) / ECMWF","https://open-meteo.com/en/docs/historical-weather-api","https://archive-api.open-meteo.com/v1/archive?latitude=40.7128&longitude=-74.006&start_date=2020-03-01&end_date=2020-03-31&models=era5&hourly=temperature_2m%2Crelative_humidity_2m%2Cprecipitation%2Cwind_speed_10m%2Cdew_point_2m&timezone=GMT&timeformat=unixtime&temperature_unit=celsius&wind_speed_unit=ms&precipitation_unit=mm&cell_selection=land"
"new-york-march-2020",40.7128,-74.006,"2020-03-01","2020-03-31","2020-03-05T22:00:00.000Z",8.2,47,0,1.55,-2.5,"2020-03-05T21:00:00.000Z","2020-03-05T22:00:00.000Z",true,"","complete",744,744,744,"Open-Meteo","ERA5 (requested)","era5",,"modeled_reanalysis",40.75,-74,32,"2026-09-11T00:26:47.065Z",,,"land","provider default elevation adjustment","instant meteorology; precipitation sum over preceding hour ending at time","reanalysis-adapter-v1","Weather data by Open-Meteo; ERA5 by Copernicus Climate Change Service (C3S) / ECMWF","https://open-meteo.com/en/docs/historical-weather-api","https://archive-api.open-meteo.com/v1/archive?latitude=40.7128&longitude=-74.006&start_date=2020-03-01&end_date=2020-03-31&models=era5&hourly=temperature_2m%2Crelative_humidity_2m%2Cprecipitation%2Cwind_speed_10m%2Cdew_point_2m&timezone=GMT&timeformat=unixtime&temperature_unit=celsius&wind_speed_unit=ms&precipitation_unit=mm&cell_selection=land"
"new-york-march-2020",40.7128,-74.006,"2020-03-01","2020-03-31","2020-03-05T23:00:00.000Z",8.1,46,0,2.26,-2.9,"2020-03-05T22:00:00.000Z","2020-03-05T23:00:00.000Z",true,"","complete",744,744,744,"Open-Meteo","ERA5 (requested)","era5",,"modeled_reanalysis",40.75,-74,32,"2026-09-11T00:26:47.065Z",,,"land","provider default elevation adjustment","instant meteorology; precipitation sum over preceding hour ending at time","reanalysis-adapter-v1","Weather data by Open-Meteo; ERA5 by Copernicus Climate Change Service (C3S) / ECMWF","https://open-meteo.com/en/docs/historical-weather-api","https://archive-api.open-meteo.com/v1/archive?latitude=40.7128&longitude=-74.006&start_date=2020-03-01&end_date=2020-03-31&models=era5&hourly=temperature_2m%2Crelative_humidity_2m%2Cprecipitation%2Cwind_speed_10m%2Cdew_point_2m&timezone=GMT&timeformat=unixtime&temperature_unit=celsius&wind_speed_unit=ms&precipitation_unit=mm&cell_selection=land"
"new-york-march-2020",40.7128,-74.006,"2020-03-01","2020-03-31","2020-03-06T00:00:00.000Z",6.9,54,0,2.47,-1.6,"2020-03-05T23:00:00.000Z","2020-03-06T00:00:00.000Z",true,"","complete",744,744,744,"Open-Meteo","ERA5 (requested)","era5",,"modeled_reanalysis",40.75,-74,32,"2026-09-11T00:26:47.065Z",,,"land","provider default elevation adjustment","instant meteorology; precipitation sum over preceding hour ending at time","reanalysis-adapter-v1","Weather data by Open-Meteo; ERA5 by Copernicus Climate Change Service (C3S) / ECMWF","https://open-meteo.com/en/docs/historical-weather-api","https://archive-api.open-meteo.com/v1/archive?latitude=40.7128&longitude=-74.006&start_date=2020-03-01&end_date=2020-03-31&models=era5&hourly=temperature_2m%2Crelative_humidity_2m%2Cprecipitation%2Cwind_speed_10m%2Cdew_point_2m&timezone=GMT&timeformat=unixtime&temperature_unit=celsius&wind_speed_unit=ms&precipitation_unit=mm&cell_selection=land"
"new-york-march-2020",40.7128,-74.006,"2020-03-01","2020-03-31","2020-03-06T01:00:00.000Z",5.8,64,0,2.47,-0.5,"2020-03-06T00:00:00.000Z","2020-03-06T01:00:00.000Z",true,"","complete",744,744,744,"Open-Meteo","ERA5 (requested)","era5",,"modeled_reanalysis",40.75,-74,32,"2026-09-11T00:26:47.065Z",,,"land","provider default elevation adjustment","instant meteorology; precipitation sum over preceding hour ending at time","reanalysis-adapter-v1","Weather data by Open-Meteo; ERA5 by Copernicus Climate Change Service (C3S) / ECMWF","https://open-meteo.com/en/docs/historical-weather-api","https://archive-api.open-meteo.com/v1/archive?latitude=40.7128&longitude=-74.006&start_date=2020-03-01&end_date=2020-03-31&models=era5&hourly=temperature_2m%2Crelative_humidity_2m%2Cprecipitation%2Cwind_speed_10m%2Cdew_point_2m&timezone=GMT&timeformat=unixtime&temperature_unit=celsius&wind_speed_unit=ms&precipitation_unit=mm&cell_selection=land"
"new-york-march-2020",40.7128,-74.006,"2020-03-01","2020-03-31","2020-03-06T02:00:00.000Z",5,71,0,2.52,0.1,"2020-03-06T01:00:00.000Z","2020-03-06T02:00:00.000Z",true,"","complete",744,744,744,"Open-Meteo","ERA5 (requested)","era5",,"modeled_reanalysis",40.75,-74,32,"2026-09-11T00:26:47.065Z",,,"land","provider default elevation adjustment","instant meteorology; precipitation sum over preceding hour ending at time","reanalysis-adapter-v1","Weather data by Open-Meteo; ERA5 by Copernicus Climate Change Service (C3S) / ECMWF","https://open-meteo.com/en/docs/historical-weather-api","https://archive-api.open-meteo.com/v1/archive?latitude=40.7128&longitude=-74.006&start_date=2020-03-01&end_date=2020-03-31&models=era5&hourly=temperature_2m%2Crelative_humidity_2m%2Cprecipitation%2Cwind_speed_10m%2Cdew_point_2m&timezone=GMT&timeformat=unixtime&temperature_unit=celsius&wind_speed_unit=ms&precipitation_unit=mm&cell_selection=land"
"new-york-march-2020",40.7128,-74.006,"2020-03-01","2020-03-31","2020-03-06T03:00:00.000Z",4,76,0,2.42,0.2,"2020-03-06T02:00:00.000Z","2020-03-06T03:00:00.000Z",true,"","complete",744,744,744,"Open-Meteo","ERA5 (requested)","era5",,"modeled_reanalysis",40.75,-74,32,"2026-09-11T00:26:47.065Z",,,"land","provider default elevation adjustment","instant meteorology; precipitation sum over preceding hour ending at time","reanalysis-adapter-v1","Weather data by Open-Meteo; ERA5 by Copernicus Climate Change Service (C3S) / ECMWF","https://open-meteo.com/en/docs/historical-weather-api","https://archive-api.open-meteo.com/v1/archive?latitude=40.7128&longitude=-74.006&start_date=2020-03-01&end_date=2020-03-31&models=era5&hourly=temperature_2m%2Crelative_humidity_2m%2Cprecipitation%2Cwind_speed_10m%2Cdew_point_2m&timezone=GMT&timeformat=unixtime&temperature_unit=celsius&wind_speed_unit=ms&precipitation_unit=mm&cell_selection=land"
"new-york-march-2020",40.7128,-74.006,"2020-03-01","2020-03-31","2020-03-06T04:00:00.000Z",3.8,77,0,2.06,0.1,"2020-03-06T03:00:00.000Z","2020-03-06T04:00:00.000Z",true,"","complete",744,744,744,"Open-Meteo","ERA5 (requested)","era5",,"modeled_reanalysis",40.75,-74,32,"2026-09-11T00:26:47.065Z",,,"land","provider default elevation adjustment","instant meteorology; precipitation sum over preceding hour ending at time","reanalysis-adapter-v1","Weather data by Open-Meteo; ERA5 by Copernicus Climate Change Service (C3S) / ECMWF","https://open-meteo.com/en/docs/historical-weather-api","https://archive-api.open-meteo.com/v1/archive?latitude=40.7128&longitude=-74.006&start_date=2020-03-01&end_date=2020-03-31&models=era5&hourly=temperature_2m%2Crelative_humidity_2m%2Cprecipitation%2Cwind_speed_10m%2Cdew_point_2m&timezone=GMT&timeformat=unixtime&temperature_unit=celsius&wind_speed_unit=ms&precipitation_unit=mm&cell_selection=land"
"new-york-march-2020",40.7128,-74.006,"2020-03-01","2020-03-31","2020-03-06T05:00:00.000Z",3.8,78,0,2.6,0.3,"2020-03-06T04:00:00.000Z","2020-03-06T05:00:00.000Z",true,"","complete",744,744,744,"Open-Meteo","ERA5 (requested)","era5",,"modeled_reanalysis",40.75,-74,32,"2026-09-11T00:26:47.065Z",,,"land","provider default elevation adjustment","instant meteorology; precipitation sum over preceding hour ending at time","reanalysis-adapter-v1","Weather data by Open-Meteo; ERA5 by Copernicus Climate Change Service (C3S) / ECMWF","https://open-meteo.com/en/docs/historical-weather-api","https://archive-api.open-meteo.com/v1/archive?latitude=40.7128&longitude=-74.006&start_date=2020-03-01&end_date=2020-03-31&models=era5&hourly=temperature_2m%2Crelative_humidity_2m%2Cprecipitation%2Cwind_speed_10m%2Cdew_point_2m&timezone=GMT&timeformat=unixtime&temperature_unit=celsius&wind_speed_unit=ms&precipitation_unit=mm&cell_selection=land"
"new-york-march-2020",40.7128,-74.006,"2020-03-01","2020-03-31","2020-03-06T06:00:00.000Z",3.4,79,0,2.83,0.2,"2020-03-06T05:00:00.000Z","2020-03-06T06:00:00.000Z",true,"","complete",744,744,744,"Open-Meteo","ERA5 (requested)","era5",,"modeled_reanalysis",40.75,-74,32,"2026-09-11T00:26:47.065Z",,,"land","provider default elevation adjustment","instant meteorology; precipitation sum over preceding hour ending at time","reanalysis-adapter-v1","Weather data by Open-Meteo; ERA5 by Copernicus Climate Change Service (C3S) / ECMWF","https://open-meteo.com/en/docs/historical-weather-api","https://archive-api.open-meteo.com/v1/archive?latitude=40.7128&longitude=-74.006&start_date=2020-03-01&end_date=2020-03-31&models=era5&hourly=temperature_2m%2Crelative_humidity_2m%2Cprecipitation%2Cwind_speed_10m%2Cdew_point_2m&timezone=GMT&timeformat=unixtime&temperature_unit=celsius&wind_speed_unit=ms&precipitation_unit=mm&cell_selection=land"
"new-york-march-2020",40.7128,-74.006,"2020-03-01","2020-03-31","2020-03-06T07:00:00.000Z",3.6,79,0,2.21,0.3,"2020-03-06T06:00:00.000Z","2020-03-06T07:00:00.000Z",true,"","complete",744,744,744,"Open-Meteo","ERA5 (requested)","era5",,"modeled_reanalysis",40.75,-74,32,"2026-09-11T00:26:47.065Z",,,"land","provider default elevation adjustment","instant meteorology; precipitation sum over preceding hour ending at time","reanalysis-adapter-v1","Weather data by Open-Meteo; ERA5 by Copernicus Climate Change Service (C3S) / ECMWF","https://open-meteo.com/en/docs/historical-weather-api","https://archive-api.open-meteo.com/v1/archive?latitude=40.7128&longitude=-74.006&start_date=2020-03-01&end_date=2020-03-31&models=era5&hourly=temperature_2m%2Crelative_humidity_2m%2Cprecipitation%2Cwind_speed_10m%2Cdew_point_2m&timezone=GMT&timeformat=unixtime&temperature_unit=celsius&wind_speed_unit=ms&precipitation_unit=mm&cell_selection=land"
"new-york-march-2020",40.7128,-74.006,"2020-03-01","2020-03-31","2020-03-06T08:00:00.000Z",3.6,79,0,1.71,0.2,"2020-03-06T07:00:00.000Z","2020-03-06T08:00:00.000Z",true,"","complete",744,744,744,"Open-Meteo","ERA5 (requested)","era5",,"modeled_reanalysis",40.75,-74,32,"2026-09-11T00:26:47.065Z",,,"land","provider default elevation adjustment","instant meteorology; precipitation sum over preceding hour ending at time","reanalysis-adapter-v1","Weather data by Open-Meteo; ERA5 by Copernicus Climate Change Service (C3S) / ECMWF","https://open-meteo.com/en/docs/historical-weather-api","https://archive-api.open-meteo.com/v1/archive?latitude=40.7128&longitude=-74.006&start_date=2020-03-01&end_date=2020-03-31&models=era5&hourly=temperature_2m%2Crelative_humidity_2m%2Cprecipitation%2Cwind_speed_10m%2Cdew_point_2m&timezone=GMT&timeformat=unixtime&temperature_unit=celsius&wind_speed_unit=ms&precipitation_unit=mm&cell_selection=land"
"new-york-march-2020",40.7128,-74.006,"2020-03-01","2020-03-31","2020-03-06T09:00:00.000Z",3.4,82,0,1.78,0.6,"2020-03-06T08:00:00.000Z","2020-03-06T09:00:00.000Z",true,"","complete",744,744,744,"Open-Meteo","ERA5 (requested)","era5",,"modeled_reanalysis",40.75,-74,32,"2026-09-11T00:26:47.065Z",,,"land","provider default elevation adjustment","instant meteorology; precipitation sum over preceding hour ending at time","reanalysis-adapter-v1","Weather data by Open-Meteo; ERA5 by Copernicus Climate Change Service (C3S) / ECMWF","https://open-meteo.com/en/docs/historical-weather-api","https://archive-api.open-meteo.com/v1/archive?latitude=40.7128&longitude=-74.006&start_date=2020-03-01&end_date=2020-03-31&models=era5&hourly=temperature_2m%2Crelative_humidity_2m%2Cprecipitation%2Cwind_speed_10m%2Cdew_point_2m&timezone=GMT&timeformat=unixtime&temperature_unit=celsius&wind_speed_unit=ms&precipitation_unit=mm&cell_selection=land"
"new-york-march-2020",40.7128,-74.006,"2020-03-01","2020-03-31","2020-03-06T10:00:00.000Z",2.6,88,0,1.72,0.8,"2020-03-06T09:00:00.000Z","2020-03-06T10:00:00.000Z",true,"","complete",744,744,744,"Open-Meteo","ERA5 (requested)","era5",,"modeled_reanalysis",40.75,-74,32,"2026-09-11T00:26:47.065Z",,,"land","provider default elevation adjustment","instant meteorology; precipitation sum over preceding hour ending at time","reanalysis-adapter-v1","Weather data by Open-Meteo; ERA5 by Copernicus Climate Change Service (C3S) / ECMWF","https://open-meteo.com/en/docs/historical-weather-api","https://archive-api.open-meteo.com/v1/archive?latitude=40.7128&longitude=-74.006&start_date=2020-03-01&end_date=2020-03-31&models=era5&hourly=temperature_2m%2Crelative_humidity_2m%2Cprecipitation%2Cwind_speed_10m%2Cdew_point_2m&timezone=GMT&timeformat=unixtime&temperature_unit=celsius&wind_speed_unit=ms&precipitation_unit=mm&cell_selection=land"
"new-york-march-2020",40.7128,-74.006,"2020-03-01","2020-03-31","2020-03-06T11:00:00.000Z",2.4,89,0,2.26,0.8,"2020-03-06T10:00:00.000Z","2020-03-06T11:00:00.000Z",true,"","complete",744,744,744,"Open-Meteo","ERA5 (requested)","era5",,"modeled_reanalysis",40.75,-74,32,"2026-09-11T00:26:47.065Z",,,"land","provider default elevation adjustment","instant meteorology; precipitation sum over preceding hour ending at time","reanalysis-adapter-v1","Weather data by Open-Meteo; ERA5 by Copernicus Climate Change Service (C3S) / ECMWF","https://open-meteo.com/en/docs/historical-weather-api","https://archive-api.open-meteo.com/v1/archive?latitude=40.7128&longitude=-74.006&start_date=2020-03-01&end_date=2020-03-31&models=era5&hourly=temperature_2m%2Crelative_humidity_2m%2Cprecipitation%2Cwind_speed_10m%2Cdew_point_2m&timezone=GMT&timeformat=unixtime&temperature_unit=celsius&wind_speed_unit=ms&precipitation_unit=mm&cell_selection=land"
"new-york-march-2020",40.7128,-74.006,"2020-03-01","2020-03-31","2020-03-06T12:00:00.000Z",2.1,89,0,2.97,0.5,"2020-03-06T11:00:00.000Z","2020-03-06T12:00:00.000Z",true,"","complete",744,744,744,"Open-Meteo","ERA5 (requested)","era5",,"modeled_reanalysis",40.75,-74,32,"2026-09-11T00:26:47.065Z",,,"land","provider default elevation adjustment","instant meteorology; precipitation sum over preceding hour ending at time","reanalysis-adapter-v1","Weather data by Open-Meteo; ERA5 by Copernicus Climate Change Service (C3S) / ECMWF","https://open-meteo.com/en/docs/historical-weather-api","https://archive-api.open-meteo.com/v1/archive?latitude=40.7128&longitude=-74.006&start_date=2020-03-01&end_date=2020-03-31&models=era5&hourly=temperature_2m%2Crelative_humidity_2m%2Cprecipitation%2Cwind_speed_10m%2Cdew_point_2m&timezone=GMT&timeformat=unixtime&temperature_unit=celsius&wind_speed_unit=ms&precipitation_unit=mm&cell_selection=land"
"new-york-march-2020",40.7128,-74.006,"2020-03-01","2020-03-31","2020-03-06T13:00:00.000Z",3,84,0,2.83,0.5,"2020-03-06T12:00:00.000Z","2020-03-06T13:00:00.000Z",true,"","complete",744,744,744,"Open-Meteo","ERA5 (requested)","era5",,"modeled_reanalysis",40.75,-74,32,"2026-09-11T00:26:47.065Z",,,"land","provider default elevation adjustment","instant meteorology; precipitation sum over preceding hour ending at time","reanalysis-adapter-v1","Weather data by Open-Meteo; ERA5 by Copernicus Climate Change Service (C3S) / ECMWF","https://open-meteo.com/en/docs/historical-weather-api","https://archive-api.open-meteo.com/v1/archive?latitude=40.7128&longitude=-74.006&start_date=2020-03-01&end_date=2020-03-31&models=era5&hourly=temperature_2m%2Crelative_humidity_2m%2Cprecipitation%2Cwind_speed_10m%2Cdew_point_2m&timezone=GMT&timeformat=unixtime&temperature_unit=celsius&wind_speed_unit=ms&precipitation_unit=mm&cell_selection=land"
"new-york-march-2020",40.7128,-74.006,"2020-03-01","2020-03-31","2020-03-06T14:00:00.000Z",4.9,79,0,3.32,1.5,"2020-03-06T13:00:00.000Z","2020-03-06T14:00:00.000Z",true,"","complete",744,744,744,"Open-Meteo","ERA5 (requested)","era5",,"modeled_reanalysis",40.75,-74,32,"2026-09-11T00:26:47.065Z",,,"land","provider default elevation adjustment","instant meteorology; precipitation sum over preceding hour ending at time","reanalysis-adapter-v1","Weather data by Open-Meteo; ERA5 by Copernicus Climate Change Service (C3S) / ECMWF","https://open-meteo.com/en/docs/historical-weather-api","https://archive-api.open-meteo.com/v1/archive?latitude=40.7128&longitude=-74.006&start_date=2020-03-01&end_date=2020-03-31&models=era5&hourly=temperature_2m%2Crelative_humidity_2m%2Cprecipitation%2Cwind_speed_10m%2Cdew_point_2m&timezone=GMT&timeformat=unixtime&temperature_unit=celsius&wind_speed_unit=ms&precipitation_unit=mm&cell_selection=land"
"new-york-march-2020",40.7128,-74.006,"2020-03-01","2020-03-31","2020-03-06T15:00:00.000Z",6.5,70,0,3.32,1.4,"2020-03-06T14:00:00.000Z","2020-03-06T15:00:00.000Z",true,"","complete",744,744,744,"Open-Meteo","ERA5 (requested)","era5",,"modeled_reanalysis",40.75,-74,32,"2026-09-11T00:26:47.065Z",,,"land","provider default elevation adjustment","instant meteorology; precipitation sum over preceding hour ending at time","reanalysis-adapter-v1","Weather data by Open-Meteo; ERA5 by Copernicus Climate Change Service (C3S) / ECMWF","https://open-meteo.com/en/docs/historical-weather-api","https://archive-api.open-meteo.com/v1/archive?latitude=40.7128&longitude=-74.006&start_date=2020-03-01&end_date=2020-03-31&models=era5&hourly=temperature_2m%2Crelative_humidity_2m%2Cprecipitation%2Cwind_speed_10m%2Cdew_point_2m&timezone=GMT&timeformat=unixtime&temperature_unit=celsius&wind_speed_unit=ms&precipitation_unit=mm&cell_selection=land"
"new-york-march-2020",40.7128,-74.006,"2020-03-01","2020-03-31","2020-03-06T16:00:00.000Z",7.1,67,0,2.95,1.4,"2020-03-06T15:00:00.000Z","2020-03-06T16:00:00.000Z",true,"","complete",744,744,744,"Open-Meteo","ERA5 (requested)","era5",,"modeled_reanalysis",40.75,-74,32,"2026-09-11T00:26:47.065Z",,,"land","provider default elevation adjustment","instant meteorology; precipitation sum over preceding hour ending at time","reanalysis-adapter-v1","Weather data by Open-Meteo; ERA5 by Copernicus Climate Change Service (C3S) / ECMWF","https://open-meteo.com/en/docs/historical-weather-api","https://archive-api.open-meteo.com/v1/archive?latitude=40.7128&longitude=-74.006&start_date=2020-03-01&end_date=2020-03-31&models=era5&hourly=temperature_2m%2Crelative_humidity_2m%2Cprecipitation%2Cwind_speed_10m%2Cdew_point_2m&timezone=GMT&timeformat=unixtime&temperature_unit=celsius&wind_speed_unit=ms&precipitation_unit=mm&cell_selection=land"
"new-york-march-2020",40.7128,-74.006,"2020-03-01","2020-03-31","2020-03-06T17:00:00.000Z",6.9,70,0.2,2.94,1.9,"2020-03-06T16:00:00.000Z","2020-03-06T17:00:00.000Z",true,"","complete",744,744,744,"Open-Meteo","ERA5 (requested)","era5",,"modeled_reanalysis",40.75,-74,32,"2026-09-11T00:26:47.065Z",,,"land","provider default elevation adjustment","instant meteorology; precipitation sum over preceding hour ending at time","reanalysis-adapter-v1","Weather data by Open-Meteo; ERA5 by Copernicus Climate Change Service (C3S) / ECMWF","https://open-meteo.com/en/docs/historical-weather-api","https://archive-api.open-meteo.com/v1/archive?latitude=40.7128&longitude=-74.006&start_date=2020-03-01&end_date=2020-03-31&models=era5&hourly=temperature_2m%2Crelative_humidity_2m%2Cprecipitation%2Cwind_speed_10m%2Cdew_point_2m&timezone=GMT&timeformat=unixtime&temperature_unit=celsius&wind_speed_unit=ms&precipitation_unit=mm&cell_selection=land"
"new-york-march-2020",40.7128,-74.006,"2020-03-01","2020-03-31","2020-03-06T18:00:00.000Z",7.2,69,0.5,2.98,1.8,"2020-03-06T17:00:00.000Z","2020-03-06T18:00:00.000Z",true,"","complete",744,744,744,"Open-Meteo","ERA5 (requested)","era5",,"modeled_reanalysis",40.75,-74,32,"2026-09-11T00:26:47.065Z",,,"land","provider default elevation adjustment","instant meteorology; precipitation sum over preceding hour ending at time","reanalysis-adapter-v1","Weather data by Open-Meteo; ERA5 by Copernicus Climate Change Service (C3S) / ECMWF","https://open-meteo.com/en/docs/historical-weather-api","https://archive-api.open-meteo.com/v1/archive?latitude=40.7128&longitude=-74.006&start_date=2020-03-01&end_date=2020-03-31&models=era5&hourly=temperature_2m%2Crelative_humidity_2m%2Cprecipitation%2Cwind_speed_10m%2Cdew_point_2m&timezone=GMT&timeformat=unixtime&temperature_unit=celsius&wind_speed_unit=ms&precipitation_unit=mm&cell_selection=land"
"new-york-march-2020",40.7128,-74.006,"2020-03-01","2020-03-31","2020-03-06T19:00:00.000Z",7,71,0.5,3.62,2.1,"2020-03-06T18:00:00.000Z","2020-03-06T19:00:00.000Z",true,"","complete",744,744,744,"Open-Meteo","ERA5 (requested)","era5",,"modeled_reanalysis",40.75,-74,32,"2026-09-11T00:26:47.065Z",,,"land","provider default elevation adjustment","instant meteorology; precipitation sum over preceding hour ending at time","reanalysis-adapter-v1","Weather data by Open-Meteo; ERA5 by Copernicus Climate Change Service (C3S) / ECMWF","https://open-meteo.com/en/docs/historical-weather-api","https://archive-api.open-meteo.com/v1/archive?latitude=40.7128&longitude=-74.006&start_date=2020-03-01&end_date=2020-03-31&models=era5&hourly=temperature_2m%2Crelative_humidity_2m%2Cprecipitation%2Cwind_speed_10m%2Cdew_point_2m&timezone=GMT&timeformat=unixtime&temperature_unit=celsius&wind_speed_unit=ms&precipitation_unit=mm&cell_selection=land"
"new-york-march-2020",40.7128,-74.006,"2020-03-01","2020-03-31","2020-03-06T20:00:00.000Z",6.3,73,0.5,4.12,1.9,"2020-03-06T19:00:00.000Z","2020-03-06T20:00:00.000Z",true,"","complete",744,744,744,"Open-Meteo","ERA5 (requested)","era5",,"modeled_reanalysis",40.75,-74,32,"2026-09-11T00:26:47.065Z",,,"land","provider default elevation adjustment","instant meteorology; precipitation sum over preceding hour ending at time","reanalysis-adapter-v1","Weather data by Open-Meteo; ERA5 by Copernicus Climate Change Service (C3S) / ECMWF","https://open-meteo.com/en/docs/historical-weather-api","https://archive-api.open-meteo.com/v1/archive?latitude=40.7128&longitude=-74.006&start_date=2020-03-01&end_date=2020-03-31&models=era5&hourly=temperature_2m%2Crelative_humidity_2m%2Cprecipitation%2Cwind_speed_10m%2Cdew_point_2m&timezone=GMT&timeformat=unixtime&temperature_unit=celsius&wind_speed_unit=ms&precipitation_unit=mm&cell_selection=land"
"new-york-march-2020",40.7128,-74.006,"2020-03-01","2020-03-31","2020-03-06T21:00:00.000Z",5.4,78,0.6,3.42,1.9,"2020-03-06T20:00:00.000Z","2020-03-06T21:00:00.000Z",true,"","complete",744,744,744,"Open-Meteo","ERA5 (requested)","era5",,"modeled_reanalysis",40.75,-74,32,"2026-09-11T00:26:47.065Z",,,"land","provider default elevation adjustment","instant meteorology; precipitation sum over preceding hour ending at time","reanalysis-adapter-v1","Weather data by Open-Meteo; ERA5 by Copernicus Climate Change Service (C3S) / ECMWF","https://open-meteo.com/en/docs/historical-weather-api","https://archive-api.open-meteo.com/v1/archive?latitude=40.7128&longitude=-74.006&start_date=2020-03-01&end_date=2020-03-31&models=era5&hourly=temperature_2m%2Crelative_humidity_2m%2Cprecipitation%2Cwind_speed_10m%2Cdew_point_2m&timezone=GMT&timeformat=unixtime&temperature_unit=celsius&wind_speed_unit=ms&precipitation_unit=mm&cell_selection=land"
"new-york-march-2020",40.7128,-74.006,"2020-03-01","2020-03-31","2020-03-06T22:00:00.000Z",4.7,78,0.7,3.1,1.2,"2020-03-06T21:00:00.000Z","2020-03-06T22:00:00.000Z",true,"","complete",744,744,744,"Open-Meteo","ERA5 (requested)","era5",,"modeled_reanalysis",40.75,-74,32,"2026-09-11T00:26:47.065Z",,,"land","provider default elevation adjustment","instant meteorology; precipitation sum over preceding hour ending at time","reanalysis-adapter-v1","Weather data by Open-Meteo; ERA5 by Copernicus Climate Change Service (C3S) / ECMWF","https://open-meteo.com/en/docs/historical-weather-api","https://archive-api.open-meteo.com/v1/archive?latitude=40.7128&longitude=-74.006&start_date=2020-03-01&end_date=2020-03-31&models=era5&hourly=temperature_2m%2Crelative_humidity_2m%2Cprecipitation%2Cwind_speed_10m%2Cdew_point_2m&timezone=GMT&timeformat=unixtime&temperature_unit=celsius&wind_speed_unit=ms&precipitation_unit=mm&cell_selection=land"
"new-york-march-2020",40.7128,-74.006,"2020-03-01","2020-03-31","2020-03-06T23:00:00.000Z",4.6,78,0.9,3.54,1,"2020-03-06T22:00:00.000Z","2020-03-06T23:00:00.000Z",true,"","complete",744,744,744,"Open-Meteo","ERA5 (requested)","era5",,"modeled_reanalysis",40.75,-74,32,"2026-09-11T00:26:47.065Z",,,"land","provider default elevation adjustment","instant meteorology; precipitation sum over preceding hour ending at time","reanalysis-adapter-v1","Weather data by Open-Meteo; ERA5 by Copernicus Climate Change Service (C3S) / ECMWF","https://open-meteo.com/en/docs/historical-weather-api","https://archive-api.open-meteo.com/v1/archive?latitude=40.7128&longitude=-74.006&start_date=2020-03-01&end_date=2020-03-31&models=era5&hourly=temperature_2m%2Crelative_humidity_2m%2Cprecipitation%2Cwind_speed_10m%2Cdew_point_2m&timezone=GMT&timeformat=unixtime&temperature_unit=celsius&wind_speed_unit=ms&precipitation_unit=mm&cell_selection=land"
"new-york-march-2020",40.7128,-74.006,"2020-03-01","2020-03-31","2020-03-07T00:00:00.000Z",4.3,80,0.6,3.59,1.1,"2020-03-06T23:00:00.000Z","2020-03-07T00:00:00.000Z",true,"","complete",744,744,744,"Open-Meteo","ERA5 (requested)","era5",,"modeled_reanalysis",40.75,-74,32,"2026-09-11T00:26:47.065Z",,,"land","provider default elevation adjustment","instant meteorology; precipitation sum over preceding hour ending at time","reanalysis-adapter-v1","Weather data by Open-Meteo; ERA5 by Copernicus Climate Change Service (C3S) / ECMWF","https://open-meteo.com/en/docs/historical-weather-api","https://archive-api.open-meteo.com/v1/archive?latitude=40.7128&longitude=-74.006&start_date=2020-03-01&end_date=2020-03-31&models=era5&hourly=temperature_2m%2Crelative_humidity_2m%2Cprecipitation%2Cwind_speed_10m%2Cdew_point_2m&timezone=GMT&timeformat=unixtime&temperature_unit=celsius&wind_speed_unit=ms&precipitation_unit=mm&cell_selection=land"
"new-york-march-2020",40.7128,-74.006,"2020-03-01","2020-03-31","2020-03-07T01:00:00.000Z",4.3,81,0.2,3.55,1.4,"2020-03-07T00:00:00.000Z","2020-03-07T01:00:00.000Z",true,"","complete",744,744,744,"Open-Meteo","ERA5 (requested)","era5",,"modeled_reanalysis",40.75,-74,32,"2026-09-11T00:26:47.065Z",,,"land","provider default elevation adjustment","instant meteorology; precipitation sum over preceding hour ending at time","reanalysis-adapter-v1","Weather data by Open-Meteo; ERA5 by Copernicus Climate Change Service (C3S) / ECMWF","https://open-meteo.com/en/docs/historical-weather-api","https://archive-api.open-meteo.com/v1/archive?latitude=40.7128&longitude=-74.006&start_date=2020-03-01&end_date=2020-03-31&models=era5&hourly=temperature_2m%2Crelative_humidity_2m%2Cprecipitation%2Cwind_speed_10m%2Cdew_point_2m&timezone=GMT&timeformat=unixtime&temperature_unit=celsius&wind_speed_unit=ms&precipitation_unit=mm&cell_selection=land"
"new-york-march-2020",40.7128,-74.006,"2020-03-01","2020-03-31","2020-03-07T02:00:00.000Z",3.8,82,0,3.4,1,"2020-03-07T01:00:00.000Z","2020-03-07T02:00:00.000Z",true,"","complete",744,744,744,"Open-Meteo","ERA5 (requested)","era5",,"modeled_reanalysis",40.75,-74,32,"2026-09-11T00:26:47.065Z",,,"land","provider default elevation adjustment","instant meteorology; precipitation sum over preceding hour ending at time","reanalysis-adapter-v1","Weather data by Open-Meteo; ERA5 by Copernicus Climate Change Service (C3S) / ECMWF","https://open-meteo.com/en/docs/historical-weather-api","https://archive-api.open-meteo.com/v1/archive?latitude=40.7128&longitude=-74.006&start_date=2020-03-01&end_date=2020-03-31&models=era5&hourly=temperature_2m%2Crelative_humidity_2m%2Cprecipitation%2Cwind_speed_10m%2Cdew_point_2m&timezone=GMT&timeformat=unixtime&temperature_unit=celsius&wind_speed_unit=ms&precipitation_unit=mm&cell_selection=land"
"new-york-march-2020",40.7128,-74.006,"2020-03-01","2020-03-31","2020-03-07T03:00:00.000Z",3.6,82,0,3.65,0.8,"2020-03-07T02:00:00.000Z","2020-03-07T03:00:00.000Z",true,"","complete",744,744,744,"Open-Meteo","ERA5 (requested)","era5",,"modeled_reanalysis",40.75,-74,32,"2026-09-11T00:26:47.065Z",,,"land","provider default elevation adjustment","instant meteorology; precipitation sum over preceding hour ending at time","reanalysis-adapter-v1","Weather data by Open-Meteo; ERA5 by Copernicus Climate Change Service (C3S) / ECMWF","https://open-meteo.com/en/docs/historical-weather-api","https://archive-api.open-meteo.com/v1/archive?latitude=40.7128&longitude=-74.006&start_date=2020-03-01&end_date=2020-03-31&models=era5&hourly=temperature_2m%2Crelative_humidity_2m%2Cprecipitation%2Cwind_speed_10m%2Cdew_point_2m&timezone=GMT&timeformat=unixtime&temperature_unit=celsius&wind_speed_unit=ms&precipitation_unit=mm&cell_selection=land"
"new-york-march-2020",40.7128,-74.006,"2020-03-01","2020-03-31","2020-03-07T04:00:00.000Z",3.3,84,0,3.5,0.8,"2020-03-07T03:00:00.000Z","2020-03-07T04:00:00.000Z",true,"","complete",744,744,744,"Open-Meteo","ERA5 (requested)","era5",,"modeled_reanalysis",40.75,-74,32,"2026-09-11T00:26:47.065Z",,,"land","provider default elevation adjustment","instant meteorology; precipitation sum over preceding hour ending at time","reanalysis-adapter-v1","Weather data by Open-Meteo; ERA5 by Copernicus Climate Change Service (C3S) / ECMWF","https://open-meteo.com/en/docs/historical-weather-api","https://archive-api.open-meteo.com/v1/archive?latitude=40.7128&longitude=-74.006&start_date=2020-03-01&end_date=2020-03-31&models=era5&hourly=temperature_2m%2Crelative_humidity_2m%2Cprecipitation%2Cwind_speed_10m%2Cdew_point_2m&timezone=GMT&timeformat=unixtime&temperature_unit=celsius&wind_speed_unit=ms&precipitation_unit=mm&cell_selection=land"
"new-york-march-2020",40.7128,-74.006,"2020-03-01","2020-03-31","2020-03-07T05:00:00.000Z",3.3,84,0,3.86,0.8,"2020-03-07T04:00:00.000Z","2020-03-07T05:00:00.000Z",true,"","complete",744,744,744,"Open-Meteo","ERA5 (requested)","era5",,"modeled_reanalysis",40.75,-74,32,"2026-09-11T00:26:47.065Z",,,"land","provider default elevation adjustment","instant meteorology; precipitation sum over preceding hour ending at time","reanalysis-adapter-v1","Weather data by Open-Meteo; ERA5 by Copernicus Climate Change Service (C3S) / ECMWF","https://open-meteo.com/en/docs/historical-weather-api","https://archive-api.open-meteo.com/v1/archive?latitude=40.7128&longitude=-74.006&start_date=2020-03-01&end_date=2020-03-31&models=era5&hourly=temperature_2m%2Crelative_humidity_2m%2Cprecipitation%2Cwind_speed_10m%2Cdew_point_2m&timezone=GMT&timeformat=unixtime&temperature_unit=celsius&wind_speed_unit=ms&precipitation_unit=mm&cell_selection=land"
"new-york-march-2020",40.7128,-74.006,"2020-03-01","2020-03-31","2020-03-07T06:00:00.000Z",3,85,0,4.02,0.7,"2020-03-07T05:00:00.000Z","2020-03-07T06:00:00.000Z",true,"","complete",744,744,744,"Open-Meteo","ERA5 (requested)","era5",,"modeled_reanalysis",40.75,-74,32,"2026-09-11T00:26:47.065Z",,,"land","provider default elevation adjustment","instant meteorology; precipitation sum over preceding hour ending at time","reanalysis-adapter-v1","Weather data by Open-Meteo; ERA5 by Copernicus Climate Change Service (C3S) / ECMWF","https://open-meteo.com/en/docs/historical-weather-api","https://archive-api.open-meteo.com/v1/archive?latitude=40.7128&longitude=-74.006&start_date=2020-03-01&end_date=2020-03-31&models=era5&hourly=temperature_2m%2Crelative_humidity_2m%2Cprecipitation%2Cwind_speed_10m%2Cdew_point_2m&timezone=GMT&timeformat=unixtime&temperature_unit=celsius&wind_speed_unit=ms&precipitation_unit=mm&cell_selection=land"
"new-york-march-2020",40.7128,-74.006,"2020-03-01","2020-03-31","2020-03-07T07:00:00.000Z",3.1,84,0.1,4.11,0.6,"2020-03-07T06:00:00.000Z","2020-03-07T07:00:00.000Z",true,"","complete",744,744,744,"Open-Meteo","ERA5 (requested)","era5",,"modeled_reanalysis",40.75,-74,32,"2026-09-11T00:26:47.065Z",,,"land","provider default elevation adjustment","instant meteorology; precipitation sum over preceding hour ending at time","reanalysis-adapter-v1","Weather data by Open-Meteo; ERA5 by Copernicus Climate Change Service (C3S) / ECMWF","https://open-meteo.com/en/docs/historical-weather-api","https://archive-api.open-meteo.com/v1/archive?latitude=40.7128&longitude=-74.006&start_date=2020-03-01&end_date=2020-03-31&models=era5&hourly=temperature_2m%2Crelative_humidity_2m%2Cprecipitation%2Cwind_speed_10m%2Cdew_point_2m&timezone=GMT&timeformat=unixtime&temperature_unit=celsius&wind_speed_unit=ms&precipitation_unit=mm&cell_selection=land"
"new-york-march-2020",40.7128,-74.006,"2020-03-01","2020-03-31","2020-03-07T08:00:00.000Z",2.9,82,0,4.25,0.2,"2020-03-07T07:00:00.000Z","2020-03-07T08:00:00.000Z",true,"","complete",744,744,744,"Open-Meteo","ERA5 (requested)","era5",,"modeled_reanalysis",40.75,-74,32,"2026-09-11T00:26:47.065Z",,,"land","provider default elevation adjustment","instant meteorology; precipitation sum over preceding hour ending at time","reanalysis-adapter-v1","Weather data by Open-Meteo; ERA5 by Copernicus Climate Change Service (C3S) / ECMWF","https://open-meteo.com/en/docs/historical-weather-api","https://archive-api.open-meteo.com/v1/archive?latitude=40.7128&longitude=-74.006&start_date=2020-03-01&end_date=2020-03-31&models=era5&hourly=temperature_2m%2Crelative_humidity_2m%2Cprecipitation%2Cwind_speed_10m%2Cdew_point_2m&timezone=GMT&timeformat=unixtime&temperature_unit=celsius&wind_speed_unit=ms&precipitation_unit=mm&cell_selection=land"
"new-york-march-2020",40.7128,-74.006,"2020-03-01","2020-03-31","2020-03-07T09:00:00.000Z",2.4,81,0,4.72,-0.6,"2020-03-07T08:00:00.000Z","2020-03-07T09:00:00.000Z",true,"","complete",744,744,744,"Open-Meteo","ERA5 (requested)","era5",,"modeled_reanalysis",40.75,-74,32,"2026-09-11T00:26:47.065Z",,,"land","provider default elevation adjustment","instant meteorology; precipitation sum over preceding hour ending at time","reanalysis-adapter-v1","Weather data by Open-Meteo; ERA5 by Copernicus Climate Change Service (C3S) / ECMWF","https://open-meteo.com/en/docs/historical-weather-api","https://archive-api.open-meteo.com/v1/archive?latitude=40.7128&longitude=-74.006&start_date=2020-03-01&end_date=2020-03-31&models=era5&hourly=temperature_2m%2Crelative_humidity_2m%2Cprecipitation%2Cwind_speed_10m%2Cdew_point_2m&timezone=GMT&timeformat=unixtime&temperature_unit=celsius&wind_speed_unit=ms&precipitation_unit=mm&cell_selection=land"
"new-york-march-2020",40.7128,-74.006,"2020-03-01","2020-03-31","2020-03-07T10:00:00.000Z",2,77,0,4.44,-1.6,"2020-03-07T09:00:00.000Z","2020-03-07T10:00:00.000Z",true,"","complete",744,744,744,"Open-Meteo","ERA5 (requested)","era5",,"modeled_reanalysis",40.75,-74,32,"2026-09-11T00:26:47.065Z",,,"land","provider default elevation adjustment","instant meteorology; precipitation sum over preceding hour ending at time","reanalysis-adapter-v1","Weather data by Open-Meteo; ERA5 by Copernicus Climate Change Service (C3S) / ECMWF","https://open-meteo.com/en/docs/historical-weather-api","https://archive-api.open-meteo.com/v1/archive?latitude=40.7128&longitude=-74.006&start_date=2020-03-01&end_date=2020-03-31&models=era5&hourly=temperature_2m%2Crelative_humidity_2m%2Cprecipitation%2Cwind_speed_10m%2Cdew_point_2m&timezone=GMT&timeformat=unixtime&temperature_unit=celsius&wind_speed_unit=ms&precipitation_unit=mm&cell_selection=land"
"new-york-march-2020",40.7128,-74.006,"2020-03-01","2020-03-31","2020-03-07T11:00:00.000Z",1.9,77,0,4.85,-1.7,"2020-03-07T10:00:00.000Z","2020-03-07T11:00:00.000Z",true,"","complete",744,744,744,"Open-Meteo","ERA5 (requested)","era5",,"modeled_reanalysis",40.75,-74,32,"2026-09-11T00:26:47.065Z",,,"land","provider default elevation adjustment","instant meteorology; precipitation sum over preceding hour ending at time","reanalysis-adapter-v1","Weather data by Open-Meteo; ERA5 by Copernicus Climate Change Service (C3S) / ECMWF","https://open-meteo.com/en/docs/historical-weather-api","https://archive-api.open-meteo.com/v1/archive?latitude=40.7128&longitude=-74.006&start_date=2020-03-01&end_date=2020-03-31&models=era5&hourly=temperature_2m%2Crelative_humidity_2m%2Cprecipitation%2Cwind_speed_10m%2Cdew_point_2m&timezone=GMT&timeformat=unixtime&temperature_unit=celsius&wind_speed_unit=ms&precipitation_unit=mm&cell_selection=land"
"new-york-march-2020",40.7128,-74.006,"2020-03-01","2020-03-31","2020-03-07T12:00:00.000Z",1.9,74,0,5.5,-2.2,"2020-03-07T11:00:00.000Z","2020-03-07T12:00:00.000Z",true,"","complete",744,744,744,"Open-Meteo","ERA5 (requested)","era5",,"modeled_reanalysis",40.75,-74,32,"2026-09-11T00:26:47.065Z",,,"land","provider default elevation adjustment","instant meteorology; precipitation sum over preceding hour ending at time","reanalysis-adapter-v1","Weather data by Open-Meteo; ERA5 by Copernicus Climate Change Service (C3S) / ECMWF","https://open-meteo.com/en/docs/historical-weather-api","https://archive-api.open-meteo.com/v1/archive?latitude=40.7128&longitude=-74.006&start_date=2020-03-01&end_date=2020-03-31&models=era5&hourly=temperature_2m%2Crelative_humidity_2m%2Cprecipitation%2Cwind_speed_10m%2Cdew_point_2m&timezone=GMT&timeformat=unixtime&temperature_unit=celsius&wind_speed_unit=ms&precipitation_unit=mm&cell_selection=land"
"new-york-march-2020",40.7128,-74.006,"2020-03-01","2020-03-31","2020-03-07T13:00:00.000Z",2.3,68,0,5.64,-3,"2020-03-07T12:00:00.000Z","2020-03-07T13:00:00.000Z",true,"","complete",744,744,744,"Open-Meteo","ERA5 (requested)","era5",,"modeled_reanalysis",40.75,-74,32,"2026-09-11T00:26:47.065Z",,,"land","provider default elevation adjustment","instant meteorology; precipitation sum over preceding hour ending at time","reanalysis-adapter-v1","Weather data by Open-Meteo; ERA5 by Copernicus Climate Change Service (C3S) / ECMWF","https://open-meteo.com/en/docs/historical-weather-api","https://archive-api.open-meteo.com/v1/archive?latitude=40.7128&longitude=-74.006&start_date=2020-03-01&end_date=2020-03-31&models=era5&hourly=temperature_2m%2Crelative_humidity_2m%2Cprecipitation%2Cwind_speed_10m%2Cdew_point_2m&timezone=GMT&timeformat=unixtime&temperature_unit=celsius&wind_speed_unit=ms&precipitation_unit=mm&cell_selection=land"
"new-york-march-2020",40.7128,-74.006,"2020-03-01","2020-03-31","2020-03-07T14:00:00.000Z",2.5,58,0,7.34,-4.8,"2020-03-07T13:00:00.000Z","2020-03-07T14:00:00.000Z",true,"","complete",744,744,744,"Open-Meteo","ERA5 (requested)","era5",,"modeled_reanalysis",40.75,-74,32,"2026-09-11T00:26:47.065Z",,,"land","provider default elevation adjustment","instant meteorology; precipitation sum over preceding hour ending at time","reanalysis-adapter-v1","Weather data by Open-Meteo; ERA5 by Copernicus Climate Change Service (C3S) / ECMWF","https://open-meteo.com/en/docs/historical-weather-api","https://archive-api.open-meteo.com/v1/archive?latitude=40.7128&longitude=-74.006&start_date=2020-03-01&end_date=2020-03-31&models=era5&hourly=temperature_2m%2Crelative_humidity_2m%2Cprecipitation%2Cwind_speed_10m%2Cdew_point_2m&timezone=GMT&timeformat=unixtime&temperature_unit=celsius&wind_speed_unit=ms&precipitation_unit=mm&cell_selection=land"
"new-york-march-2020",40.7128,-74.006,"2020-03-01","2020-03-31","2020-03-07T15:00:00.000Z",3.8,43,0,7.25,-7.7,"2020-03-07T14:00:00.000Z","2020-03-07T15:00:00.000Z",true,"","complete",744,744,744,"Open-Meteo","ERA5 (requested)","era5",,"modeled_reanalysis",40.75,-74,32,"2026-09-11T00:26:47.065Z",,,"land","provider default elevation adjustment","instant meteorology; precipitation sum over preceding hour ending at time","reanalysis-adapter-v1","Weather data by Open-Meteo; ERA5 by Copernicus Climate Change Service (C3S) / ECMWF","https://open-meteo.com/en/docs/historical-weather-api","https://archive-api.open-meteo.com/v1/archive?latitude=40.7128&longitude=-74.006&start_date=2020-03-01&end_date=2020-03-31&models=era5&hourly=temperature_2m%2Crelative_humidity_2m%2Cprecipitation%2Cwind_speed_10m%2Cdew_point_2m&timezone=GMT&timeformat=unixtime&temperature_unit=celsius&wind_speed_unit=ms&precipitation_unit=mm&cell_selection=land"
"new-york-march-2020",40.7128,-74.006,"2020-03-01","2020-03-31","2020-03-07T16:00:00.000Z",4.4,37,0,7.25,-9.1,"2020-03-07T15:00:00.000Z","2020-03-07T16:00:00.000Z",true,"","complete",744,744,744,"Open-Meteo","ERA5 (requested)","era5",,"modeled_reanalysis",40.75,-74,32,"2026-09-11T00:26:47.065Z",,,"land","provider default elevation adjustment","instant meteorology; precipitation sum over preceding hour ending at time","reanalysis-adapter-v1","Weather data by Open-Meteo; ERA5 by Copernicus Climate Change Service (C3S) / ECMWF","https://open-meteo.com/en/docs/historical-weather-api","https://archive-api.open-meteo.com/v1/archive?latitude=40.7128&longitude=-74.006&start_date=2020-03-01&end_date=2020-03-31&models=era5&hourly=temperature_2m%2Crelative_humidity_2m%2Cprecipitation%2Cwind_speed_10m%2Cdew_point_2m&timezone=GMT&timeformat=unixtime&temperature_unit=celsius&wind_speed_unit=ms&precipitation_unit=mm&cell_selection=land"
"new-york-march-2020",40.7128,-74.006,"2020-03-01","2020-03-31","2020-03-07T17:00:00.000Z",5.5,32,0,6.99,-9.9,"2020-03-07T16:00:00.000Z","2020-03-07T17:00:00.000Z",true,"","complete",744,744,744,"Open-Meteo","ERA5 (requested)","era5",,"modeled_reanalysis",40.75,-74,32,"2026-09-11T00:26:47.065Z",,,"land","provider default elevation adjustment","instant meteorology; precipitation sum over preceding hour ending at time","reanalysis-adapter-v1","Weather data by Open-Meteo; ERA5 by Copernicus Climate Change Service (C3S) / ECMWF","https://open-meteo.com/en/docs/historical-weather-api","https://archive-api.open-meteo.com/v1/archive?latitude=40.7128&longitude=-74.006&start_date=2020-03-01&end_date=2020-03-31&models=era5&hourly=temperature_2m%2Crelative_humidity_2m%2Cprecipitation%2Cwind_speed_10m%2Cdew_point_2m&timezone=GMT&timeformat=unixtime&temperature_unit=celsius&wind_speed_unit=ms&precipitation_unit=mm&cell_selection=land"
"new-york-march-2020",40.7128,-74.006,"2020-03-01","2020-03-31","2020-03-07T18:00:00.000Z",6.4,29,0,6.58,-10.3,"2020-03-07T17:00:00.000Z","2020-03-07T18:00:00.000Z",true,"","complete",744,744,744,"Open-Meteo","ERA5 (requested)","era5",,"modeled_reanalysis",40.75,-74,32,"2026-09-11T00:26:47.065Z",,,"land","provider default elevation adjustment","instant meteorology; precipitation sum over preceding hour ending at time","reanalysis-adapter-v1","Weather data by Open-Meteo; ERA5 by Copernicus Climate Change Service (C3S) / ECMWF","https://open-meteo.com/en/docs/historical-weather-api","https://archive-api.open-meteo.com/v1/archive?latitude=40.7128&longitude=-74.006&start_date=2020-03-01&end_date=2020-03-31&models=era5&hourly=temperature_2m%2Crelative_humidity_2m%2Cprecipitation%2Cwind_speed_10m%2Cdew_point_2m&timezone=GMT&timeformat=unixtime&temperature_unit=celsius&wind_speed_unit=ms&precipitation_unit=mm&cell_selection=land"
"new-york-march-2020",40.7128,-74.006,"2020-03-01","2020-03-31","2020-03-07T19:00:00.000Z",7,27,0,6.17,-10.6,"2020-03-07T18:00:00.000Z","2020-03-07T19:00:00.000Z",true,"","complete",744,744,744,"Open-Meteo","ERA5 (requested)","era5",,"modeled_reanalysis",40.75,-74,32,"2026-09-11T00:26:47.065Z",,,"land","provider default elevation adjustment","instant meteorology; precipitation sum over preceding hour ending at time","reanalysis-adapter-v1","Weather data by Open-Meteo; ERA5 by Copernicus Climate Change Service (C3S) / ECMWF","https://open-meteo.com/en/docs/historical-weather-api","https://archive-api.open-meteo.com/v1/archive?latitude=40.7128&longitude=-74.006&start_date=2020-03-01&end_date=2020-03-31&models=era5&hourly=temperature_2m%2Crelative_humidity_2m%2Cprecipitation%2Cwind_speed_10m%2Cdew_point_2m&timezone=GMT&timeformat=unixtime&temperature_unit=celsius&wind_speed_unit=ms&precipitation_unit=mm&cell_selection=land"
"new-york-march-2020",40.7128,-74.006,"2020-03-01","2020-03-31","2020-03-07T20:00:00.000Z",7.6,26,0,5.95,-11,"2020-03-07T19:00:00.000Z","2020-03-07T20:00:00.000Z",true,"","complete",744,744,744,"Open-Meteo","ERA5 (requested)","era5",,"modeled_reanalysis",40.75,-74,32,"2026-09-11T00:26:47.065Z",,,"land","provider default elevation adjustment","instant meteorology; precipitation sum over preceding hour ending at time","reanalysis-adapter-v1","Weather data by Open-Meteo; ERA5 by Copernicus Climate Change Service (C3S) / ECMWF","https://open-meteo.com/en/docs/historical-weather-api","https://archive-api.open-meteo.com/v1/archive?latitude=40.7128&longitude=-74.006&start_date=2020-03-01&end_date=2020-03-31&models=era5&hourly=temperature_2m%2Crelative_humidity_2m%2Cprecipitation%2Cwind_speed_10m%2Cdew_point_2m&timezone=GMT&timeformat=unixtime&temperature_unit=celsius&wind_speed_unit=ms&precipitation_unit=mm&cell_selection=land"
"new-york-march-2020",40.7128,-74.006,"2020-03-01","2020-03-31","2020-03-07T21:00:00.000Z",7.9,24,0,5.42,-11.2,"2020-03-07T20:00:00.000Z","2020-03-07T21:00:00.000Z",true,"","complete",744,744,744,"Open-Meteo","ERA5 (requested)","era5",,"modeled_reanalysis",40.75,-74,32,"2026-09-11T00:26:47.065Z",,,"land","provider default elevation adjustment","instant meteorology; precipitation sum over preceding hour ending at time","reanalysis-adapter-v1","Weather data by Open-Meteo; ERA5 by Copernicus Climate Change Service (C3S) / ECMWF","https://open-meteo.com/en/docs/historical-weather-api","https://archive-api.open-meteo.com/v1/archive?latitude=40.7128&longitude=-74.006&start_date=2020-03-01&end_date=2020-03-31&models=era5&hourly=temperature_2m%2Crelative_humidity_2m%2Cprecipitation%2Cwind_speed_10m%2Cdew_point_2m&timezone=GMT&timeformat=unixtime&temperature_unit=celsius&wind_speed_unit=ms&precipitation_unit=mm&cell_selection=land"
"new-york-march-2020",40.7128,-74.006,"2020-03-01","2020-03-31","2020-03-07T22:00:00.000Z",7.2,27,0,3.1,-10.6,"2020-03-07T21:00:00.000Z","2020-03-07T22:00:00.000Z",true,"","complete",744,744,744,"Open-Meteo","ERA5 (requested)","era5",,"modeled_reanalysis",40.75,-74,32,"2026-09-11T00:26:47.065Z",,,"land","provider default elevation adjustment","instant meteorology; precipitation sum over preceding hour ending at time","reanalysis-adapter-v1","Weather data by Open-Meteo; ERA5 by Copernicus Climate Change Service (C3S) / ECMWF","https://open-meteo.com/en/docs/historical-weather-api","https://archive-api.open-meteo.com/v1/archive?latitude=40.7128&longitude=-74.006&start_date=2020-03-01&end_date=2020-03-31&models=era5&hourly=temperature_2m%2Crelative_humidity_2m%2Cprecipitation%2Cwind_speed_10m%2Cdew_point_2m&timezone=GMT&timeformat=unixtime&temperature_unit=celsius&wind_speed_unit=ms&precipitation_unit=mm&cell_selection=land"
"new-york-march-2020",40.7128,-74.006,"2020-03-01","2020-03-31","2020-03-07T23:00:00.000Z",6.3,31,0,2.41,-9.7,"2020-03-07T22:00:00.000Z","2020-03-07T23:00:00.000Z",true,"","complete",744,744,744,"Open-Meteo","ERA5 (requested)","era5",,"modeled_reanalysis",40.75,-74,32,"2026-09-11T00:26:47.065Z",,,"land","provider default elevation adjustment","instant meteorology; precipitation sum over preceding hour ending at time","reanalysis-adapter-v1","Weather data by Open-Meteo; ERA5 by Copernicus Climate Change Service (C3S) / ECMWF","https://open-meteo.com/en/docs/historical-weather-api","https://archive-api.open-meteo.com/v1/archive?latitude=40.7128&longitude=-74.006&start_date=2020-03-01&end_date=2020-03-31&models=era5&hourly=temperature_2m%2Crelative_humidity_2m%2Cprecipitation%2Cwind_speed_10m%2Cdew_point_2m&timezone=GMT&timeformat=unixtime&temperature_unit=celsius&wind_speed_unit=ms&precipitation_unit=mm&cell_selection=land"
"new-york-march-2020",40.7128,-74.006,"2020-03-01","2020-03-31","2020-03-08T00:00:00.000Z",5.7,34,0,2.91,-8.9,"2020-03-07T23:00:00.000Z","2020-03-08T00:00:00.000Z",true,"","complete",744,744,744,"Open-Meteo","ERA5 (requested)","era5",,"modeled_reanalysis",40.75,-74,32,"2026-09-11T00:26:47.065Z",,,"land","provider default elevation adjustment","instant meteorology; precipitation sum over preceding hour ending at time","reanalysis-adapter-v1","Weather data by Open-Meteo; ERA5 by Copernicus Climate Change Service (C3S) / ECMWF","https://open-meteo.com/en/docs/historical-weather-api","https://archive-api.open-meteo.com/v1/archive?latitude=40.7128&longitude=-74.006&start_date=2020-03-01&end_date=2020-03-31&models=era5&hourly=temperature_2m%2Crelative_humidity_2m%2Cprecipitation%2Cwind_speed_10m%2Cdew_point_2m&timezone=GMT&timeformat=unixtime&temperature_unit=celsius&wind_speed_unit=ms&precipitation_unit=mm&cell_selection=land"
"new-york-march-2020",40.7128,-74.006,"2020-03-01","2020-03-31","2020-03-08T01:00:00.000Z",4.9,38,0,3.47,-8.3,"2020-03-08T00:00:00.000Z","2020-03-08T01:00:00.000Z",true,"","complete",744,744,744,"Open-Meteo","ERA5 (requested)","era5",,"modeled_reanalysis",40.75,-74,32,"2026-09-11T00:26:47.065Z",,,"land","provider default elevation adjustment","instant meteorology; precipitation sum over preceding hour ending at time","reanalysis-adapter-v1","Weather data by Open-Meteo; ERA5 by Copernicus Climate Change Service (C3S) / ECMWF","https://open-meteo.com/en/docs/historical-weather-api","https://archive-api.open-meteo.com/v1/archive?latitude=40.7128&longitude=-74.006&start_date=2020-03-01&end_date=2020-03-31&models=era5&hourly=temperature_2m%2Crelative_humidity_2m%2Cprecipitation%2Cwind_speed_10m%2Cdew_point_2m&timezone=GMT&timeformat=unixtime&temperature_unit=celsius&wind_speed_unit=ms&precipitation_unit=mm&cell_selection=land"
"new-york-march-2020",40.7128,-74.006,"2020-03-01","2020-03-31","2020-03-08T02:00:00.000Z",4.2,40,0,3.68,-8.1,"2020-03-08T01:00:00.000Z","2020-03-08T02:00:00.000Z",true,"","complete",744,744,744,"Open-Meteo","ERA5 (requested)","era5",,"modeled_reanalysis",40.75,-74,32,"2026-09-11T00:26:47.065Z",,,"land","provider default elevation adjustment","instant meteorology; precipitation sum over preceding hour ending at time","reanalysis-adapter-v1","Weather data by Open-Meteo; ERA5 by Copernicus Climate Change Service (C3S) / ECMWF","https://open-meteo.com/en/docs/historical-weather-api","https://archive-api.open-meteo.com/v1/archive?latitude=40.7128&longitude=-74.006&start_date=2020-03-01&end_date=2020-03-31&models=era5&hourly=temperature_2m%2Crelative_humidity_2m%2Cprecipitation%2Cwind_speed_10m%2Cdew_point_2m&timezone=GMT&timeformat=unixtime&temperature_unit=celsius&wind_speed_unit=ms&precipitation_unit=mm&cell_selection=land"
"new-york-march-2020",40.7128,-74.006,"2020-03-01","2020-03-31","2020-03-08T03:00:00.000Z",2.9,46,0,3.68,-7.6,"2020-03-08T02:00:00.000Z","2020-03-08T03:00:00.000Z",true,"","complete",744,744,744,"Open-Meteo","ERA5 (requested)","era5",,"modeled_reanalysis",40.75,-74,32,"2026-09-11T00:26:47.065Z",,,"land","provider default elevation adjustment","instant meteorology; precipitation sum over preceding hour ending at time","reanalysis-adapter-v1","Weather data by Open-Meteo; ERA5 by Copernicus Climate Change Service (C3S) / ECMWF","https://open-meteo.com/en/docs/historical-weather-api","https://archive-api.open-meteo.com/v1/archive?latitude=40.7128&longitude=-74.006&start_date=2020-03-01&end_date=2020-03-31&models=era5&hourly=temperature_2m%2Crelative_humidity_2m%2Cprecipitation%2Cwind_speed_10m%2Cdew_point_2m&timezone=GMT&timeformat=unixtime&temperature_unit=celsius&wind_speed_unit=ms&precipitation_unit=mm&cell_selection=land"
"new-york-march-2020",40.7128,-74.006,"2020-03-01","2020-03-31","2020-03-08T04:00:00.000Z",2.4,48,0,3.75,-7.6,"2020-03-08T03:00:00.000Z","2020-03-08T04:00:00.000Z",true,"","complete",744,744,744,"Open-Meteo","ERA5 (requested)","era5",,"modeled_reanalysis",40.75,-74,32,"2026-09-11T00:26:47.065Z",,,"land","provider default elevation adjustment","instant meteorology; precipitation sum over preceding hour ending at time","reanalysis-adapter-v1","Weather data by Open-Meteo; ERA5 by Copernicus Climate Change Service (C3S) / ECMWF","https://open-meteo.com/en/docs/historical-weather-api","https://archive-api.open-meteo.com/v1/archive?latitude=40.7128&longitude=-74.006&start_date=2020-03-01&end_date=2020-03-31&models=era5&hourly=temperature_2m%2Crelative_humidity_2m%2Cprecipitation%2Cwind_speed_10m%2Cdew_point_2m&timezone=GMT&timeformat=unixtime&temperature_unit=celsius&wind_speed_unit=ms&precipitation_unit=mm&cell_selection=land"
"new-york-march-2020",40.7128,-74.006,"2020-03-01","2020-03-31","2020-03-08T05:00:00.000Z",1.9,49,0,3.33,-7.6,"2020-03-08T04:00:00.000Z","2020-03-08T05:00:00.000Z",true,"","complete",744,744,744,"Open-Meteo","ERA5 (requested)","era5",,"modeled_reanalysis",40.75,-74,32,"2026-09-11T00:26:47.065Z",,,"land","provider default elevation adjustment","instant meteorology; precipitation sum over preceding hour ending at time","reanalysis-adapter-v1","Weather data by Open-Meteo; ERA5 by Copernicus Climate Change Service (C3S) / ECMWF","https://open-meteo.com/en/docs/historical-weather-api","https://archive-api.open-meteo.com/v1/archive?latitude=40.7128&longitude=-74.006&start_date=2020-03-01&end_date=2020-03-31&models=era5&hourly=temperature_2m%2Crelative_humidity_2m%2Cprecipitation%2Cwind_speed_10m%2Cdew_point_2m&timezone=GMT&timeformat=unixtime&temperature_unit=celsius&wind_speed_unit=ms&precipitation_unit=mm&cell_selection=land"
"new-york-march-2020",40.7128,-74.006,"2020-03-01","2020-03-31","2020-03-08T06:00:00.000Z",1.7,49,0,2.9,-7.8,"2020-03-08T05:00:00.000Z","2020-03-08T06:00:00.000Z",true,"","complete",744,744,744,"Open-Meteo","ERA5 (requested)","era5",,"modeled_reanalysis",40.75,-74,32,"2026-09-11T00:26:47.065Z",,,"land","provider default elevation adjustment","instant meteorology; precipitation sum over preceding hour ending at time","reanalysis-adapter-v1","Weather data by Open-Meteo; ERA5 by Copernicus Climate Change Service (C3S) / ECMWF","https://open-meteo.com/en/docs/historical-weather-api","https://archive-api.open-meteo.com/v1/archive?latitude=40.7128&longitude=-74.006&start_date=2020-03-01&end_date=2020-03-31&models=era5&hourly=temperature_2m%2Crelative_humidity_2m%2Cprecipitation%2Cwind_speed_10m%2Cdew_point_2m&timezone=GMT&timeformat=unixtime&temperature_unit=celsius&wind_speed_unit=ms&precipitation_unit=mm&cell_selection=land"
"new-york-march-2020",40.7128,-74.006,"2020-03-01","2020-03-31","2020-03-08T07:00:00.000Z",1.4,51,0,2.7,-7.5,"2020-03-08T06:00:00.000Z","2020-03-08T07:00:00.000Z",true,"","complete",744,744,744,"Open-Meteo","ERA5 (requested)","era5",,"modeled_reanalysis",40.75,-74,32,"2026-09-11T00:26:47.065Z",,,"land","provider default elevation adjustment","instant meteorology; precipitation sum over preceding hour ending at time","reanalysis-adapter-v1","Weather data by Open-Meteo; ERA5 by Copernicus Climate Change Service (C3S) / ECMWF","https://open-meteo.com/en/docs/historical-weather-api","https://archive-api.open-meteo.com/v1/archive?latitude=40.7128&longitude=-74.006&start_date=2020-03-01&end_date=2020-03-31&models=era5&hourly=temperature_2m%2Crelative_humidity_2m%2Cprecipitation%2Cwind_speed_10m%2Cdew_point_2m&timezone=GMT&timeformat=unixtime&temperature_unit=celsius&wind_speed_unit=ms&precipitation_unit=mm&cell_selection=land"
"new-york-march-2020",40.7128,-74.006,"2020-03-01","2020-03-31","2020-03-08T08:00:00.000Z",1.2,53,0,2.69,-7.3,"2020-03-08T07:00:00.000Z","2020-03-08T08:00:00.000Z",true,"","complete",744,744,744,"Open-Meteo","ERA5 (requested)","era5",,"modeled_reanalysis",40.75,-74,32,"2026-09-11T00:26:47.065Z",,,"land","provider default elevation adjustment","instant meteorology; precipitation sum over preceding hour ending at time","reanalysis-adapter-v1","Weather data by Open-Meteo; ERA5 by Copernicus Climate Change Service (C3S) / ECMWF","https://open-meteo.com/en/docs/historical-weather-api","https://archive-api.open-meteo.com/v1/archive?latitude=40.7128&longitude=-74.006&start_date=2020-03-01&end_date=2020-03-31&models=era5&hourly=temperature_2m%2Crelative_humidity_2m%2Cprecipitation%2Cwind_speed_10m%2Cdew_point_2m&timezone=GMT&timeformat=unixtime&temperature_unit=celsius&wind_speed_unit=ms&precipitation_unit=mm&cell_selection=land"
"new-york-march-2020",40.7128,-74.006,"2020-03-01","2020-03-31","2020-03-08T09:00:00.000Z",0.9,56,0,2.72,-6.9,"2020-03-08T08:00:00.000Z","2020-03-08T09:00:00.000Z",true,"","complete",744,744,744,"Open-Meteo","ERA5 (requested)","era5",,"modeled_reanalysis",40.75,-74,32,"2026-09-11T00:26:47.065Z",,,"land","provider default elevation adjustment","instant meteorology; precipitation sum over preceding hour ending at time","reanalysis-adapter-v1","Weather data by Open-Meteo; ERA5 by Copernicus Climate Change Service (C3S) / ECMWF","https://open-meteo.com/en/docs/historical-weather-api","https://archive-api.open-meteo.com/v1/archive?latitude=40.7128&longitude=-74.006&start_date=2020-03-01&end_date=2020-03-31&models=era5&hourly=temperature_2m%2Crelative_humidity_2m%2Cprecipitation%2Cwind_speed_10m%2Cdew_point_2m&timezone=GMT&timeformat=unixtime&temperature_unit=celsius&wind_speed_unit=ms&precipitation_unit=mm&cell_selection=land"
"new-york-march-2020",40.7128,-74.006,"2020-03-01","2020-03-31","2020-03-08T10:00:00.000Z",0,62,0,2.69,-6.3,"2020-03-08T09:00:00.000Z","2020-03-08T10:00:00.000Z",true,"","complete",744,744,744,"Open-Meteo","ERA5 (requested)","era5",,"modeled_reanalysis",40.75,-74,32,"2026-09-11T00:26:47.065Z",,,"land","provider default elevation adjustment","instant meteorology; precipitation sum over preceding hour ending at time","reanalysis-adapter-v1","Weather data by Open-Meteo; ERA5 by Copernicus Climate Change Service (C3S) / ECMWF","https://open-meteo.com/en/docs/historical-weather-api","https://archive-api.open-meteo.com/v1/archive?latitude=40.7128&longitude=-74.006&start_date=2020-03-01&end_date=2020-03-31&models=era5&hourly=temperature_2m%2Crelative_humidity_2m%2Cprecipitation%2Cwind_speed_10m%2Cdew_point_2m&timezone=GMT&timeformat=unixtime&temperature_unit=celsius&wind_speed_unit=ms&precipitation_unit=mm&cell_selection=land"
"new-york-march-2020",40.7128,-74.006,"2020-03-01","2020-03-31","2020-03-08T11:00:00.000Z",0.1,63,0,2.41,-6,"2020-03-08T10:00:00.000Z","2020-03-08T11:00:00.000Z",true,"","complete",744,744,744,"Open-Meteo","ERA5 (requested)","era5",,"modeled_reanalysis",40.75,-74,32,"2026-09-11T00:26:47.065Z",,,"land","provider default elevation adjustment","instant meteorology; precipitation sum over preceding hour ending at time","reanalysis-adapter-v1","Weather data by Open-Meteo; ERA5 by Copernicus Climate Change Service (C3S) / ECMWF","https://open-meteo.com/en/docs/historical-weather-api","https://archive-api.open-meteo.com/v1/archive?latitude=40.7128&longitude=-74.006&start_date=2020-03-01&end_date=2020-03-31&models=era5&hourly=temperature_2m%2Crelative_humidity_2m%2Cprecipitation%2Cwind_speed_10m%2Cdew_point_2m&timezone=GMT&timeformat=unixtime&temperature_unit=celsius&wind_speed_unit=ms&precipitation_unit=mm&cell_selection=land"
"new-york-march-2020",40.7128,-74.006,"2020-03-01","2020-03-31","2020-03-08T12:00:00.000Z",0.1,64,0,2.82,-5.9,"2020-03-08T11:00:00.000Z","2020-03-08T12:00:00.000Z",true,"","complete",744,744,744,"Open-Meteo","ERA5 (requested)","era5",,"modeled_reanalysis",40.75,-74,32,"2026-09-11T00:26:47.065Z",,,"land","provider default elevation adjustment","instant meteorology; precipitation sum over preceding hour ending at time","reanalysis-adapter-v1","Weather data by Open-Meteo; ERA5 by Copernicus Climate Change Service (C3S) / ECMWF","https://open-meteo.com/en/docs/historical-weather-api","https://archive-api.open-meteo.com/v1/archive?latitude=40.7128&longitude=-74.006&start_date=2020-03-01&end_date=2020-03-31&models=era5&hourly=temperature_2m%2Crelative_humidity_2m%2Cprecipitation%2Cwind_speed_10m%2Cdew_point_2m&timezone=GMT&timeformat=unixtime&temperature_unit=celsius&wind_speed_unit=ms&precipitation_unit=mm&cell_selection=land"
"new-york-march-2020",40.7128,-74.006,"2020-03-01","2020-03-31","2020-03-08T13:00:00.000Z",1.5,57,0,2.62,-6.1,"2020-03-08T12:00:00.000Z","2020-03-08T13:00:00.000Z",true,"","complete",744,744,744,"Open-Meteo","ERA5 (requested)","era5",,"modeled_reanalysis",40.75,-74,32,"2026-09-11T00:26:47.065Z",,,"land","provider default elevation adjustment","instant meteorology; precipitation sum over preceding hour ending at time","reanalysis-adapter-v1","Weather data by Open-Meteo; ERA5 by Copernicus Climate Change Service (C3S) / ECMWF","https://open-meteo.com/en/docs/historical-weather-api","https://archive-api.open-meteo.com/v1/archive?latitude=40.7128&longitude=-74.006&start_date=2020-03-01&end_date=2020-03-31&models=era5&hourly=temperature_2m%2Crelative_humidity_2m%2Cprecipitation%2Cwind_speed_10m%2Cdew_point_2m&timezone=GMT&timeformat=unixtime&temperature_unit=celsius&wind_speed_unit=ms&precipitation_unit=mm&cell_selection=land"
"new-york-march-2020",40.7128,-74.006,"2020-03-01","2020-03-31","2020-03-08T14:00:00.000Z",3.7,48,0,2.9,-6.3,"2020-03-08T13:00:00.000Z","2020-03-08T14:00:00.000Z",true,"","complete",744,744,744,"Open-Meteo","ERA5 (requested)","era5",,"modeled_reanalysis",40.75,-74,32,"2026-09-11T00:26:47.065Z",,,"land","provider default elevation adjustment","instant meteorology; precipitation sum over preceding hour ending at time","reanalysis-adapter-v1","Weather data by Open-Meteo; ERA5 by Copernicus Climate Change Service (C3S) / ECMWF","https://open-meteo.com/en/docs/historical-weather-api","https://archive-api.open-meteo.com/v1/archive?latitude=40.7128&longitude=-74.006&start_date=2020-03-01&end_date=2020-03-31&models=era5&hourly=temperature_2m%2Crelative_humidity_2m%2Cprecipitation%2Cwind_speed_10m%2Cdew_point_2m&timezone=GMT&timeformat=unixtime&temperature_unit=celsius&wind_speed_unit=ms&precipitation_unit=mm&cell_selection=land"
"new-york-march-2020",40.7128,-74.006,"2020-03-01","2020-03-31","2020-03-08T15:00:00.000Z",7.1,38,0,2.91,-6.3,"2020-03-08T14:00:00.000Z","2020-03-08T15:00:00.000Z",true,"","complete",744,744,744,"Open-Meteo","ERA5 (requested)","era5",,"modeled_reanalysis",40.75,-74,32,"2026-09-11T00:26:47.065Z",,,"land","provider default elevation adjustment","instant meteorology; precipitation sum over preceding hour ending at time","reanalysis-adapter-v1","Weather data by Open-Meteo; ERA5 by Copernicus Climate Change Service (C3S) / ECMWF","https://open-meteo.com/en/docs/historical-weather-api","https://archive-api.open-meteo.com/v1/archive?latitude=40.7128&longitude=-74.006&start_date=2020-03-01&end_date=2020-03-31&models=era5&hourly=temperature_2m%2Crelative_humidity_2m%2Cprecipitation%2Cwind_speed_10m%2Cdew_point_2m&timezone=GMT&timeformat=unixtime&temperature_unit=celsius&wind_speed_unit=ms&precipitation_unit=mm&cell_selection=land"
"new-york-march-2020",40.7128,-74.006,"2020-03-01","2020-03-31","2020-03-08T16:00:00.000Z",8.5,34,0,3.2,-6.3,"2020-03-08T15:00:00.000Z","2020-03-08T16:00:00.000Z",true,"","complete",744,744,744,"Open-Meteo","ERA5 (requested)","era5",,"modeled_reanalysis",40.75,-74,32,"2026-09-11T00:26:47.065Z",,,"land","provider default elevation adjustment","instant meteorology; precipitation sum over preceding hour ending at time","reanalysis-adapter-v1","Weather data by Open-Meteo; ERA5 by Copernicus Climate Change Service (C3S) / ECMWF","https://open-meteo.com/en/docs/historical-weather-api","https://archive-api.open-meteo.com/v1/archive?latitude=40.7128&longitude=-74.006&start_date=2020-03-01&end_date=2020-03-31&models=era5&hourly=temperature_2m%2Crelative_humidity_2m%2Cprecipitation%2Cwind_speed_10m%2Cdew_point_2m&timezone=GMT&timeformat=unixtime&temperature_unit=celsius&wind_speed_unit=ms&precipitation_unit=mm&cell_selection=land"
"new-york-march-2020",40.7128,-74.006,"2020-03-01","2020-03-31","2020-03-08T17:00:00.000Z",9.5,32,0,3.81,-6.2,"2020-03-08T16:00:00.000Z","2020-03-08T17:00:00.000Z",true,"","complete",744,744,744,"Open-Meteo","ERA5 (requested)","era5",,"modeled_reanalysis",40.75,-74,32,"2026-09-11T00:26:47.065Z",,,"land","provider default elevation adjustment","instant meteorology; precipitation sum over preceding hour ending at time","reanalysis-adapter-v1","Weather data by Open-Meteo; ERA5 by Copernicus Climate Change Service (C3S) / ECMWF","https://open-meteo.com/en/docs/historical-weather-api","https://archive-api.open-meteo.com/v1/archive?latitude=40.7128&longitude=-74.006&start_date=2020-03-01&end_date=2020-03-31&models=era5&hourly=temperature_2m%2Crelative_humidity_2m%2Cprecipitation%2Cwind_speed_10m%2Cdew_point_2m&timezone=GMT&timeformat=unixtime&temperature_unit=celsius&wind_speed_unit=ms&precipitation_unit=mm&cell_selection=land"
"new-york-march-2020",40.7128,-74.006,"2020-03-01","2020-03-31","2020-03-08T18:00:00.000Z",10.8,32,0,4.35,-5.5,"2020-03-08T17:00:00.000Z","2020-03-08T18:00:00.000Z",true,"","complete",744,744,744,"Open-Meteo","ERA5 (requested)","era5",,"modeled_reanalysis",40.75,-74,32,"2026-09-11T00:26:47.065Z",,,"land","provider default elevation adjustment","instant meteorology; precipitation sum over preceding hour ending at time","reanalysis-adapter-v1","Weather data by Open-Meteo; ERA5 by Copernicus Climate Change Service (C3S) / ECMWF","https://open-meteo.com/en/docs/historical-weather-api","https://archive-api.open-meteo.com/v1/archive?latitude=40.7128&longitude=-74.006&start_date=2020-03-01&end_date=2020-03-31&models=era5&hourly=temperature_2m%2Crelative_humidity_2m%2Cprecipitation%2Cwind_speed_10m%2Cdew_point_2m&timezone=GMT&timeformat=unixtime&temperature_unit=celsius&wind_speed_unit=ms&precipitation_unit=mm&cell_selection=land"
"new-york-march-2020",40.7128,-74.006,"2020-03-01","2020-03-31","2020-03-08T19:00:00.000Z",11.8,30,0,4.53,-5.4,"2020-03-08T18:00:00.000Z","2020-03-08T19:00:00.000Z",true,"","complete",744,744,744,"Open-Meteo","ERA5 (requested)","era5",,"modeled_reanalysis",40.75,-74,32,"2026-09-11T00:26:47.065Z",,,"land","provider default elevation adjustment","instant meteorology; precipitation sum over preceding hour ending at time","reanalysis-adapter-v1","Weather data by Open-Meteo; ERA5 by Copernicus Climate Change Service (C3S) / ECMWF","https://open-meteo.com/en/docs/historical-weather-api","https://archive-api.open-meteo.com/v1/archive?latitude=40.7128&longitude=-74.006&start_date=2020-03-01&end_date=2020-03-31&models=era5&hourly=temperature_2m%2Crelative_humidity_2m%2Cprecipitation%2Cwind_speed_10m%2Cdew_point_2m&timezone=GMT&timeformat=unixtime&temperature_unit=celsius&wind_speed_unit=ms&precipitation_unit=mm&cell_selection=land"
"new-york-march-2020",40.7128,-74.006,"2020-03-01","2020-03-31","2020-03-08T20:00:00.000Z",12.5,30,0,4.44,-4.7,"2020-03-08T19:00:00.000Z","2020-03-08T20:00:00.000Z",true,"","complete",744,744,744,"Open-Meteo","ERA5 (requested)","era5",,"modeled_reanalysis",40.75,-74,32,"2026-09-11T00:26:47.065Z",,,"land","provider default elevation adjustment","instant meteorology; precipitation sum over preceding hour ending at time","reanalysis-adapter-v1","Weather data by Open-Meteo; ERA5 by Copernicus Climate Change Service (C3S) / ECMWF","https://open-meteo.com/en/docs/historical-weather-api","https://archive-api.open-meteo.com/v1/archive?latitude=40.7128&longitude=-74.006&start_date=2020-03-01&end_date=2020-03-31&models=era5&hourly=temperature_2m%2Crelative_humidity_2m%2Cprecipitation%2Cwind_speed_10m%2Cdew_point_2m&timezone=GMT&timeformat=unixtime&temperature_unit=celsius&wind_speed_unit=ms&precipitation_unit=mm&cell_selection=land"
"new-york-march-2020",40.7128,-74.006,"2020-03-01","2020-03-31","2020-03-08T21:00:00.000Z",12.8,32,0,3.76,-3.5,"2020-03-08T20:00:00.000Z","2020-03-08T21:00:00.000Z",true,"","complete",744,744,744,"Open-Meteo","ERA5 (requested)","era5",,"modeled_reanalysis",40.75,-74,32,"2026-09-11T00:26:47.065Z",,,"land","provider default elevation adjustment","instant meteorology; precipitation sum over preceding hour ending at time","reanalysis-adapter-v1","Weather data by Open-Meteo; ERA5 by Copernicus Climate Change Service (C3S) / ECMWF","https://open-meteo.com/en/docs/historical-weather-api","https://archive-api.open-meteo.com/v1/archive?latitude=40.7128&longitude=-74.006&start_date=2020-03-01&end_date=2020-03-31&models=era5&hourly=temperature_2m%2Crelative_humidity_2m%2Cprecipitation%2Cwind_speed_10m%2Cdew_point_2m&timezone=GMT&timeformat=unixtime&temperature_unit=celsius&wind_speed_unit=ms&precipitation_unit=mm&cell_selection=land"
"new-york-march-2020",40.7128,-74.006,"2020-03-01","2020-03-31","2020-03-08T22:00:00.000Z",12.4,33,0,2.61,-3.3,"2020-03-08T21:00:00.000Z","2020-03-08T22:00:00.000Z",true,"","complete",744,744,744,"Open-Meteo","ERA5 (requested)","era5",,"modeled_reanalysis",40.75,-74,32,"2026-09-11T00:26:47.065Z",,,"land","provider default elevation adjustment","instant meteorology; precipitation sum over preceding hour ending at time","reanalysis-adapter-v1","Weather data by Open-Meteo; ERA5 by Copernicus Climate Change Service (C3S) / ECMWF","https://open-meteo.com/en/docs/historical-weather-api","https://archive-api.open-meteo.com/v1/archive?latitude=40.7128&longitude=-74.006&start_date=2020-03-01&end_date=2020-03-31&models=era5&hourly=temperature_2m%2Crelative_humidity_2m%2Cprecipitation%2Cwind_speed_10m%2Cdew_point_2m&timezone=GMT&timeformat=unixtime&temperature_unit=celsius&wind_speed_unit=ms&precipitation_unit=mm&cell_selection=land"
"new-york-march-2020",40.7128,-74.006,"2020-03-01","2020-03-31","2020-03-08T23:00:00.000Z",12,34,0,3.42,-3.2,"2020-03-08T22:00:00.000Z","2020-03-08T23:00:00.000Z",true,"","complete",744,744,744,"Open-Meteo","ERA5 (requested)","era5",,"modeled_reanalysis",40.75,-74,32,"2026-09-11T00:26:47.065Z",,,"land","provider default elevation adjustment","instant meteorology; precipitation sum over preceding hour ending at time","reanalysis-adapter-v1","Weather data by Open-Meteo; ERA5 by Copernicus Climate Change Service (C3S) / ECMWF","https://open-meteo.com/en/docs/historical-weather-api","https://archive-api.open-meteo.com/v1/archive?latitude=40.7128&longitude=-74.006&start_date=2020-03-01&end_date=2020-03-31&models=era5&hourly=temperature_2m%2Crelative_humidity_2m%2Cprecipitation%2Cwind_speed_10m%2Cdew_point_2m&timezone=GMT&timeformat=unixtime&temperature_unit=celsius&wind_speed_unit=ms&precipitation_unit=mm&cell_selection=land"
"new-york-march-2020",40.7128,-74.006,"2020-03-01","2020-03-31","2020-03-09T00:00:00.000Z",10.7,39,0,3.94,-2.6,"2020-03-08T23:00:00.000Z","2020-03-09T00:00:00.000Z",true,"","complete",744,744,744,"Open-Meteo","ERA5 (requested)","era5",,"modeled_reanalysis",40.75,-74,32,"2026-09-11T00:26:47.065Z",,,"land","provider default elevation adjustment","instant meteorology; precipitation sum over preceding hour ending at time","reanalysis-adapter-v1","Weather data by Open-Meteo; ERA5 by Copernicus Climate Change Service (C3S) / ECMWF","https://open-meteo.com/en/docs/historical-weather-api","https://archive-api.open-meteo.com/v1/archive?latitude=40.7128&longitude=-74.006&start_date=2020-03-01&end_date=2020-03-31&models=era5&hourly=temperature_2m%2Crelative_humidity_2m%2Cprecipitation%2Cwind_speed_10m%2Cdew_point_2m&timezone=GMT&timeformat=unixtime&temperature_unit=celsius&wind_speed_unit=ms&precipitation_unit=mm&cell_selection=land"
"new-york-march-2020",40.7128,-74.006,"2020-03-01","2020-03-31","2020-03-09T01:00:00.000Z",10.3,41,0,4.16,-2.4,"2020-03-09T00:00:00.000Z","2020-03-09T01:00:00.000Z",true,"","complete",744,744,744,"Open-Meteo","ERA5 (requested)","era5",,"modeled_reanalysis",40.75,-74,32,"2026-09-11T00:26:47.065Z",,,"land","provider default elevation adjustment","instant meteorology; precipitation sum over preceding hour ending at time","reanalysis-adapter-v1","Weather data by Open-Meteo; ERA5 by Copernicus Climate Change Service (C3S) / ECMWF","https://open-meteo.com/en/docs/historical-weather-api","https://archive-api.open-meteo.com/v1/archive?latitude=40.7128&longitude=-74.006&start_date=2020-03-01&end_date=2020-03-31&models=era5&hourly=temperature_2m%2Crelative_humidity_2m%2Cprecipitation%2Cwind_speed_10m%2Cdew_point_2m&timezone=GMT&timeformat=unixtime&temperature_unit=celsius&wind_speed_unit=ms&precipitation_unit=mm&cell_selection=land"
"new-york-march-2020",40.7128,-74.006,"2020-03-01","2020-03-31","2020-03-09T02:00:00.000Z",9.8,42,0,4.16,-2.6,"2020-03-09T01:00:00.000Z","2020-03-09T02:00:00.000Z",true,"","complete",744,744,744,"Open-Meteo","ERA5 (requested)","era5",,"modeled_reanalysis",40.75,-74,32,"2026-09-11T00:26:47.065Z",,,"land","provider default elevation adjustment","instant meteorology; precipitation sum over preceding hour ending at time","reanalysis-adapter-v1","Weather data by Open-Meteo; ERA5 by Copernicus Climate Change Service (C3S) / ECMWF","https://open-meteo.com/en/docs/historical-weather-api","https://archive-api.open-meteo.com/v1/archive?latitude=40.7128&longitude=-74.006&start_date=2020-03-01&end_date=2020-03-31&models=era5&hourly=temperature_2m%2Crelative_humidity_2m%2Cprecipitation%2Cwind_speed_10m%2Cdew_point_2m&timezone=GMT&timeformat=unixtime&temperature_unit=celsius&wind_speed_unit=ms&precipitation_unit=mm&cell_selection=land"
"new-york-march-2020",40.7128,-74.006,"2020-03-01","2020-03-31","2020-03-09T03:00:00.000Z",8.7,43,0,4.3,-3.2,"2020-03-09T02:00:00.000Z","2020-03-09T03:00:00.000Z",true,"","complete",744,744,744,"Open-Meteo","ERA5 (requested)","era5",,"modeled_reanalysis",40.75,-74,32,"2026-09-11T00:26:47.065Z",,,"land","provider default elevation adjustment","instant meteorology; precipitation sum over preceding hour ending at time","reanalysis-adapter-v1","Weather data by Open-Meteo; ERA5 by Copernicus Climate Change Service (C3S) / ECMWF","https://open-meteo.com/en/docs/historical-weather-api","https://archive-api.open-meteo.com/v1/archive?latitude=40.7128&longitude=-74.006&start_date=2020-03-01&end_date=2020-03-31&models=era5&hourly=temperature_2m%2Crelative_humidity_2m%2Cprecipitation%2Cwind_speed_10m%2Cdew_point_2m&timezone=GMT&timeformat=unixtime&temperature_unit=celsius&wind_speed_unit=ms&precipitation_unit=mm&cell_selection=land"
"new-york-march-2020",40.7128,-74.006,"2020-03-01","2020-03-31","2020-03-09T04:00:00.000Z",8.1,45,0,4.27,-3.2,"2020-03-09T03:00:00.000Z","2020-03-09T04:00:00.000Z",true,"","complete",744,744,744,"Open-Meteo","ERA5 (requested)","era5",,"modeled_reanalysis",40.75,-74,32,"2026-09-11T00:26:47.065Z",,,"land","provider default elevation adjustment","instant meteorology; precipitation sum over preceding hour ending at time","reanalysis-adapter-v1","Weather data by Open-Meteo; ERA5 by Copernicus Climate Change Service (C3S) / ECMWF","https://open-meteo.com/en/docs/historical-weather-api","https://archive-api.open-meteo.com/v1/archive?latitude=40.7128&longitude=-74.006&start_date=2020-03-01&end_date=2020-03-31&models=era5&hourly=temperature_2m%2Crelative_humidity_2m%2Cprecipitation%2Cwind_speed_10m%2Cdew_point_2m&timezone=GMT&timeformat=unixtime&temperature_unit=celsius&wind_speed_unit=ms&precipitation_unit=mm&cell_selection=land"
"new-york-march-2020",40.7128,-74.006,"2020-03-01","2020-03-31","2020-03-09T05:00:00.000Z",7.4,46,0,4.27,-3.3,"2020-03-09T04:00:00.000Z","2020-03-09T05:00:00.000Z",true,"","complete",744,744,744,"Open-Meteo","ERA5 (requested)","era5",,"modeled_reanalysis",40.75,-74,32,"2026-09-11T00:26:47.065Z",,,"land","provider default elevation adjustment","instant meteorology; precipitation sum over preceding hour ending at time","reanalysis-adapter-v1","Weather data by Open-Meteo; ERA5 by Copernicus Climate Change Service (C3S) / ECMWF","https://open-meteo.com/en/docs/historical-weather-api","https://archive-api.open-meteo.com/v1/archive?latitude=40.7128&longitude=-74.006&start_date=2020-03-01&end_date=2020-03-31&models=era5&hourly=temperature_2m%2Crelative_humidity_2m%2Cprecipitation%2Cwind_speed_10m%2Cdew_point_2m&timezone=GMT&timeformat=unixtime&temperature_unit=celsius&wind_speed_unit=ms&precipitation_unit=mm&cell_selection=land"
"new-york-march-2020",40.7128,-74.006,"2020-03-01","2020-03-31","2020-03-09T06:00:00.000Z",7.1,48,0,4.22,-3.1,"2020-03-09T05:00:00.000Z","2020-03-09T06:00:00.000Z",true,"","complete",744,744,744,"Open-Meteo","ERA5 (requested)","era5",,"modeled_reanalysis",40.75,-74,32,"2026-09-11T00:26:47.065Z",,,"land","provider default elevation adjustment","instant meteorology; precipitation sum over preceding hour ending at time","reanalysis-adapter-v1","Weather data by Open-Meteo; ERA5 by Copernicus Climate Change Service (C3S) / ECMWF","https://open-meteo.com/en/docs/historical-weather-api","https://archive-api.open-meteo.com/v1/archive?latitude=40.7128&longitude=-74.006&start_date=2020-03-01&end_date=2020-03-31&models=era5&hourly=temperature_2m%2Crelative_humidity_2m%2Cprecipitation%2Cwind_speed_10m%2Cdew_point_2m&timezone=GMT&timeformat=unixtime&temperature_unit=celsius&wind_speed_unit=ms&precipitation_unit=mm&cell_selection=land"
"new-york-march-2020",40.7128,-74.006,"2020-03-01","2020-03-31","2020-03-09T07:00:00.000Z",7.2,49,0,4.17,-2.7,"2020-03-09T06:00:00.000Z","2020-03-09T07:00:00.000Z",true,"","complete",744,744,744,"Open-Meteo","ERA5 (requested)","era5",,"modeled_reanalysis",40.75,-74,32,"2026-09-11T00:26:47.065Z",,,"land","provider default elevation adjustment","instant meteorology; precipitation sum over preceding hour ending at time","reanalysis-adapter-v1","Weather data by Open-Meteo; ERA5 by Copernicus Climate Change Service (C3S) / ECMWF","https://open-meteo.com/en/docs/historical-weather-api","https://archive-api.open-meteo.com/v1/archive?latitude=40.7128&longitude=-74.006&start_date=2020-03-01&end_date=2020-03-31&models=era5&hourly=temperature_2m%2Crelative_humidity_2m%2Cprecipitation%2Cwind_speed_10m%2Cdew_point_2m&timezone=GMT&timeformat=unixtime&temperature_unit=celsius&wind_speed_unit=ms&precipitation_unit=mm&cell_selection=land"
"new-york-march-2020",40.7128,-74.006,"2020-03-01","2020-03-31","2020-03-09T08:00:00.000Z",6.7,53,0,4.03,-2.3,"2020-03-09T07:00:00.000Z","2020-03-09T08:00:00.000Z",true,"","complete",744,744,744,"Open-Meteo","ERA5 (requested)","era5",,"modeled_reanalysis",40.75,-74,32,"2026-09-11T00:26:47.065Z",,,"land","provider default elevation adjustment","instant meteorology; precipitation sum over preceding hour ending at time","reanalysis-adapter-v1","Weather data by Open-Meteo; ERA5 by Copernicus Climate Change Service (C3S) / ECMWF","https://open-meteo.com/en/docs/historical-weather-api","https://archive-api.open-meteo.com/v1/archive?latitude=40.7128&longitude=-74.006&start_date=2020-03-01&end_date=2020-03-31&models=era5&hourly=temperature_2m%2Crelative_humidity_2m%2Cprecipitation%2Cwind_speed_10m%2Cdew_point_2m&timezone=GMT&timeformat=unixtime&temperature_unit=celsius&wind_speed_unit=ms&precipitation_unit=mm&cell_selection=land"
"new-york-march-2020",40.7128,-74.006,"2020-03-01","2020-03-31","2020-03-09T09:00:00.000Z",6.2,56,0,3.89,-2,"2020-03-09T08:00:00.000Z","2020-03-09T09:00:00.000Z",true,"","complete",744,744,744,"Open-Meteo","ERA5 (requested)","era5",,"modeled_reanalysis",40.75,-74,32,"2026-09-11T00:26:47.065Z",,,"land","provider default elevation adjustment","instant meteorology; precipitation sum over preceding hour ending at time","reanalysis-adapter-v1","Weather data by Open-Meteo; ERA5 by Copernicus Climate Change Service (C3S) / ECMWF","https://open-meteo.com/en/docs/historical-weather-api","https://archive-api.open-meteo.com/v1/archive?latitude=40.7128&longitude=-74.006&start_date=2020-03-01&end_date=2020-03-31&models=era5&hourly=temperature_2m%2Crelative_humidity_2m%2Cprecipitation%2Cwind_speed_10m%2Cdew_point_2m&timezone=GMT&timeformat=unixtime&temperature_unit=celsius&wind_speed_unit=ms&precipitation_unit=mm&cell_selection=land"
"new-york-march-2020",40.7128,-74.006,"2020-03-01","2020-03-31","2020-03-09T10:00:00.000Z",5.3,61,0,3.2,-1.6,"2020-03-09T09:00:00.000Z","2020-03-09T10:00:00.000Z",true,"","complete",744,744,744,"Open-Meteo","ERA5 (requested)","era5",,"modeled_reanalysis",40.75,-74,32,"2026-09-11T00:26:47.065Z",,,"land","provider default elevation adjustment","instant meteorology; precipitation sum over preceding hour ending at time","reanalysis-adapter-v1","Weather data by Open-Meteo; ERA5 by Copernicus Climate Change Service (C3S) / ECMWF","https://open-meteo.com/en/docs/historical-weather-api","https://archive-api.open-meteo.com/v1/archive?latitude=40.7128&longitude=-74.006&start_date=2020-03-01&end_date=2020-03-31&models=era5&hourly=temperature_2m%2Crelative_humidity_2m%2Cprecipitation%2Cwind_speed_10m%2Cdew_point_2m&timezone=GMT&timeformat=unixtime&temperature_unit=celsius&wind_speed_unit=ms&precipitation_unit=mm&cell_selection=land"
"new-york-march-2020",40.7128,-74.006,"2020-03-01","2020-03-31","2020-03-09T11:00:00.000Z",5.3,63,0,3.13,-1.2,"2020-03-09T10:00:00.000Z","2020-03-09T11:00:00.000Z",true,"","complete",744,744,744,"Open-Meteo","ERA5 (requested)","era5",,"modeled_reanalysis",40.75,-74,32,"2026-09-11T00:26:47.065Z",,,"land","provider default elevation adjustment","instant meteorology; precipitation sum over preceding hour ending at time","reanalysis-adapter-v1","Weather data by Open-Meteo; ERA5 by Copernicus Climate Change Service (C3S) / ECMWF","https://open-meteo.com/en/docs/historical-weather-api","https://archive-api.open-meteo.com/v1/archive?latitude=40.7128&longitude=-74.006&start_date=2020-03-01&end_date=2020-03-31&models=era5&hourly=temperature_2m%2Crelative_humidity_2m%2Cprecipitation%2Cwind_speed_10m%2Cdew_point_2m&timezone=GMT&timeformat=unixtime&temperature_unit=celsius&wind_speed_unit=ms&precipitation_unit=mm&cell_selection=land"
"new-york-march-2020",40.7128,-74.006,"2020-03-01","2020-03-31","2020-03-09T12:00:00.000Z",5,65,0,3.4,-1,"2020-03-09T11:00:00.000Z","2020-03-09T12:00:00.000Z",true,"","complete",744,744,744,"Open-Meteo","ERA5 (requested)","era5",,"modeled_reanalysis",40.75,-74,32,"2026-09-11T00:26:47.065Z",,,"land","provider default elevation adjustment","instant meteorology; precipitation sum over preceding hour ending at time","reanalysis-adapter-v1","Weather data by Open-Meteo; ERA5 by Copernicus Climate Change Service (C3S) / ECMWF","https://open-meteo.com/en/docs/historical-weather-api","https://archive-api.open-meteo.com/v1/archive?latitude=40.7128&longitude=-74.006&start_date=2020-03-01&end_date=2020-03-31&models=era5&hourly=temperature_2m%2Crelative_humidity_2m%2Cprecipitation%2Cwind_speed_10m%2Cdew_point_2m&timezone=GMT&timeformat=unixtime&temperature_unit=celsius&wind_speed_unit=ms&precipitation_unit=mm&cell_selection=land"
"new-york-march-2020",40.7128,-74.006,"2020-03-01","2020-03-31","2020-03-09T13:00:00.000Z",6.8,57,0,3.5,-1.1,"2020-03-09T12:00:00.000Z","2020-03-09T13:00:00.000Z",true,"","complete",744,744,744,"Open-Meteo","ERA5 (requested)","era5",,"modeled_reanalysis",40.75,-74,32,"2026-09-11T00:26:47.065Z",,,"land","provider default elevation adjustment","instant meteorology; precipitation sum over preceding hour ending at time","reanalysis-adapter-v1","Weather data by Open-Meteo; ERA5 by Copernicus Climate Change Service (C3S) / ECMWF","https://open-meteo.com/en/docs/historical-weather-api","https://archive-api.open-meteo.com/v1/archive?latitude=40.7128&longitude=-74.006&start_date=2020-03-01&end_date=2020-03-31&models=era5&hourly=temperature_2m%2Crelative_humidity_2m%2Cprecipitation%2Cwind_speed_10m%2Cdew_point_2m&timezone=GMT&timeformat=unixtime&temperature_unit=celsius&wind_speed_unit=ms&precipitation_unit=mm&cell_selection=land"
"new-york-march-2020",40.7128,-74.006,"2020-03-01","2020-03-31","2020-03-09T14:00:00.000Z",9.1,48,0,3.49,-1.3,"2020-03-09T13:00:00.000Z","2020-03-09T14:00:00.000Z",true,"","complete",744,744,744,"Open-Meteo","ERA5 (requested)","era5",,"modeled_reanalysis",40.75,-74,32,"2026-09-11T00:26:47.065Z",,,"land","provider default elevation adjustment","instant meteorology; precipitation sum over preceding hour ending at time","reanalysis-adapter-v1","Weather data by Open-Meteo; ERA5 by Copernicus Climate Change Service (C3S) / ECMWF","https://open-meteo.com/en/docs/historical-weather-api","https://archive-api.open-meteo.com/v1/archive?latitude=40.7128&longitude=-74.006&start_date=2020-03-01&end_date=2020-03-31&models=era5&hourly=temperature_2m%2Crelative_humidity_2m%2Cprecipitation%2Cwind_speed_10m%2Cdew_point_2m&timezone=GMT&timeformat=unixtime&temperature_unit=celsius&wind_speed_unit=ms&precipitation_unit=mm&cell_selection=land"
"new-york-march-2020",40.7128,-74.006,"2020-03-01","2020-03-31","2020-03-09T15:00:00.000Z",12,38,0,3.53,-1.8,"2020-03-09T14:00:00.000Z","2020-03-09T15:00:00.000Z",true,"","complete",744,744,744,"Open-Meteo","ERA5 (requested)","era5",,"modeled_reanalysis",40.75,-74,32,"2026-09-11T00:26:47.065Z",,,"land","provider default elevation adjustment","instant meteorology; precipitation sum over preceding hour ending at time","reanalysis-adapter-v1","Weather data by Open-Meteo; ERA5 by Copernicus Climate Change Service (C3S) / ECMWF","https://open-meteo.com/en/docs/historical-weather-api","https://archive-api.open-meteo.com/v1/archive?latitude=40.7128&longitude=-74.006&start_date=2020-03-01&end_date=2020-03-31&models=era5&hourly=temperature_2m%2Crelative_humidity_2m%2Cprecipitation%2Cwind_speed_10m%2Cdew_point_2m&timezone=GMT&timeformat=unixtime&temperature_unit=celsius&wind_speed_unit=ms&precipitation_unit=mm&cell_selection=land"
"new-york-march-2020",40.7128,-74.006,"2020-03-01","2020-03-31","2020-03-09T16:00:00.000Z",14.4,33,0,3.85,-1.7,"2020-03-09T15:00:00.000Z","2020-03-09T16:00:00.000Z",true,"","complete",744,744,744,"Open-Meteo","ERA5 (requested)","era5",,"modeled_reanalysis",40.75,-74,32,"2026-09-11T00:26:47.065Z",,,"land","provider default elevation adjustment","instant meteorology; precipitation sum over preceding hour ending at time","reanalysis-adapter-v1","Weather data by Open-Meteo; ERA5 by Copernicus Climate Change Service (C3S) / ECMWF","https://open-meteo.com/en/docs/historical-weather-api","https://archive-api.open-meteo.com/v1/archive?latitude=40.7128&longitude=-74.006&start_date=2020-03-01&end_date=2020-03-31&models=era5&hourly=temperature_2m%2Crelative_humidity_2m%2Cprecipitation%2Cwind_speed_10m%2Cdew_point_2m&timezone=GMT&timeformat=unixtime&temperature_unit=celsius&wind_speed_unit=ms&precipitation_unit=mm&cell_selection=land"
"new-york-march-2020",40.7128,-74.006,"2020-03-01","2020-03-31","2020-03-09T17:00:00.000Z",16.7,29,0,4.05,-1.6,"2020-03-09T16:00:00.000Z","2020-03-09T17:00:00.000Z",true,"","complete",744,744,744,"Open-Meteo","ERA5 (requested)","era5",,"modeled_reanalysis",40.75,-74,32,"2026-09-11T00:26:47.065Z",,,"land","provider default elevation adjustment","instant meteorology; precipitation sum over preceding hour ending at time","reanalysis-adapter-v1","Weather data by Open-Meteo; ERA5 by Copernicus Climate Change Service (C3S) / ECMWF","https://open-meteo.com/en/docs/historical-weather-api","https://archive-api.open-meteo.com/v1/archive?latitude=40.7128&longitude=-74.006&start_date=2020-03-01&end_date=2020-03-31&models=era5&hourly=temperature_2m%2Crelative_humidity_2m%2Cprecipitation%2Cwind_speed_10m%2Cdew_point_2m&timezone=GMT&timeformat=unixtime&temperature_unit=celsius&wind_speed_unit=ms&precipitation_unit=mm&cell_selection=land"
"new-york-march-2020",40.7128,-74.006,"2020-03-01","2020-03-31","2020-03-09T18:00:00.000Z",18,26,0,4.22,-1.7,"2020-03-09T17:00:00.000Z","2020-03-09T18:00:00.000Z",true,"","complete",744,744,744,"Open-Meteo","ERA5 (requested)","era5",,"modeled_reanalysis",40.75,-74,32,"2026-09-11T00:26:47.065Z",,,"land","provider default elevation adjustment","instant meteorology; precipitation sum over preceding hour ending at time","reanalysis-adapter-v1","Weather data by Open-Meteo; ERA5 by Copernicus Climate Change Service (C3S) / ECMWF","https://open-meteo.com/en/docs/historical-weather-api","https://archive-api.open-meteo.com/v1/archive?latitude=40.7128&longitude=-74.006&start_date=2020-03-01&end_date=2020-03-31&models=era5&hourly=temperature_2m%2Crelative_humidity_2m%2Cprecipitation%2Cwind_speed_10m%2Cdew_point_2m&timezone=GMT&timeformat=unixtime&temperature_unit=celsius&wind_speed_unit=ms&precipitation_unit=mm&cell_selection=land"
"new-york-march-2020",40.7128,-74.006,"2020-03-01","2020-03-31","2020-03-09T19:00:00.000Z",18.8,25,0,4.34,-1.9,"2020-03-09T18:00:00.000Z","2020-03-09T19:00:00.000Z",true,"","complete",744,744,744,"Open-Meteo","ERA5 (requested)","era5",,"modeled_reanalysis",40.75,-74,32,"2026-09-11T00:26:47.065Z",,,"land","provider default elevation adjustment","instant meteorology; precipitation sum over preceding hour ending at time","reanalysis-adapter-v1","Weather data by Open-Meteo; ERA5 by Copernicus Climate Change Service (C3S) / ECMWF","https://open-meteo.com/en/docs/historical-weather-api","https://archive-api.open-meteo.com/v1/archive?latitude=40.7128&longitude=-74.006&start_date=2020-03-01&end_date=2020-03-31&models=era5&hourly=temperature_2m%2Crelative_humidity_2m%2Cprecipitation%2Cwind_speed_10m%2Cdew_point_2m&timezone=GMT&timeformat=unixtime&temperature_unit=celsius&wind_speed_unit=ms&precipitation_unit=mm&cell_selection=land"
"new-york-march-2020",40.7128,-74.006,"2020-03-01","2020-03-31","2020-03-09T20:00:00.000Z",19.3,24,0,4.04,-2,"2020-03-09T19:00:00.000Z","2020-03-09T20:00:00.000Z",true,"","complete",744,744,744,"Open-Meteo","ERA5 (requested)","era5",,"modeled_reanalysis",40.75,-74,32,"2026-09-11T00:26:47.065Z",,,"land","provider default elevation adjustment","instant meteorology; precipitation sum over preceding hour ending at time","reanalysis-adapter-v1","Weather data by Open-Meteo; ERA5 by Copernicus Climate Change Service (C3S) / ECMWF","https://open-meteo.com/en/docs/historical-weather-api","https://archive-api.open-meteo.com/v1/archive?latitude=40.7128&longitude=-74.006&start_date=2020-03-01&end_date=2020-03-31&models=era5&hourly=temperature_2m%2Crelative_humidity_2m%2Cprecipitation%2Cwind_speed_10m%2Cdew_point_2m&timezone=GMT&timeformat=unixtime&temperature_unit=celsius&wind_speed_unit=ms&precipitation_unit=mm&cell_selection=land"
"new-york-march-2020",40.7128,-74.006,"2020-03-01","2020-03-31","2020-03-09T21:00:00.000Z",18.5,27,0,3.48,-0.9,"2020-03-09T20:00:00.000Z","2020-03-09T21:00:00.000Z",true,"","complete",744,744,744,"Open-Meteo","ERA5 (requested)","era5",,"modeled_reanalysis",40.75,-74,32,"2026-09-11T00:26:47.065Z",,,"land","provider default elevation adjustment","instant meteorology; precipitation sum over preceding hour ending at time","reanalysis-adapter-v1","Weather data by Open-Meteo; ERA5 by Copernicus Climate Change Service (C3S) / ECMWF","https://open-meteo.com/en/docs/historical-weather-api","https://archive-api.open-meteo.com/v1/archive?latitude=40.7128&longitude=-74.006&start_date=2020-03-01&end_date=2020-03-31&models=era5&hourly=temperature_2m%2Crelative_humidity_2m%2Cprecipitation%2Cwind_speed_10m%2Cdew_point_2m&timezone=GMT&timeformat=unixtime&temperature_unit=celsius&wind_speed_unit=ms&precipitation_unit=mm&cell_selection=land"
"new-york-march-2020",40.7128,-74.006,"2020-03-01","2020-03-31","2020-03-09T22:00:00.000Z",16.7,29,0,2.94,-1.6,"2020-03-09T21:00:00.000Z","2020-03-09T22:00:00.000Z",true,"","complete",744,744,744,"Open-Meteo","ERA5 (requested)","era5",,"modeled_reanalysis",40.75,-74,32,"2026-09-11T00:26:47.065Z",,,"land","provider default elevation adjustment","instant meteorology; precipitation sum over preceding hour ending at time","reanalysis-adapter-v1","Weather data by Open-Meteo; ERA5 by Copernicus Climate Change Service (C3S) / ECMWF","https://open-meteo.com/en/docs/historical-weather-api","https://archive-api.open-meteo.com/v1/archive?latitude=40.7128&longitude=-74.006&start_date=2020-03-01&end_date=2020-03-31&models=era5&hourly=temperature_2m%2Crelative_humidity_2m%2Cprecipitation%2Cwind_speed_10m%2Cdew_point_2m&timezone=GMT&timeformat=unixtime&temperature_unit=celsius&wind_speed_unit=ms&precipitation_unit=mm&cell_selection=land"
"new-york-march-2020",40.7128,-74.006,"2020-03-01","2020-03-31","2020-03-09T23:00:00.000Z",15.9,31,0,3.12,-1.2,"2020-03-09T22:00:00.000Z","2020-03-09T23:00:00.000Z",true,"","complete",744,744,744,"Open-Meteo","ERA5 (requested)","era5",,"modeled_reanalysis",40.75,-74,32,"2026-09-11T00:26:47.065Z",,,"land","provider default elevation adjustment","instant meteorology; precipitation sum over preceding hour ending at time","reanalysis-adapter-v1","Weather data by Open-Meteo; ERA5 by Copernicus Climate Change Service (C3S) / ECMWF","https://open-meteo.com/en/docs/historical-weather-api","https://archive-api.open-meteo.com/v1/archive?latitude=40.7128&longitude=-74.006&start_date=2020-03-01&end_date=2020-03-31&models=era5&hourly=temperature_2m%2Crelative_humidity_2m%2Cprecipitation%2Cwind_speed_10m%2Cdew_point_2m&timezone=GMT&timeformat=unixtime&temperature_unit=celsius&wind_speed_unit=ms&precipitation_unit=mm&cell_selection=land"
"new-york-march-2020",40.7128,-74.006,"2020-03-01","2020-03-31","2020-03-10T00:00:00.000Z",14.7,35,0,3.25,-0.7,"2020-03-09T23:00:00.000Z","2020-03-10T00:00:00.000Z",true,"","complete",744,744,744,"Open-Meteo","ERA5 (requested)","era5",,"modeled_reanalysis",40.75,-74,32,"2026-09-11T00:26:47.065Z",,,"land","provider default elevation adjustment","instant meteorology; precipitation sum over preceding hour ending at time","reanalysis-adapter-v1","Weather data by Open-Meteo; ERA5 by Copernicus Climate Change Service (C3S) / ECMWF","https://open-meteo.com/en/docs/historical-weather-api","https://archive-api.open-meteo.com/v1/archive?latitude=40.7128&longitude=-74.006&start_date=2020-03-01&end_date=2020-03-31&models=era5&hourly=temperature_2m%2Crelative_humidity_2m%2Cprecipitation%2Cwind_speed_10m%2Cdew_point_2m&timezone=GMT&timeformat=unixtime&temperature_unit=celsius&wind_speed_unit=ms&precipitation_unit=mm&cell_selection=land"
"new-york-march-2020",40.7128,-74.006,"2020-03-01","2020-03-31","2020-03-10T01:00:00.000Z",14.2,38,0,3.39,-0.1,"2020-03-10T00:00:00.000Z","2020-03-10T01:00:00.000Z",true,"","complete",744,744,744,"Open-Meteo","ERA5 (requested)","era5",,"modeled_reanalysis",40.75,-74,32,"2026-09-11T00:26:47.065Z",,,"land","provider default elevation adjustment","instant meteorology; precipitation sum over preceding hour ending at time","reanalysis-adapter-v1","Weather data by Open-Meteo; ERA5 by Copernicus Climate Change Service (C3S) / ECMWF","https://open-meteo.com/en/docs/historical-weather-api","https://archive-api.open-meteo.com/v1/archive?latitude=40.7128&longitude=-74.006&start_date=2020-03-01&end_date=2020-03-31&models=era5&hourly=temperature_2m%2Crelative_humidity_2m%2Cprecipitation%2Cwind_speed_10m%2Cdew_point_2m&timezone=GMT&timeformat=unixtime&temperature_unit=celsius&wind_speed_unit=ms&precipitation_unit=mm&cell_selection=land"
"new-york-march-2020",40.7128,-74.006,"2020-03-01","2020-03-31","2020-03-10T02:00:00.000Z",13.6,39,0,3.54,-0.2,"2020-03-10T01:00:00.000Z","2020-03-10T02:00:00.000Z",true,"","complete",744,744,744,"Open-Meteo","ERA5 (requested)","era5",,"modeled_reanalysis",40.75,-74,32,"2026-09-11T00:26:47.065Z",,,"land","provider default elevation adjustment","instant meteorology; precipitation sum over preceding hour ending at time","reanalysis-adapter-v1","Weather data by Open-Meteo; ERA5 by Copernicus Climate Change Service (C3S) / ECMWF","https://open-meteo.com/en/docs/historical-weather-api","https://archive-api.open-meteo.com/v1/archive?latitude=40.7128&longitude=-74.006&start_date=2020-03-01&end_date=2020-03-31&models=era5&hourly=temperature_2m%2Crelative_humidity_2m%2Cprecipitation%2Cwind_speed_10m%2Cdew_point_2m&timezone=GMT&timeformat=unixtime&temperature_unit=celsius&wind_speed_unit=ms&precipitation_unit=mm&cell_selection=land"
"new-york-march-2020",40.7128,-74.006,"2020-03-01","2020-03-31","2020-03-10T03:00:00.000Z",12.7,42,0,3.68,0.1,"2020-03-10T02:00:00.000Z","2020-03-10T03:00:00.000Z",true,"","complete",744,744,744,"Open-Meteo","ERA5 (requested)","era5",,"modeled_reanalysis",40.75,-74,32,"2026-09-11T00:26:47.065Z",,,"land","provider default elevation adjustment","instant meteorology; precipitation sum over preceding hour ending at time","reanalysis-adapter-v1","Weather data by Open-Meteo; ERA5 by Copernicus Climate Change Service (C3S) / ECMWF","https://open-meteo.com/en/docs/historical-weather-api","https://archive-api.open-meteo.com/v1/archive?latitude=40.7128&longitude=-74.006&start_date=2020-03-01&end_date=2020-03-31&models=era5&hourly=temperature_2m%2Crelative_humidity_2m%2Cprecipitation%2Cwind_speed_10m%2Cdew_point_2m&timezone=GMT&timeformat=unixtime&temperature_unit=celsius&wind_speed_unit=ms&precipitation_unit=mm&cell_selection=land"
"new-york-march-2020",40.7128,-74.006,"2020-03-01","2020-03-31","2020-03-10T04:00:00.000Z",12.4,45,0,3.75,0.8,"2020-03-10T03:00:00.000Z","2020-03-10T04:00:00.000Z",true,"","complete",744,744,744,"Open-Meteo","ERA5 (requested)","era5",,"modeled_reanalysis",40.75,-74,32,"2026-09-11T00:26:47.065Z",,,"land","provider default elevation adjustment","instant meteorology; precipitation sum over preceding hour ending at time","reanalysis-adapter-v1","Weather data by Open-Meteo; ERA5 by Copernicus Climate Change Service (C3S) / ECMWF","https://open-meteo.com/en/docs/historical-weather-api","https://archive-api.open-meteo.com/v1/archive?latitude=40.7128&longitude=-74.006&start_date=2020-03-01&end_date=2020-03-31&models=era5&hourly=temperature_2m%2Crelative_humidity_2m%2Cprecipitation%2Cwind_speed_10m%2Cdew_point_2m&timezone=GMT&timeformat=unixtime&temperature_unit=celsius&wind_speed_unit=ms&precipitation_unit=mm&cell_selection=land"
"new-york-march-2020",40.7128,-74.006,"2020-03-01","2020-03-31","2020-03-10T05:00:00.000Z",11.9,51,0,3.62,2,"2020-03-10T04:00:00.000Z","2020-03-10T05:00:00.000Z",true,"","complete",744,744,744,"Open-Meteo","ERA5 (requested)","era5",,"modeled_reanalysis",40.75,-74,32,"2026-09-11T00:26:47.065Z",,,"land","provider default elevation adjustment","instant meteorology; precipitation sum over preceding hour ending at time","reanalysis-adapter-v1","Weather data by Open-Meteo; ERA5 by Copernicus Climate Change Service (C3S) / ECMWF","https://open-meteo.com/en/docs/historical-weather-api","https://archive-api.open-meteo.com/v1/archive?latitude=40.7128&longitude=-74.006&start_date=2020-03-01&end_date=2020-03-31&models=era5&hourly=temperature_2m%2Crelative_humidity_2m%2Cprecipitation%2Cwind_speed_10m%2Cdew_point_2m&timezone=GMT&timeformat=unixtime&temperature_unit=celsius&wind_speed_unit=ms&precipitation_unit=mm&cell_selection=land"
"new-york-march-2020",40.7128,-74.006,"2020-03-01","2020-03-31","2020-03-10T06:00:00.000Z",11.4,55,0,3.64,2.6,"2020-03-10T05:00:00.000Z","2020-03-10T06:00:00.000Z",true,"","complete",744,744,744,"Open-Meteo","ERA5 (requested)","era5",,"modeled_reanalysis",40.75,-74,32,"2026-09-11T00:26:47.065Z",,,"land","provider default elevation adjustment","instant meteorology; precipitation sum over preceding hour ending at time","reanalysis-adapter-v1","Weather data by Open-Meteo; ERA5 by Copernicus Climate Change Service (C3S) / ECMWF","https://open-meteo.com/en/docs/historical-weather-api","https://archive-api.open-meteo.com/v1/archive?latitude=40.7128&longitude=-74.006&start_date=2020-03-01&end_date=2020-03-31&models=era5&hourly=temperature_2m%2Crelative_humidity_2m%2Cprecipitation%2Cwind_speed_10m%2Cdew_point_2m&timezone=GMT&timeformat=unixtime&temperature_unit=celsius&wind_speed_unit=ms&precipitation_unit=mm&cell_selection=land"
"new-york-march-2020",40.7128,-74.006,"2020-03-01","2020-03-31","2020-03-10T07:00:00.000Z",10.8,56,0,3.58,2.2,"2020-03-10T06:00:00.000Z","2020-03-10T07:00:00.000Z",true,"","complete",744,744,744,"Open-Meteo","ERA5 (requested)","era5",,"modeled_reanalysis",40.75,-74,32,"2026-09-11T00:26:47.065Z",,,"land","provider default elevation adjustment","instant meteorology; precipitation sum over preceding hour ending at time","reanalysis-adapter-v1","Weather data by Open-Meteo; ERA5 by Copernicus Climate Change Service (C3S) / ECMWF","https://open-meteo.com/en/docs/historical-weather-api","https://archive-api.open-meteo.com/v1/archive?latitude=40.7128&longitude=-74.006&start_date=2020-03-01&end_date=2020-03-31&models=era5&hourly=temperature_2m%2Crelative_humidity_2m%2Cprecipitation%2Cwind_speed_10m%2Cdew_point_2m&timezone=GMT&timeformat=unixtime&temperature_unit=celsius&wind_speed_unit=ms&precipitation_unit=mm&cell_selection=land"
"new-york-march-2020",40.7128,-74.006,"2020-03-01","2020-03-31","2020-03-10T08:00:00.000Z",10,58,0,3.28,2,"2020-03-10T07:00:00.000Z","2020-03-10T08:00:00.000Z",true,"","complete",744,744,744,"Open-Meteo","ERA5 (requested)","era5",,"modeled_reanalysis",40.75,-74,32,"2026-09-11T00:26:47.065Z",,,"land","provider default elevation adjustment","instant meteorology; precipitation sum over preceding hour ending at time","reanalysis-adapter-v1","Weather data by Open-Meteo; ERA5 by Copernicus Climate Change Service (C3S) / ECMWF","https://open-meteo.com/en/docs/historical-weather-api","https://archive-api.open-meteo.com/v1/archive?latitude=40.7128&longitude=-74.006&start_date=2020-03-01&end_date=2020-03-31&models=era5&hourly=temperature_2m%2Crelative_humidity_2m%2Cprecipitation%2Cwind_speed_10m%2Cdew_point_2m&timezone=GMT&timeformat=unixtime&temperature_unit=celsius&wind_speed_unit=ms&precipitation_unit=mm&cell_selection=land"
"new-york-march-2020",40.7128,-74.006,"2020-03-01","2020-03-31","2020-03-10T09:00:00.000Z",9.6,62,0,3.18,2.7,"2020-03-10T08:00:00.000Z","2020-03-10T09:00:00.000Z",true,"","complete",744,744,744,"Open-Meteo","ERA5 (requested)","era5",,"modeled_reanalysis",40.75,-74,32,"2026-09-11T00:26:47.065Z",,,"land","provider default elevation adjustment","instant meteorology; precipitation sum over preceding hour ending at time","reanalysis-adapter-v1","Weather data by Open-Meteo; ERA5 by Copernicus Climate Change Service (C3S) / ECMWF","https://open-meteo.com/en/docs/historical-weather-api","https://archive-api.open-meteo.com/v1/archive?latitude=40.7128&longitude=-74.006&start_date=2020-03-01&end_date=2020-03-31&models=era5&hourly=temperature_2m%2Crelative_humidity_2m%2Cprecipitation%2Cwind_speed_10m%2Cdew_point_2m&timezone=GMT&timeformat=unixtime&temperature_unit=celsius&wind_speed_unit=ms&precipitation_unit=mm&cell_selection=land"
"new-york-march-2020",40.7128,-74.006,"2020-03-01","2020-03-31","2020-03-10T10:00:00.000Z",8.8,60,0,2.69,1.6,"2020-03-10T09:00:00.000Z","2020-03-10T10:00:00.000Z",true,"","complete",744,744,744,"Open-Meteo","ERA5 (requested)","era5",,"modeled_reanalysis",40.75,-74,32,"2026-09-11T00:26:47.065Z",,,"land","provider default elevation adjustment","instant meteorology; precipitation sum over preceding hour ending at time","reanalysis-adapter-v1","Weather data by Open-Meteo; ERA5 by Copernicus Climate Change Service (C3S) / ECMWF","https://open-meteo.com/en/docs/historical-weather-api","https://archive-api.open-meteo.com/v1/archive?latitude=40.7128&longitude=-74.006&start_date=2020-03-01&end_date=2020-03-31&models=era5&hourly=temperature_2m%2Crelative_humidity_2m%2Cprecipitation%2Cwind_speed_10m%2Cdew_point_2m&timezone=GMT&timeformat=unixtime&temperature_unit=celsius&wind_speed_unit=ms&precipitation_unit=mm&cell_selection=land"
"new-york-march-2020",40.7128,-74.006,"2020-03-01","2020-03-31","2020-03-10T11:00:00.000Z",9,62,0,2.83,2.1,"2020-03-10T10:00:00.000Z","2020-03-10T11:00:00.000Z",true,"","complete",744,744,744,"Open-Meteo","ERA5 (requested)","era5",,"modeled_reanalysis",40.75,-74,32,"2026-09-11T00:26:47.065Z",,,"land","provider default elevation adjustment","instant meteorology; precipitation sum over preceding hour ending at time","reanalysis-adapter-v1","Weather data by Open-Meteo; ERA5 by Copernicus Climate Change Service (C3S) / ECMWF","https://open-meteo.com/en/docs/historical-weather-api","https://archive-api.open-meteo.com/v1/archive?latitude=40.7128&longitude=-74.006&start_date=2020-03-01&end_date=2020-03-31&models=era5&hourly=temperature_2m%2Crelative_humidity_2m%2Cprecipitation%2Cwind_speed_10m%2Cdew_point_2m&timezone=GMT&timeformat=unixtime&temperature_unit=celsius&wind_speed_unit=ms&precipitation_unit=mm&cell_selection=land"
"new-york-march-2020",40.7128,-74.006,"2020-03-01","2020-03-31","2020-03-10T12:00:00.000Z",9.2,64,0,3.41,2.7,"2020-03-10T11:00:00.000Z","2020-03-10T12:00:00.000Z",true,"","complete",744,744,744,"Open-Meteo","ERA5 (requested)","era5",,"modeled_reanalysis",40.75,-74,32,"2026-09-11T00:26:47.065Z",,,"land","provider default elevation adjustment","instant meteorology; precipitation sum over preceding hour ending at time","reanalysis-adapter-v1","Weather data by Open-Meteo; ERA5 by Copernicus Climate Change Service (C3S) / ECMWF","https://open-meteo.com/en/docs/historical-weather-api","https://archive-api.open-meteo.com/v1/archive?latitude=40.7128&longitude=-74.006&start_date=2020-03-01&end_date=2020-03-31&models=era5&hourly=temperature_2m%2Crelative_humidity_2m%2Cprecipitation%2Cwind_speed_10m%2Cdew_point_2m&timezone=GMT&timeformat=unixtime&temperature_unit=celsius&wind_speed_unit=ms&precipitation_unit=mm&cell_selection=land"
"new-york-march-2020",40.7128,-74.006,"2020-03-01","2020-03-31","2020-03-10T13:00:00.000Z",10.3,63,0,3.82,3.6,"2020-03-10T12:00:00.000Z","2020-03-10T13:00:00.000Z",true,"","complete",744,744,744,"Open-Meteo","ERA5 (requested)","era5",,"modeled_reanalysis",40.75,-74,32,"2026-09-11T00:26:47.065Z",,,"land","provider default elevation adjustment","instant meteorology; precipitation sum over preceding hour ending at time","reanalysis-adapter-v1","Weather data by Open-Meteo; ERA5 by Copernicus Climate Change Service (C3S) / ECMWF","https://open-meteo.com/en/docs/historical-weather-api","https://archive-api.open-meteo.com/v1/archive?latitude=40.7128&longitude=-74.006&start_date=2020-03-01&end_date=2020-03-31&models=era5&hourly=temperature_2m%2Crelative_humidity_2m%2Cprecipitation%2Cwind_speed_10m%2Cdew_point_2m&timezone=GMT&timeformat=unixtime&temperature_unit=celsius&wind_speed_unit=ms&precipitation_unit=mm&cell_selection=land"
"new-york-march-2020",40.7128,-74.006,"2020-03-01","2020-03-31","2020-03-10T14:00:00.000Z",11.7,61,0,3.83,4.3,"2020-03-10T13:00:00.000Z","2020-03-10T14:00:00.000Z",true,"","complete",744,744,744,"Open-Meteo","ERA5 (requested)","era5",,"modeled_reanalysis",40.75,-74,32,"2026-09-11T00:26:47.065Z",,,"land","provider default elevation adjustment","instant meteorology; precipitation sum over preceding hour ending at time","reanalysis-adapter-v1","Weather data by Open-Meteo; ERA5 by Copernicus Climate Change Service (C3S) / ECMWF","https://open-meteo.com/en/docs/historical-weather-api","https://archive-api.open-meteo.com/v1/archive?latitude=40.7128&longitude=-74.006&start_date=2020-03-01&end_date=2020-03-31&models=era5&hourly=temperature_2m%2Crelative_humidity_2m%2Cprecipitation%2Cwind_speed_10m%2Cdew_point_2m&timezone=GMT&timeformat=unixtime&temperature_unit=celsius&wind_speed_unit=ms&precipitation_unit=mm&cell_selection=land"
"new-york-march-2020",40.7128,-74.006,"2020-03-01","2020-03-31","2020-03-10T15:00:00.000Z",14,53,0,4.14,4.7,"2020-03-10T14:00:00.000Z","2020-03-10T15:00:00.000Z",true,"","complete",744,744,744,"Open-Meteo","ERA5 (requested)","era5",,"modeled_reanalysis",40.75,-74,32,"2026-09-11T00:26:47.065Z",,,"land","provider default elevation adjustment","instant meteorology; precipitation sum over preceding hour ending at time","reanalysis-adapter-v1","Weather data by Open-Meteo; ERA5 by Copernicus Climate Change Service (C3S) / ECMWF","https://open-meteo.com/en/docs/historical-weather-api","https://archive-api.open-meteo.com/v1/archive?latitude=40.7128&longitude=-74.006&start_date=2020-03-01&end_date=2020-03-31&models=era5&hourly=temperature_2m%2Crelative_humidity_2m%2Cprecipitation%2Cwind_speed_10m%2Cdew_point_2m&timezone=GMT&timeformat=unixtime&temperature_unit=celsius&wind_speed_unit=ms&precipitation_unit=mm&cell_selection=land"
"new-york-march-2020",40.7128,-74.006,"2020-03-01","2020-03-31","2020-03-10T16:00:00.000Z",14.8,53,0,4.62,5.2,"2020-03-10T15:00:00.000Z","2020-03-10T16:00:00.000Z",true,"","complete",744,744,744,"Open-Meteo","ERA5 (requested)","era5",,"modeled_reanalysis",40.75,-74,32,"2026-09-11T00:26:47.065Z",,,"land","provider default elevation adjustment","instant meteorology; precipitation sum over preceding hour ending at time","reanalysis-adapter-v1","Weather data by Open-Meteo; ERA5 by Copernicus Climate Change Service (C3S) / ECMWF","https://open-meteo.com/en/docs/historical-weather-api","https://archive-api.open-meteo.com/v1/archive?latitude=40.7128&longitude=-74.006&start_date=2020-03-01&end_date=2020-03-31&models=era5&hourly=temperature_2m%2Crelative_humidity_2m%2Cprecipitation%2Cwind_speed_10m%2Cdew_point_2m&timezone=GMT&timeformat=unixtime&temperature_unit=celsius&wind_speed_unit=ms&precipitation_unit=mm&cell_selection=land"
"new-york-march-2020",40.7128,-74.006,"2020-03-01","2020-03-31","2020-03-10T17:00:00.000Z",16,50,0,4.96,5.7,"2020-03-10T16:00:00.000Z","2020-03-10T17:00:00.000Z",true,"","complete",744,744,744,"Open-Meteo","ERA5 (requested)","era5",,"modeled_reanalysis",40.75,-74,32,"2026-09-11T00:26:47.065Z",,,"land","provider default elevation adjustment","instant meteorology; precipitation sum over preceding hour ending at time","reanalysis-adapter-v1","Weather data by Open-Meteo; ERA5 by Copernicus Climate Change Service (C3S) / ECMWF","https://open-meteo.com/en/docs/historical-weather-api","https://archive-api.open-meteo.com/v1/archive?latitude=40.7128&longitude=-74.006&start_date=2020-03-01&end_date=2020-03-31&models=era5&hourly=temperature_2m%2Crelative_humidity_2m%2Cprecipitation%2Cwind_speed_10m%2Cdew_point_2m&timezone=GMT&timeformat=unixtime&temperature_unit=celsius&wind_speed_unit=ms&precipitation_unit=mm&cell_selection=land"
"new-york-march-2020",40.7128,-74.006,"2020-03-01","2020-03-31","2020-03-10T18:00:00.000Z",16.4,50,0,5.95,6,"2020-03-10T17:00:00.000Z","2020-03-10T18:00:00.000Z",true,"","complete",744,744,744,"Open-Meteo","ERA5 (requested)","era5",,"modeled_reanalysis",40.75,-74,32,"2026-09-11T00:26:47.065Z",,,"land","provider default elevation adjustment","instant meteorology; precipitation sum over preceding hour ending at time","reanalysis-adapter-v1","Weather data by Open-Meteo; ERA5 by Copernicus Climate Change Service (C3S) / ECMWF","https://open-meteo.com/en/docs/historical-weather-api","https://archive-api.open-meteo.com/v1/archive?latitude=40.7128&longitude=-74.006&start_date=2020-03-01&end_date=2020-03-31&models=era5&hourly=temperature_2m%2Crelative_humidity_2m%2Cprecipitation%2Cwind_speed_10m%2Cdew_point_2m&timezone=GMT&timeformat=unixtime&temperature_unit=celsius&wind_speed_unit=ms&precipitation_unit=mm&cell_selection=land"
"new-york-march-2020",40.7128,-74.006,"2020-03-01","2020-03-31","2020-03-10T19:00:00.000Z",16.7,51,0,6.15,6.6,"2020-03-10T18:00:00.000Z","2020-03-10T19:00:00.000Z",true,"","complete",744,744,744,"Open-Meteo","ERA5 (requested)","era5",,"modeled_reanalysis",40.75,-74,32,"2026-09-11T00:26:47.065Z",,,"land","provider default elevation adjustment","instant meteorology; precipitation sum over preceding hour ending at time","reanalysis-adapter-v1","Weather data by Open-Meteo; ERA5 by Copernicus Climate Change Service (C3S) / ECMWF","https://open-meteo.com/en/docs/historical-weather-api","https://archive-api.open-meteo.com/v1/archive?latitude=40.7128&longitude=-74.006&start_date=2020-03-01&end_date=2020-03-31&models=era5&hourly=temperature_2m%2Crelative_humidity_2m%2Cprecipitation%2Cwind_speed_10m%2Cdew_point_2m&timezone=GMT&timeformat=unixtime&temperature_unit=celsius&wind_speed_unit=ms&precipitation_unit=mm&cell_selection=land"
"new-york-march-2020",40.7128,-74.006,"2020-03-01","2020-03-31","2020-03-10T20:00:00.000Z",16.5,56,0,6.52,7.8,"2020-03-10T19:00:00.000Z","2020-03-10T20:00:00.000Z",true,"","complete",744,744,744,"Open-Meteo","ERA5 (requested)","era5",,"modeled_reanalysis",40.75,-74,32,"2026-09-11T00:26:47.065Z",,,"land","provider default elevation adjustment","instant meteorology; precipitation sum over preceding hour ending at time","reanalysis-adapter-v1","Weather data by Open-Meteo; ERA5 by Copernicus Climate Change Service (C3S) / ECMWF","https://open-meteo.com/en/docs/historical-weather-api","https://archive-api.open-meteo.com/v1/archive?latitude=40.7128&longitude=-74.006&start_date=2020-03-01&end_date=2020-03-31&models=era5&hourly=temperature_2m%2Crelative_humidity_2m%2Cprecipitation%2Cwind_speed_10m%2Cdew_point_2m&timezone=GMT&timeformat=unixtime&temperature_unit=celsius&wind_speed_unit=ms&precipitation_unit=mm&cell_selection=land"
"new-york-march-2020",40.7128,-74.006,"2020-03-01","2020-03-31","2020-03-10T21:00:00.000Z",16.3,63,0,4.88,9.3,"2020-03-10T20:00:00.000Z","2020-03-10T21:00:00.000Z",true,"","complete",744,744,744,"Open-Meteo","ERA5 (requested)","era5",,"modeled_reanalysis",40.75,-74,32,"2026-09-11T00:26:47.065Z",,,"land","provider default elevation adjustment","instant meteorology; precipitation sum over preceding hour ending at time","reanalysis-adapter-v1","Weather data by Open-Meteo; ERA5 by Copernicus Climate Change Service (C3S) / ECMWF","https://open-meteo.com/en/docs/historical-weather-api","https://archive-api.open-meteo.com/v1/archive?latitude=40.7128&longitude=-74.006&start_date=2020-03-01&end_date=2020-03-31&models=era5&hourly=temperature_2m%2Crelative_humidity_2m%2Cprecipitation%2Cwind_speed_10m%2Cdew_point_2m&timezone=GMT&timeformat=unixtime&temperature_unit=celsius&wind_speed_unit=ms&precipitation_unit=mm&cell_selection=land"
"new-york-march-2020",40.7128,-74.006,"2020-03-01","2020-03-31","2020-03-10T22:00:00.000Z",17.3,67,1,3.72,11.2,"2020-03-10T21:00:00.000Z","2020-03-10T22:00:00.000Z",true,"","complete",744,744,744,"Open-Meteo","ERA5 (requested)","era5",,"modeled_reanalysis",40.75,-74,32,"2026-09-11T00:26:47.065Z",,,"land","provider default elevation adjustment","instant meteorology; precipitation sum over preceding hour ending at time","reanalysis-adapter-v1","Weather data by Open-Meteo; ERA5 by Copernicus Climate Change Service (C3S) / ECMWF","https://open-meteo.com/en/docs/historical-weather-api","https://archive-api.open-meteo.com/v1/archive?latitude=40.7128&longitude=-74.006&start_date=2020-03-01&end_date=2020-03-31&models=era5&hourly=temperature_2m%2Crelative_humidity_2m%2Cprecipitation%2Cwind_speed_10m%2Cdew_point_2m&timezone=GMT&timeformat=unixtime&temperature_unit=celsius&wind_speed_unit=ms&precipitation_unit=mm&cell_selection=land"
"new-york-march-2020",40.7128,-74.006,"2020-03-01","2020-03-31","2020-03-10T23:00:00.000Z",16.7,71,0,3.86,11.4,"2020-03-10T22:00:00.000Z","2020-03-10T23:00:00.000Z",true,"","complete",744,744,744,"Open-Meteo","ERA5 (requested)","era5",,"modeled_reanalysis",40.75,-74,32,"2026-09-11T00:26:47.065Z",,,"land","provider default elevation adjustment","instant meteorology; precipitation sum over preceding hour ending at time","reanalysis-adapter-v1","Weather data by Open-Meteo; ERA5 by Copernicus Climate Change Service (C3S) / ECMWF","https://open-meteo.com/en/docs/historical-weather-api","https://archive-api.open-meteo.com/v1/archive?latitude=40.7128&longitude=-74.006&start_date=2020-03-01&end_date=2020-03-31&models=era5&hourly=temperature_2m%2Crelative_humidity_2m%2Cprecipitation%2Cwind_speed_10m%2Cdew_point_2m&timezone=GMT&timeformat=unixtime&temperature_unit=celsius&wind_speed_unit=ms&precipitation_unit=mm&cell_selection=land"
"new-york-march-2020",40.7128,-74.006,"2020-03-01","2020-03-31","2020-03-11T00:00:00.000Z",16.4,71,0.2,4.25,11.1,"2020-03-10T23:00:00.000Z","2020-03-11T00:00:00.000Z",true,"","complete",744,744,744,"Open-Meteo","ERA5 (requested)","era5",,"modeled_reanalysis",40.75,-74,32,"2026-09-11T00:26:47.065Z",,,"land","provider default elevation adjustment","instant meteorology; precipitation sum over preceding hour ending at time","reanalysis-adapter-v1","Weather data by Open-Meteo; ERA5 by Copernicus Climate Change Service (C3S) / ECMWF","https://open-meteo.com/en/docs/historical-weather-api","https://archive-api.open-meteo.com/v1/archive?latitude=40.7128&longitude=-74.006&start_date=2020-03-01&end_date=2020-03-31&models=era5&hourly=temperature_2m%2Crelative_humidity_2m%2Cprecipitation%2Cwind_speed_10m%2Cdew_point_2m&timezone=GMT&timeformat=unixtime&temperature_unit=celsius&wind_speed_unit=ms&precipitation_unit=mm&cell_selection=land"
"new-york-march-2020",40.7128,-74.006,"2020-03-01","2020-03-31","2020-03-11T01:00:00.000Z",16.3,73,0.3,4.49,11.5,"2020-03-11T00:00:00.000Z","2020-03-11T01:00:00.000Z",true,"","complete",744,744,744,"Open-Meteo","ERA5 (requested)","era5",,"modeled_reanalysis",40.75,-74,32,"2026-09-11T00:26:47.065Z",,,"land","provider default elevation adjustment","instant meteorology; precipitation sum over preceding hour ending at time","reanalysis-adapter-v1","Weather data by Open-Meteo; ERA5 by Copernicus Climate Change Service (C3S) / ECMWF","https://open-meteo.com/en/docs/historical-weather-api","https://archive-api.open-meteo.com/v1/archive?latitude=40.7128&longitude=-74.006&start_date=2020-03-01&end_date=2020-03-31&models=era5&hourly=temperature_2m%2Crelative_humidity_2m%2Cprecipitation%2Cwind_speed_10m%2Cdew_point_2m&timezone=GMT&timeformat=unixtime&temperature_unit=celsius&wind_speed_unit=ms&precipitation_unit=mm&cell_selection=land"
"new-york-march-2020",40.7128,-74.006,"2020-03-01","2020-03-31","2020-03-11T02:00:00.000Z",16,77,0,4.52,12,"2020-03-11T01:00:00.000Z","2020-03-11T02:00:00.000Z",true,"","complete",744,744,744,"Open-Meteo","ERA5 (requested)","era5",,"modeled_reanalysis",40.75,-74,32,"2026-09-11T00:26:47.065Z",,,"land","provider default elevation adjustment","instant meteorology; precipitation sum over preceding hour ending at time","reanalysis-adapter-v1","Weather data by Open-Meteo; ERA5 by Copernicus Climate Change Service (C3S) / ECMWF","https://open-meteo.com/en/docs/historical-weather-api","https://archive-api.open-meteo.com/v1/archive?latitude=40.7128&longitude=-74.006&start_date=2020-03-01&end_date=2020-03-31&models=era5&hourly=temperature_2m%2Crelative_humidity_2m%2Cprecipitation%2Cwind_speed_10m%2Cdew_point_2m&timezone=GMT&timeformat=unixtime&temperature_unit=celsius&wind_speed_unit=ms&precipitation_unit=mm&cell_selection=land"
"new-york-march-2020",40.7128,-74.006,"2020-03-01","2020-03-31","2020-03-11T03:00:00.000Z",14.8,74,0,4.31,10.2,"2020-03-11T02:00:00.000Z","2020-03-11T03:00:00.000Z",true,"","complete",744,744,744,"Open-Meteo","ERA5 (requested)","era5",,"modeled_reanalysis",40.75,-74,32,"2026-09-11T00:26:47.065Z",,,"land","provider default elevation adjustment","instant meteorology; precipitation sum over preceding hour ending at time","reanalysis-adapter-v1","Weather data by Open-Meteo; ERA5 by Copernicus Climate Change Service (C3S) / ECMWF","https://open-meteo.com/en/docs/historical-weather-api","https://archive-api.open-meteo.com/v1/archive?latitude=40.7128&longitude=-74.006&start_date=2020-03-01&end_date=2020-03-31&models=era5&hourly=temperature_2m%2Crelative_humidity_2m%2Cprecipitation%2Cwind_speed_10m%2Cdew_point_2m&timezone=GMT&timeformat=unixtime&temperature_unit=celsius&wind_speed_unit=ms&precipitation_unit=mm&cell_selection=land"
"new-york-march-2020",40.7128,-74.006,"2020-03-01","2020-03-31","2020-03-11T04:00:00.000Z",14.3,71,0,5.02,9.2,"2020-03-11T03:00:00.000Z","2020-03-11T04:00:00.000Z",true,"","complete",744,744,744,"Open-Meteo","ERA5 (requested)","era5",,"modeled_reanalysis",40.75,-74,32,"2026-09-11T00:26:47.065Z",,,"land","provider default elevation adjustment","instant meteorology; precipitation sum over preceding hour ending at time","reanalysis-adapter-v1","Weather data by Open-Meteo; ERA5 by Copernicus Climate Change Service (C3S) / ECMWF","https://open-meteo.com/en/docs/historical-weather-api","https://archive-api.open-meteo.com/v1/archive?latitude=40.7128&longitude=-74.006&start_date=2020-03-01&end_date=2020-03-31&models=era5&hourly=temperature_2m%2Crelative_humidity_2m%2Cprecipitation%2Cwind_speed_10m%2Cdew_point_2m&timezone=GMT&timeformat=unixtime&temperature_unit=celsius&wind_speed_unit=ms&precipitation_unit=mm&cell_selection=land"
"new-york-march-2020",40.7128,-74.006,"2020-03-01","2020-03-31","2020-03-11T05:00:00.000Z",12.2,68,0,5.36,6.5,"2020-03-11T04:00:00.000Z","2020-03-11T05:00:00.000Z",true,"","complete",744,744,744,"Open-Meteo","ERA5 (requested)","era5",,"modeled_reanalysis",40.75,-74,32,"2026-09-11T00:26:47.065Z",,,"land","provider default elevation adjustment","instant meteorology; precipitation sum over preceding hour ending at time","reanalysis-adapter-v1","Weather data by Open-Meteo; ERA5 by Copernicus Climate Change Service (C3S) / ECMWF","https://open-meteo.com/en/docs/historical-weather-api","https://archive-api.open-meteo.com/v1/archive?latitude=40.7128&longitude=-74.006&start_date=2020-03-01&end_date=2020-03-31&models=era5&hourly=temperature_2m%2Crelative_humidity_2m%2Cprecipitation%2Cwind_speed_10m%2Cdew_point_2m&timezone=GMT&timeformat=unixtime&temperature_unit=celsius&wind_speed_unit=ms&precipitation_unit=mm&cell_selection=land"
"new-york-march-2020",40.7128,-74.006,"2020-03-01","2020-03-31","2020-03-11T06:00:00.000Z",10.5,67,0,4.86,4.7,"2020-03-11T05:00:00.000Z","2020-03-11T06:00:00.000Z",true,"","complete",744,744,744,"Open-Meteo","ERA5 (requested)","era5",,"modeled_reanalysis",40.75,-74,32,"2026-09-11T00:26:47.065Z",,,"land","provider default elevation adjustment","instant meteorology; precipitation sum over preceding hour ending at time","reanalysis-adapter-v1","Weather data by Open-Meteo; ERA5 by Copernicus Climate Change Service (C3S) / ECMWF","https://open-meteo.com/en/docs/historical-weather-api","https://archive-api.open-meteo.com/v1/archive?latitude=40.7128&longitude=-74.006&start_date=2020-03-01&end_date=2020-03-31&models=era5&hourly=temperature_2m%2Crelative_humidity_2m%2Cprecipitation%2Cwind_speed_10m%2Cdew_point_2m&timezone=GMT&timeformat=unixtime&temperature_unit=celsius&wind_speed_unit=ms&precipitation_unit=mm&cell_selection=land"
"new-york-march-2020",40.7128,-74.006,"2020-03-01","2020-03-31","2020-03-11T07:00:00.000Z",10.1,66,0,4.64,4.1,"2020-03-11T06:00:00.000Z","2020-03-11T07:00:00.000Z",true,"","complete",744,744,744,"Open-Meteo","ERA5 (requested)","era5",,"modeled_reanalysis",40.75,-74,32,"2026-09-11T00:26:47.065Z",,,"land","provider default elevation adjustment","instant meteorology; precipitation sum over preceding hour ending at time","reanalysis-adapter-v1","Weather data by Open-Meteo; ERA5 by Copernicus Climate Change Service (C3S) / ECMWF","https://open-meteo.com/en/docs/historical-weather-api","https://archive-api.open-meteo.com/v1/archive?latitude=40.7128&longitude=-74.006&start_date=2020-03-01&end_date=2020-03-31&models=era5&hourly=temperature_2m%2Crelative_humidity_2m%2Cprecipitation%2Cwind_speed_10m%2Cdew_point_2m&timezone=GMT&timeformat=unixtime&temperature_unit=celsius&wind_speed_unit=ms&precipitation_unit=mm&cell_selection=land"
"new-york-march-2020",40.7128,-74.006,"2020-03-01","2020-03-31","2020-03-11T08:00:00.000Z",9.2,67,0,4.14,3.4,"2020-03-11T07:00:00.000Z","2020-03-11T08:00:00.000Z",true,"","complete",744,744,744,"Open-Meteo","ERA5 (requested)","era5",,"modeled_reanalysis",40.75,-74,32,"2026-09-11T00:26:47.065Z",,,"land","provider default elevation adjustment","instant meteorology; precipitation sum over preceding hour ending at time","reanalysis-adapter-v1","Weather data by Open-Meteo; ERA5 by Copernicus Climate Change Service (C3S) / ECMWF","https://open-meteo.com/en/docs/historical-weather-api","https://archive-api.open-meteo.com/v1/archive?latitude=40.7128&longitude=-74.006&start_date=2020-03-01&end_date=2020-03-31&models=era5&hourly=temperature_2m%2Crelative_humidity_2m%2Cprecipitation%2Cwind_speed_10m%2Cdew_point_2m&timezone=GMT&timeformat=unixtime&temperature_unit=celsius&wind_speed_unit=ms&precipitation_unit=mm&cell_selection=land"
"new-york-march-2020",40.7128,-74.006,"2020-03-01","2020-03-31","2020-03-11T09:00:00.000Z",7.9,70,0,3.52,2.7,"2020-03-11T08:00:00.000Z","2020-03-11T09:00:00.000Z",true,"","complete",744,744,744,"Open-Meteo","ERA5 (requested)","era5",,"modeled_reanalysis",40.75,-74,32,"2026-09-11T00:26:47.065Z",,,"land","provider default elevation adjustment","instant meteorology; precipitation sum over preceding hour ending at time","reanalysis-adapter-v1","Weather data by Open-Meteo; ERA5 by Copernicus Climate Change Service (C3S) / ECMWF","https://open-meteo.com/en/docs/historical-weather-api","https://archive-api.open-meteo.com/v1/archive?latitude=40.7128&longitude=-74.006&start_date=2020-03-01&end_date=2020-03-31&models=era5&hourly=temperature_2m%2Crelative_humidity_2m%2Cprecipitation%2Cwind_speed_10m%2Cdew_point_2m&timezone=GMT&timeformat=unixtime&temperature_unit=celsius&wind_speed_unit=ms&precipitation_unit=mm&cell_selection=land"
"new-york-march-2020",40.7128,-74.006,"2020-03-01","2020-03-31","2020-03-11T10:00:00.000Z",6.1,68,0,1.98,0.5,"2020-03-11T09:00:00.000Z","2020-03-11T10:00:00.000Z",true,"","complete",744,744,744,"Open-Meteo","ERA5 (requested)","era5",,"modeled_reanalysis",40.75,-74,32,"2026-09-11T00:26:47.065Z",,,"land","provider default elevation adjustment","instant meteorology; precipitation sum over preceding hour ending at time","reanalysis-adapter-v1","Weather data by Open-Meteo; ERA5 by Copernicus Climate Change Service (C3S) / ECMWF","https://open-meteo.com/en/docs/historical-weather-api","https://archive-api.open-meteo.com/v1/archive?latitude=40.7128&longitude=-74.006&start_date=2020-03-01&end_date=2020-03-31&models=era5&hourly=temperature_2m%2Crelative_humidity_2m%2Cprecipitation%2Cwind_speed_10m%2Cdew_point_2m&timezone=GMT&timeformat=unixtime&temperature_unit=celsius&wind_speed_unit=ms&precipitation_unit=mm&cell_selection=land"
"new-york-march-2020",40.7128,-74.006,"2020-03-01","2020-03-31","2020-03-11T11:00:00.000Z",5.9,67,0,1.98,0.2,"2020-03-11T10:00:00.000Z","2020-03-11T11:00:00.000Z",true,"","complete",744,744,744,"Open-Meteo","ERA5 (requested)","era5",,"modeled_reanalysis",40.75,-74,32,"2026-09-11T00:26:47.065Z",,,"land","provider default elevation adjustment","instant meteorology; precipitation sum over preceding hour ending at time","reanalysis-adapter-v1","Weather data by Open-Meteo; ERA5 by Copernicus Climate Change Service (C3S) / ECMWF","https://open-meteo.com/en/docs/historical-weather-api","https://archive-api.open-meteo.com/v1/archive?latitude=40.7128&longitude=-74.006&start_date=2020-03-01&end_date=2020-03-31&models=era5&hourly=temperature_2m%2Crelative_humidity_2m%2Cprecipitation%2Cwind_speed_10m%2Cdew_point_2m&timezone=GMT&timeformat=unixtime&temperature_unit=celsius&wind_speed_unit=ms&precipitation_unit=mm&cell_selection=land"
"new-york-march-2020",40.7128,-74.006,"2020-03-01","2020-03-31","2020-03-11T12:00:00.000Z",5.9,67,0,2.13,0.3,"2020-03-11T11:00:00.000Z","2020-03-11T12:00:00.000Z",true,"","complete",744,744,744,"Open-Meteo","ERA5 (requested)","era5",,"modeled_reanalysis",40.75,-74,32,"2026-09-11T00:26:47.065Z",,,"land","provider default elevation adjustment","instant meteorology; precipitation sum over preceding hour ending at time","reanalysis-adapter-v1","Weather data by Open-Meteo; ERA5 by Copernicus Climate Change Service (C3S) / ECMWF","https://open-meteo.com/en/docs/historical-weather-api","https://archive-api.open-meteo.com/v1/archive?latitude=40.7128&longitude=-74.006&start_date=2020-03-01&end_date=2020-03-31&models=era5&hourly=temperature_2m%2Crelative_humidity_2m%2Cprecipitation%2Cwind_speed_10m%2Cdew_point_2m&timezone=GMT&timeformat=unixtime&temperature_unit=celsius&wind_speed_unit=ms&precipitation_unit=mm&cell_selection=land"
"new-york-march-2020",40.7128,-74.006,"2020-03-01","2020-03-31","2020-03-11T13:00:00.000Z",6.7,63,0,2.28,0.3,"2020-03-11T12:00:00.000Z","2020-03-11T13:00:00.000Z",true,"","complete",744,744,744,"Open-Meteo","ERA5 (requested)","era5",,"modeled_reanalysis",40.75,-74,32,"2026-09-11T00:26:47.065Z",,,"land","provider default elevation adjustment","instant meteorology; precipitation sum over preceding hour ending at time","reanalysis-adapter-v1","Weather data by Open-Meteo; ERA5 by Copernicus Climate Change Service (C3S) / ECMWF","https://open-meteo.com/en/docs/historical-weather-api","https://archive-api.open-meteo.com/v1/archive?latitude=40.7128&longitude=-74.006&start_date=2020-03-01&end_date=2020-03-31&models=era5&hourly=temperature_2m%2Crelative_humidity_2m%2Cprecipitation%2Cwind_speed_10m%2Cdew_point_2m&timezone=GMT&timeformat=unixtime&temperature_unit=celsius&wind_speed_unit=ms&precipitation_unit=mm&cell_selection=land"
"new-york-march-2020",40.7128,-74.006,"2020-03-01","2020-03-31","2020-03-11T14:00:00.000Z",7.6,57,0,2.4,-0.3,"2020-03-11T13:00:00.000Z","2020-03-11T14:00:00.000Z",true,"","complete",744,744,744,"Open-Meteo","ERA5 (requested)","era5",,"modeled_reanalysis",40.75,-74,32,"2026-09-11T00:26:47.065Z",,,"land","provider default elevation adjustment","instant meteorology; precipitation sum over preceding hour ending at time","reanalysis-adapter-v1","Weather data by Open-Meteo; ERA5 by Copernicus Climate Change Service (C3S) / ECMWF","https://open-meteo.com/en/docs/historical-weather-api","https://archive-api.open-meteo.com/v1/archive?latitude=40.7128&longitude=-74.006&start_date=2020-03-01&end_date=2020-03-31&models=era5&hourly=temperature_2m%2Crelative_humidity_2m%2Cprecipitation%2Cwind_speed_10m%2Cdew_point_2m&timezone=GMT&timeformat=unixtime&temperature_unit=celsius&wind_speed_unit=ms&precipitation_unit=mm&cell_selection=land"
"new-york-march-2020",40.7128,-74.006,"2020-03-01","2020-03-31","2020-03-11T15:00:00.000Z",9.2,49,0,2.15,-0.9,"2020-03-11T14:00:00.000Z","2020-03-11T15:00:00.000Z",true,"","complete",744,744,744,"Open-Meteo","ERA5 (requested)","era5",,"modeled_reanalysis",40.75,-74,32,"2026-09-11T00:26:47.065Z",,,"land","provider default elevation adjustment","instant meteorology; precipitation sum over preceding hour ending at time","reanalysis-adapter-v1","Weather data by Open-Meteo; ERA5 by Copernicus Climate Change Service (C3S) / ECMWF","https://open-meteo.com/en/docs/historical-weather-api","https://archive-api.open-meteo.com/v1/archive?latitude=40.7128&longitude=-74.006&start_date=2020-03-01&end_date=2020-03-31&models=era5&hourly=temperature_2m%2Crelative_humidity_2m%2Cprecipitation%2Cwind_speed_10m%2Cdew_point_2m&timezone=GMT&timeformat=unixtime&temperature_unit=celsius&wind_speed_unit=ms&precipitation_unit=mm&cell_selection=land"
"new-york-march-2020",40.7128,-74.006,"2020-03-01","2020-03-31","2020-03-11T16:00:00.000Z",9.4,50,0,1.93,-0.6,"2020-03-11T15:00:00.000Z","2020-03-11T16:00:00.000Z",true,"","complete",744,744,744,"Open-Meteo","ERA5 (requested)","era5",,"modeled_reanalysis",40.75,-74,32,"2026-09-11T00:26:47.065Z",,,"land","provider default elevation adjustment","instant meteorology; precipitation sum over preceding hour ending at time","reanalysis-adapter-v1","Weather data by Open-Meteo; ERA5 by Copernicus Climate Change Service (C3S) / ECMWF","https://open-meteo.com/en/docs/historical-weather-api","https://archive-api.open-meteo.com/v1/archive?latitude=40.7128&longitude=-74.006&start_date=2020-03-01&end_date=2020-03-31&models=era5&hourly=temperature_2m%2Crelative_humidity_2m%2Cprecipitation%2Cwind_speed_10m%2Cdew_point_2m&timezone=GMT&timeformat=unixtime&temperature_unit=celsius&wind_speed_unit=ms&precipitation_unit=mm&cell_selection=land"
"new-york-march-2020",40.7128,-74.006,"2020-03-01","2020-03-31","2020-03-11T17:00:00.000Z",9.6,50,0,1.71,-0.4,"2020-03-11T16:00:00.000Z","2020-03-11T17:00:00.000Z",true,"","complete",744,744,744,"Open-Meteo","ERA5 (requested)","era5",,"modeled_reanalysis",40.75,-74,32,"2026-09-11T00:26:47.065Z",,,"land","provider default elevation adjustment","instant meteorology; precipitation sum over preceding hour ending at time","reanalysis-adapter-v1","Weather data by Open-Meteo; ERA5 by Copernicus Climate Change Service (C3S) / ECMWF","https://open-meteo.com/en/docs/historical-weather-api","https://archive-api.open-meteo.com/v1/archive?latitude=40.7128&longitude=-74.006&start_date=2020-03-01&end_date=2020-03-31&models=era5&hourly=temperature_2m%2Crelative_humidity_2m%2Cprecipitation%2Cwind_speed_10m%2Cdew_point_2m&timezone=GMT&timeformat=unixtime&temperature_unit=celsius&wind_speed_unit=ms&precipitation_unit=mm&cell_selection=land"
"new-york-march-2020",40.7128,-74.006,"2020-03-01","2020-03-31","2020-03-11T18:00:00.000Z",9.7,48,0,1.14,-0.7,"2020-03-11T17:00:00.000Z","2020-03-11T18:00:00.000Z",true,"","complete",744,744,744,"Open-Meteo","ERA5 (requested)","era5",,"modeled_reanalysis",40.75,-74,32,"2026-09-11T00:26:47.065Z",,,"land","provider default elevation adjustment","instant meteorology; precipitation sum over preceding hour ending at time","reanalysis-adapter-v1","Weather data by Open-Meteo; ERA5 by Copernicus Climate Change Service (C3S) / ECMWF","https://open-meteo.com/en/docs/historical-weather-api","https://archive-api.open-meteo.com/v1/archive?latitude=40.7128&longitude=-74.006&start_date=2020-03-01&end_date=2020-03-31&models=era5&hourly=temperature_2m%2Crelative_humidity_2m%2Cprecipitation%2Cwind_speed_10m%2Cdew_point_2m&timezone=GMT&timeformat=unixtime&temperature_unit=celsius&wind_speed_unit=ms&precipitation_unit=mm&cell_selection=land"
"new-york-march-2020",40.7128,-74.006,"2020-03-01","2020-03-31","2020-03-11T19:00:00.000Z",11.4,34,0,0.95,-4,"2020-03-11T18:00:00.000Z","2020-03-11T19:00:00.000Z",true,"","complete",744,744,744,"Open-Meteo","ERA5 (requested)","era5",,"modeled_reanalysis",40.75,-74,32,"2026-09-11T00:26:47.065Z",,,"land","provider default elevation adjustment","instant meteorology; precipitation sum over preceding hour ending at time","reanalysis-adapter-v1","Weather data by Open-Meteo; ERA5 by Copernicus Climate Change Service (C3S) / ECMWF","https://open-meteo.com/en/docs/historical-weather-api","https://archive-api.open-meteo.com/v1/archive?latitude=40.7128&longitude=-74.006&start_date=2020-03-01&end_date=2020-03-31&models=era5&hourly=temperature_2m%2Crelative_humidity_2m%2Cprecipitation%2Cwind_speed_10m%2Cdew_point_2m&timezone=GMT&timeformat=unixtime&temperature_unit=celsius&wind_speed_unit=ms&precipitation_unit=mm&cell_selection=land"
"new-york-march-2020",40.7128,-74.006,"2020-03-01","2020-03-31","2020-03-11T20:00:00.000Z",10.7,41,0,0.89,-2,"2020-03-11T19:00:00.000Z","2020-03-11T20:00:00.000Z",true,"","complete",744,744,744,"Open-Meteo","ERA5 (requested)","era5",,"modeled_reanalysis",40.75,-74,32,"2026-09-11T00:26:47.065Z",,,"land","provider default elevation adjustment","instant meteorology; precipitation sum over preceding hour ending at time","reanalysis-adapter-v1","Weather data by Open-Meteo; ERA5 by Copernicus Climate Change Service (C3S) / ECMWF","https://open-meteo.com/en/docs/historical-weather-api","https://archive-api.open-meteo.com/v1/archive?latitude=40.7128&longitude=-74.006&start_date=2020-03-01&end_date=2020-03-31&models=era5&hourly=temperature_2m%2Crelative_humidity_2m%2Cprecipitation%2Cwind_speed_10m%2Cdew_point_2m&timezone=GMT&timeformat=unixtime&temperature_unit=celsius&wind_speed_unit=ms&precipitation_unit=mm&cell_selection=land"
"new-york-march-2020",40.7128,-74.006,"2020-03-01","2020-03-31","2020-03-11T21:00:00.000Z",10.4,47,0,1.77,-0.5,"2020-03-11T20:00:00.000Z","2020-03-11T21:00:00.000Z",true,"","complete",744,744,744,"Open-Meteo","ERA5 (requested)","era5",,"modeled_reanalysis",40.75,-74,32,"2026-09-11T00:26:47.065Z",,,"land","provider default elevation adjustment","instant meteorology; precipitation sum over preceding hour ending at time","reanalysis-adapter-v1","Weather data by Open-Meteo; ERA5 by Copernicus Climate Change Service (C3S) / ECMWF","https://open-meteo.com/en/docs/historical-weather-api","https://archive-api.open-meteo.com/v1/archive?latitude=40.7128&longitude=-74.006&start_date=2020-03-01&end_date=2020-03-31&models=era5&hourly=temperature_2m%2Crelative_humidity_2m%2Cprecipitation%2Cwind_speed_10m%2Cdew_point_2m&timezone=GMT&timeformat=unixtime&temperature_unit=celsius&wind_speed_unit=ms&precipitation_unit=mm&cell_selection=land"
"new-york-march-2020",40.7128,-74.006,"2020-03-01","2020-03-31","2020-03-11T22:00:00.000Z",9.9,45,0,0.82,-1.4,"2020-03-11T21:00:00.000Z","2020-03-11T22:00:00.000Z",true,"","complete",744,744,744,"Open-Meteo","ERA5 (requested)","era5",,"modeled_reanalysis",40.75,-74,32,"2026-09-11T00:26:47.065Z",,,"land","provider default elevation adjustment","instant meteorology; precipitation sum over preceding hour ending at time","reanalysis-adapter-v1","Weather data by Open-Meteo; ERA5 by Copernicus Climate Change Service (C3S) / ECMWF","https://open-meteo.com/en/docs/historical-weather-api","https://archive-api.open-meteo.com/v1/archive?latitude=40.7128&longitude=-74.006&start_date=2020-03-01&end_date=2020-03-31&models=era5&hourly=temperature_2m%2Crelative_humidity_2m%2Cprecipitation%2Cwind_speed_10m%2Cdew_point_2m&timezone=GMT&timeformat=unixtime&temperature_unit=celsius&wind_speed_unit=ms&precipitation_unit=mm&cell_selection=land"
"new-york-march-2020",40.7128,-74.006,"2020-03-01","2020-03-31","2020-03-11T23:00:00.000Z",9.7,49,0.2,1.2,-0.6,"2020-03-11T22:00:00.000Z","2020-03-11T23:00:00.000Z",true,"","complete",744,744,744,"Open-Meteo","ERA5 (requested)","era5",,"modeled_reanalysis",40.75,-74,32,"2026-09-11T00:26:47.065Z",,,"land","provider default elevation adjustment","instant meteorology; precipitation sum over preceding hour ending at time","reanalysis-adapter-v1","Weather data by Open-Meteo; ERA5 by Copernicus Climate Change Service (C3S) / ECMWF","https://open-meteo.com/en/docs/historical-weather-api","https://archive-api.open-meteo.com/v1/archive?latitude=40.7128&longitude=-74.006&start_date=2020-03-01&end_date=2020-03-31&models=era5&hourly=temperature_2m%2Crelative_humidity_2m%2Cprecipitation%2Cwind_speed_10m%2Cdew_point_2m&timezone=GMT&timeformat=unixtime&temperature_unit=celsius&wind_speed_unit=ms&precipitation_unit=mm&cell_selection=land"
"new-york-march-2020",40.7128,-74.006,"2020-03-01","2020-03-31","2020-03-12T00:00:00.000Z",9.4,52,0,1.58,0,"2020-03-11T23:00:00.000Z","2020-03-12T00:00:00.000Z",true,"","complete",744,744,744,"Open-Meteo","ERA5 (requested)","era5",,"modeled_reanalysis",40.75,-74,32,"2026-09-11T00:26:47.065Z",,,"land","provider default elevation adjustment","instant meteorology; precipitation sum over preceding hour ending at time","reanalysis-adapter-v1","Weather data by Open-Meteo; ERA5 by Copernicus Climate Change Service (C3S) / ECMWF","https://open-meteo.com/en/docs/historical-weather-api","https://archive-api.open-meteo.com/v1/archive?latitude=40.7128&longitude=-74.006&start_date=2020-03-01&end_date=2020-03-31&models=era5&hourly=temperature_2m%2Crelative_humidity_2m%2Cprecipitation%2Cwind_speed_10m%2Cdew_point_2m&timezone=GMT&timeformat=unixtime&temperature_unit=celsius&wind_speed_unit=ms&precipitation_unit=mm&cell_selection=land"
"new-york-march-2020",40.7128,-74.006,"2020-03-01","2020-03-31","2020-03-12T01:00:00.000Z",9.1,55,0,1.86,0.5,"2020-03-12T00:00:00.000Z","2020-03-12T01:00:00.000Z",true,"","complete",744,744,744,"Open-Meteo","ERA5 (requested)","era5",,"modeled_reanalysis",40.75,-74,32,"2026-09-11T00:26:47.065Z",,,"land","provider default elevation adjustment","instant meteorology; precipitation sum over preceding hour ending at time","reanalysis-adapter-v1","Weather data by Open-Meteo; ERA5 by Copernicus Climate Change Service (C3S) / ECMWF","https://open-meteo.com/en/docs/historical-weather-api","https://archive-api.open-meteo.com/v1/archive?latitude=40.7128&longitude=-74.006&start_date=2020-03-01&end_date=2020-03-31&models=era5&hourly=temperature_2m%2Crelative_humidity_2m%2Cprecipitation%2Cwind_speed_10m%2Cdew_point_2m&timezone=GMT&timeformat=unixtime&temperature_unit=celsius&wind_speed_unit=ms&precipitation_unit=mm&cell_selection=land"
"new-york-march-2020",40.7128,-74.006,"2020-03-01","2020-03-31","2020-03-12T02:00:00.000Z",8.2,56,0,1.7,-0.1,"2020-03-12T01:00:00.000Z","2020-03-12T02:00:00.000Z",true,"","complete",744,744,744,"Open-Meteo","ERA5 (requested)","era5",,"modeled_reanalysis",40.75,-74,32,"2026-09-11T00:26:47.065Z",,,"land","provider default elevation adjustment","instant meteorology; precipitation sum over preceding hour ending at time","reanalysis-adapter-v1","Weather data by Open-Meteo; ERA5 by Copernicus Climate Change Service (C3S) / ECMWF","https://open-meteo.com/en/docs/historical-weather-api","https://archive-api.open-meteo.com/v1/archive?latitude=40.7128&longitude=-74.006&start_date=2020-03-01&end_date=2020-03-31&models=era5&hourly=temperature_2m%2Crelative_humidity_2m%2Cprecipitation%2Cwind_speed_10m%2Cdew_point_2m&timezone=GMT&timeformat=unixtime&temperature_unit=celsius&wind_speed_unit=ms&precipitation_unit=mm&cell_selection=land"
"new-york-march-2020",40.7128,-74.006,"2020-03-01","2020-03-31","2020-03-12T03:00:00.000Z",7.1,60,0,1.21,-0.1,"2020-03-12T02:00:00.000Z","2020-03-12T03:00:00.000Z",true,"","complete",744,744,744,"Open-Meteo","ERA5 (requested)","era5",,"modeled_reanalysis",40.75,-74,32,"2026-09-11T00:26:47.065Z",,,"land","provider default elevation adjustment","instant meteorology; precipitation sum over preceding hour ending at time","reanalysis-adapter-v1","Weather data by Open-Meteo; ERA5 by Copernicus Climate Change Service (C3S) / ECMWF","https://open-meteo.com/en/docs/historical-weather-api","https://archive-api.open-meteo.com/v1/archive?latitude=40.7128&longitude=-74.006&start_date=2020-03-01&end_date=2020-03-31&models=era5&hourly=temperature_2m%2Crelative_humidity_2m%2Cprecipitation%2Cwind_speed_10m%2Cdew_point_2m&timezone=GMT&timeformat=unixtime&temperature_unit=celsius&wind_speed_unit=ms&precipitation_unit=mm&cell_selection=land"
"new-york-march-2020",40.7128,-74.006,"2020-03-01","2020-03-31","2020-03-12T04:00:00.000Z",6.8,61,0,1.4,-0.3,"2020-03-12T03:00:00.000Z","2020-03-12T04:00:00.000Z",true,"","complete",744,744,744,"Open-Meteo","ERA5 (requested)","era5",,"modeled_reanalysis",40.75,-74,32,"2026-09-11T00:26:47.065Z",,,"land","provider default elevation adjustment","instant meteorology; precipitation sum over preceding hour ending at time","reanalysis-adapter-v1","Weather data by Open-Meteo; ERA5 by Copernicus Climate Change Service (C3S) / ECMWF","https://open-meteo.com/en/docs/historical-weather-api","https://archive-api.open-meteo.com/v1/archive?latitude=40.7128&longitude=-74.006&start_date=2020-03-01&end_date=2020-03-31&models=era5&hourly=temperature_2m%2Crelative_humidity_2m%2Cprecipitation%2Cwind_speed_10m%2Cdew_point_2m&timezone=GMT&timeformat=unixtime&temperature_unit=celsius&wind_speed_unit=ms&precipitation_unit=mm&cell_selection=land"
"new-york-march-2020",40.7128,-74.006,"2020-03-01","2020-03-31","2020-03-12T05:00:00.000Z",6.1,65,0,1.65,-0.1,"2020-03-12T04:00:00.000Z","2020-03-12T05:00:00.000Z",true,"","complete",744,744,744,"Open-Meteo","ERA5 (requested)","era5",,"modeled_reanalysis",40.75,-74,32,"2026-09-11T00:26:47.065Z",,,"land","provider default elevation adjustment","instant meteorology; precipitation sum over preceding hour ending at time","reanalysis-adapter-v1","Weather data by Open-Meteo; ERA5 by Copernicus Climate Change Service (C3S) / ECMWF","https://open-meteo.com/en/docs/historical-weather-api","https://archive-api.open-meteo.com/v1/archive?latitude=40.7128&longitude=-74.006&start_date=2020-03-01&end_date=2020-03-31&models=era5&hourly=temperature_2m%2Crelative_humidity_2m%2Cprecipitation%2Cwind_speed_10m%2Cdew_point_2m&timezone=GMT&timeformat=unixtime&temperature_unit=celsius&wind_speed_unit=ms&precipitation_unit=mm&cell_selection=land"
"new-york-march-2020",40.7128,-74.006,"2020-03-01","2020-03-31","2020-03-12T06:00:00.000Z",5.8,68,0,1.73,0.3,"2020-03-12T05:00:00.000Z","2020-03-12T06:00:00.000Z",true,"","complete",744,744,744,"Open-Meteo","ERA5 (requested)","era5",,"modeled_reanalysis",40.75,-74,32,"2026-09-11T00:26:47.065Z",,,"land","provider default elevation adjustment","instant meteorology; precipitation sum over preceding hour ending at time","reanalysis-adapter-v1","Weather data by Open-Meteo; ERA5 by Copernicus Climate Change Service (C3S) / ECMWF","https://open-meteo.com/en/docs/historical-weather-api","https://archive-api.open-meteo.com/v1/archive?latitude=40.7128&longitude=-74.006&start_date=2020-03-01&end_date=2020-03-31&models=era5&hourly=temperature_2m%2Crelative_humidity_2m%2Cprecipitation%2Cwind_speed_10m%2Cdew_point_2m&timezone=GMT&timeformat=unixtime&temperature_unit=celsius&wind_speed_unit=ms&precipitation_unit=mm&cell_selection=land"
"new-york-march-2020",40.7128,-74.006,"2020-03-01","2020-03-31","2020-03-12T07:00:00.000Z",5.4,70,0,1.7,0.4,"2020-03-12T06:00:00.000Z","2020-03-12T07:00:00.000Z",true,"","complete",744,744,744,"Open-Meteo","ERA5 (requested)","era5",,"modeled_reanalysis",40.75,-74,32,"2026-09-11T00:26:47.065Z",,,"land","provider default elevation adjustment","instant meteorology; precipitation sum over preceding hour ending at time","reanalysis-adapter-v1","Weather data by Open-Meteo; ERA5 by Copernicus Climate Change Service (C3S) / ECMWF","https://open-meteo.com/en/docs/historical-weather-api","https://archive-api.open-meteo.com/v1/archive?latitude=40.7128&longitude=-74.006&start_date=2020-03-01&end_date=2020-03-31&models=era5&hourly=temperature_2m%2Crelative_humidity_2m%2Cprecipitation%2Cwind_speed_10m%2Cdew_point_2m&timezone=GMT&timeformat=unixtime&temperature_unit=celsius&wind_speed_unit=ms&precipitation_unit=mm&cell_selection=land"
"new-york-march-2020",40.7128,-74.006,"2020-03-01","2020-03-31","2020-03-12T08:00:00.000Z",5,75,0,1.32,0.9,"2020-03-12T07:00:00.000Z","2020-03-12T08:00:00.000Z",true,"","complete",744,744,744,"Open-Meteo","ERA5 (requested)","era5",,"modeled_reanalysis",40.75,-74,32,"2026-09-11T00:26:47.065Z",,,"land","provider default elevation adjustment","instant meteorology; precipitation sum over preceding hour ending at time","reanalysis-adapter-v1","Weather data by Open-Meteo; ERA5 by Copernicus Climate Change Service (C3S) / ECMWF","https://open-meteo.com/en/docs/historical-weather-api","https://archive-api.open-meteo.com/v1/archive?latitude=40.7128&longitude=-74.006&start_date=2020-03-01&end_date=2020-03-31&models=era5&hourly=temperature_2m%2Crelative_humidity_2m%2Cprecipitation%2Cwind_speed_10m%2Cdew_point_2m&timezone=GMT&timeformat=unixtime&temperature_unit=celsius&wind_speed_unit=ms&precipitation_unit=mm&cell_selection=land"
"new-york-march-2020",40.7128,-74.006,"2020-03-01","2020-03-31","2020-03-12T09:00:00.000Z",4.5,78,0,1.46,0.9,"2020-03-12T08:00:00.000Z","2020-03-12T09:00:00.000Z",true,"","complete",744,744,744,"Open-Meteo","ERA5 (requested)","era5",,"modeled_reanalysis",40.75,-74,32,"2026-09-11T00:26:47.065Z",,,"land","provider default elevation adjustment","instant meteorology; precipitation sum over preceding hour ending at time","reanalysis-adapter-v1","Weather data by Open-Meteo; ERA5 by Copernicus Climate Change Service (C3S) / ECMWF","https://open-meteo.com/en/docs/historical-weather-api","https://archive-api.open-meteo.com/v1/archive?latitude=40.7128&longitude=-74.006&start_date=2020-03-01&end_date=2020-03-31&models=era5&hourly=temperature_2m%2Crelative_humidity_2m%2Cprecipitation%2Cwind_speed_10m%2Cdew_point_2m&timezone=GMT&timeformat=unixtime&temperature_unit=celsius&wind_speed_unit=ms&precipitation_unit=mm&cell_selection=land"
"new-york-march-2020",40.7128,-74.006,"2020-03-01","2020-03-31","2020-03-12T10:00:00.000Z",4.7,73,0,2.05,0.3,"2020-03-12T09:00:00.000Z","2020-03-12T10:00:00.000Z",true,"","complete",744,744,744,"Open-Meteo","ERA5 (requested)","era5",,"modeled_reanalysis",40.75,-74,32,"2026-09-11T00:26:47.065Z",,,"land","provider default elevation adjustment","instant meteorology; precipitation sum over preceding hour ending at time","reanalysis-adapter-v1","Weather data by Open-Meteo; ERA5 by Copernicus Climate Change Service (C3S) / ECMWF","https://open-meteo.com/en/docs/historical-weather-api","https://archive-api.open-meteo.com/v1/archive?latitude=40.7128&longitude=-74.006&start_date=2020-03-01&end_date=2020-03-31&models=era5&hourly=temperature_2m%2Crelative_humidity_2m%2Cprecipitation%2Cwind_speed_10m%2Cdew_point_2m&timezone=GMT&timeformat=unixtime&temperature_unit=celsius&wind_speed_unit=ms&precipitation_unit=mm&cell_selection=land"
"new-york-march-2020",40.7128,-74.006,"2020-03-01","2020-03-31","2020-03-12T11:00:00.000Z",4.5,75,0,2.2,0.5,"2020-03-12T10:00:00.000Z","2020-03-12T11:00:00.000Z",true,"","complete",744,744,744,"Open-Meteo","ERA5 (requested)","era5",,"modeled_reanalysis",40.75,-74,32,"2026-09-11T00:26:47.065Z",,,"land","provider default elevation adjustment","instant meteorology; precipitation sum over preceding hour ending at time","reanalysis-adapter-v1","Weather data by Open-Meteo; ERA5 by Copernicus Climate Change Service (C3S) / ECMWF","https://open-meteo.com/en/docs/historical-weather-api","https://archive-api.open-meteo.com/v1/archive?latitude=40.7128&longitude=-74.006&start_date=2020-03-01&end_date=2020-03-31&models=era5&hourly=temperature_2m%2Crelative_humidity_2m%2Cprecipitation%2Cwind_speed_10m%2Cdew_point_2m&timezone=GMT&timeformat=unixtime&temperature_unit=celsius&wind_speed_unit=ms&precipitation_unit=mm&cell_selection=land"
"new-york-march-2020",40.7128,-74.006,"2020-03-01","2020-03-31","2020-03-12T12:00:00.000Z",5.1,75,0,2.09,1,"2020-03-12T11:00:00.000Z","2020-03-12T12:00:00.000Z",true,"","complete",744,744,744,"Open-Meteo","ERA5 (requested)","era5",,"modeled_reanalysis",40.75,-74,32,"2026-09-11T00:26:47.065Z",,,"land","provider default elevation adjustment","instant meteorology; precipitation sum over preceding hour ending at time","reanalysis-adapter-v1","Weather data by Open-Meteo; ERA5 by Copernicus Climate Change Service (C3S) / ECMWF","https://open-meteo.com/en/docs/historical-weather-api","https://archive-api.open-meteo.com/v1/archive?latitude=40.7128&longitude=-74.006&start_date=2020-03-01&end_date=2020-03-31&models=era5&hourly=temperature_2m%2Crelative_humidity_2m%2Cprecipitation%2Cwind_speed_10m%2Cdew_point_2m&timezone=GMT&timeformat=unixtime&temperature_unit=celsius&wind_speed_unit=ms&precipitation_unit=mm&cell_selection=land"
"new-york-march-2020",40.7128,-74.006,"2020-03-01","2020-03-31","2020-03-12T13:00:00.000Z",5.6,74,0,1.55,1.2,"2020-03-12T12:00:00.000Z","2020-03-12T13:00:00.000Z",true,"","complete",744,744,744,"Open-Meteo","ERA5 (requested)","era5",,"modeled_reanalysis",40.75,-74,32,"2026-09-11T00:26:47.065Z",,,"land","provider default elevation adjustment","instant meteorology; precipitation sum over preceding hour ending at time","reanalysis-adapter-v1","Weather data by Open-Meteo; ERA5 by Copernicus Climate Change Service (C3S) / ECMWF","https://open-meteo.com/en/docs/historical-weather-api","https://archive-api.open-meteo.com/v1/archive?latitude=40.7128&longitude=-74.006&start_date=2020-03-01&end_date=2020-03-31&models=era5&hourly=temperature_2m%2Crelative_humidity_2m%2Cprecipitation%2Cwind_speed_10m%2Cdew_point_2m&timezone=GMT&timeformat=unixtime&temperature_unit=celsius&wind_speed_unit=ms&precipitation_unit=mm&cell_selection=land"
"new-york-march-2020",40.7128,-74.006,"2020-03-01","2020-03-31","2020-03-12T14:00:00.000Z",5.9,74,0,1.51,1.6,"2020-03-12T13:00:00.000Z","2020-03-12T14:00:00.000Z",true,"","complete",744,744,744,"Open-Meteo","ERA5 (requested)","era5",,"modeled_reanalysis",40.75,-74,32,"2026-09-11T00:26:47.065Z",,,"land","provider default elevation adjustment","instant meteorology; precipitation sum over preceding hour ending at time","reanalysis-adapter-v1","Weather data by Open-Meteo; ERA5 by Copernicus Climate Change Service (C3S) / ECMWF","https://open-meteo.com/en/docs/historical-weather-api","https://archive-api.open-meteo.com/v1/archive?latitude=40.7128&longitude=-74.006&start_date=2020-03-01&end_date=2020-03-31&models=era5&hourly=temperature_2m%2Crelative_humidity_2m%2Cprecipitation%2Cwind_speed_10m%2Cdew_point_2m&timezone=GMT&timeformat=unixtime&temperature_unit=celsius&wind_speed_unit=ms&precipitation_unit=mm&cell_selection=land"
"new-york-march-2020",40.7128,-74.006,"2020-03-01","2020-03-31","2020-03-12T15:00:00.000Z",6.9,73,0,2.01,2.5,"2020-03-12T14:00:00.000Z","2020-03-12T15:00:00.000Z",true,"","complete",744,744,744,"Open-Meteo","ERA5 (requested)","era5",,"modeled_reanalysis",40.75,-74,32,"2026-09-11T00:26:47.065Z",,,"land","provider default elevation adjustment","instant meteorology; precipitation sum over preceding hour ending at time","reanalysis-adapter-v1","Weather data by Open-Meteo; ERA5 by Copernicus Climate Change Service (C3S) / ECMWF","https://open-meteo.com/en/docs/historical-weather-api","https://archive-api.open-meteo.com/v1/archive?latitude=40.7128&longitude=-74.006&start_date=2020-03-01&end_date=2020-03-31&models=era5&hourly=temperature_2m%2Crelative_humidity_2m%2Cprecipitation%2Cwind_speed_10m%2Cdew_point_2m&timezone=GMT&timeformat=unixtime&temperature_unit=celsius&wind_speed_unit=ms&precipitation_unit=mm&cell_selection=land"
"new-york-march-2020",40.7128,-74.006,"2020-03-01","2020-03-31","2020-03-12T16:00:00.000Z",7.2,75,0,2.56,3,"2020-03-12T15:00:00.000Z","2020-03-12T16:00:00.000Z",true,"","complete",744,744,744,"Open-Meteo","ERA5 (requested)","era5",,"modeled_reanalysis",40.75,-74,32,"2026-09-11T00:26:47.065Z",,,"land","provider default elevation adjustment","instant meteorology; precipitation sum over preceding hour ending at time","reanalysis-adapter-v1","Weather data by Open-Meteo; ERA5 by Copernicus Climate Change Service (C3S) / ECMWF","https://open-meteo.com/en/docs/historical-weather-api","https://archive-api.open-meteo.com/v1/archive?latitude=40.7128&longitude=-74.006&start_date=2020-03-01&end_date=2020-03-31&models=era5&hourly=temperature_2m%2Crelative_humidity_2m%2Cprecipitation%2Cwind_speed_10m%2Cdew_point_2m&timezone=GMT&timeformat=unixtime&temperature_unit=celsius&wind_speed_unit=ms&precipitation_unit=mm&cell_selection=land"
"new-york-march-2020",40.7128,-74.006,"2020-03-01","2020-03-31","2020-03-12T17:00:00.000Z",7.7,75,0,2.82,3.5,"2020-03-12T16:00:00.000Z","2020-03-12T17:00:00.000Z",true,"","complete",744,744,744,"Open-Meteo","ERA5 (requested)","era5",,"modeled_reanalysis",40.75,-74,32,"2026-09-11T00:26:47.065Z",,,"land","provider default elevation adjustment","instant meteorology; precipitation sum over preceding hour ending at time","reanalysis-adapter-v1","Weather data by Open-Meteo; ERA5 by Copernicus Climate Change Service (C3S) / ECMWF","https://open-meteo.com/en/docs/historical-weather-api","https://archive-api.open-meteo.com/v1/archive?latitude=40.7128&longitude=-74.006&start_date=2020-03-01&end_date=2020-03-31&models=era5&hourly=temperature_2m%2Crelative_humidity_2m%2Cprecipitation%2Cwind_speed_10m%2Cdew_point_2m&timezone=GMT&timeformat=unixtime&temperature_unit=celsius&wind_speed_unit=ms&precipitation_unit=mm&cell_selection=land"
"new-york-march-2020",40.7128,-74.006,"2020-03-01","2020-03-31","2020-03-12T18:00:00.000Z",8,71,0,2.82,3.1,"2020-03-12T17:00:00.000Z","2020-03-12T18:00:00.000Z",true,"","complete",744,744,744,"Open-Meteo","ERA5 (requested)","era5",,"modeled_reanalysis",40.75,-74,32,"2026-09-11T00:26:47.065Z",,,"land","provider default elevation adjustment","instant meteorology; precipitation sum over preceding hour ending at time","reanalysis-adapter-v1","Weather data by Open-Meteo; ERA5 by Copernicus Climate Change Service (C3S) / ECMWF","https://open-meteo.com/en/docs/historical-weather-api","https://archive-api.open-meteo.com/v1/archive?latitude=40.7128&longitude=-74.006&start_date=2020-03-01&end_date=2020-03-31&models=era5&hourly=temperature_2m%2Crelative_humidity_2m%2Cprecipitation%2Cwind_speed_10m%2Cdew_point_2m&timezone=GMT&timeformat=unixtime&temperature_unit=celsius&wind_speed_unit=ms&precipitation_unit=mm&cell_selection=land"
"new-york-march-2020",40.7128,-74.006,"2020-03-01","2020-03-31","2020-03-12T19:00:00.000Z",8.2,70,0,2.85,3.1,"2020-03-12T18:00:00.000Z","2020-03-12T19:00:00.000Z",true,"","complete",744,744,744,"Open-Meteo","ERA5 (requested)","era5",,"modeled_reanalysis",40.75,-74,32,"2026-09-11T00:26:47.065Z",,,"land","provider default elevation adjustment","instant meteorology; precipitation sum over preceding hour ending at time","reanalysis-adapter-v1","Weather data by Open-Meteo; ERA5 by Copernicus Climate Change Service (C3S) / ECMWF","https://open-meteo.com/en/docs/historical-weather-api","https://archive-api.open-meteo.com/v1/archive?latitude=40.7128&longitude=-74.006&start_date=2020-03-01&end_date=2020-03-31&models=era5&hourly=temperature_2m%2Crelative_humidity_2m%2Cprecipitation%2Cwind_speed_10m%2Cdew_point_2m&timezone=GMT&timeformat=unixtime&temperature_unit=celsius&wind_speed_unit=ms&precipitation_unit=mm&cell_selection=land"
"new-york-march-2020",40.7128,-74.006,"2020-03-01","2020-03-31","2020-03-12T20:00:00.000Z",8.1,71,0,2.94,3.2,"2020-03-12T19:00:00.000Z","2020-03-12T20:00:00.000Z",true,"","complete",744,744,744,"Open-Meteo","ERA5 (requested)","era5",,"modeled_reanalysis",40.75,-74,32,"2026-09-11T00:26:47.065Z",,,"land","provider default elevation adjustment","instant meteorology; precipitation sum over preceding hour ending at time","reanalysis-adapter-v1","Weather data by Open-Meteo; ERA5 by Copernicus Climate Change Service (C3S) / ECMWF","https://open-meteo.com/en/docs/historical-weather-api","https://archive-api.open-meteo.com/v1/archive?latitude=40.7128&longitude=-74.006&start_date=2020-03-01&end_date=2020-03-31&models=era5&hourly=temperature_2m%2Crelative_humidity_2m%2Cprecipitation%2Cwind_speed_10m%2Cdew_point_2m&timezone=GMT&timeformat=unixtime&temperature_unit=celsius&wind_speed_unit=ms&precipitation_unit=mm&cell_selection=land"
"new-york-march-2020",40.7128,-74.006,"2020-03-01","2020-03-31","2020-03-12T21:00:00.000Z",8.3,72,0,3.23,3.4,"2020-03-12T20:00:00.000Z","2020-03-12T21:00:00.000Z",true,"","complete",744,744,744,"Open-Meteo","ERA5 (requested)","era5",,"modeled_reanalysis",40.75,-74,32,"2026-09-11T00:26:47.065Z",,,"land","provider default elevation adjustment","instant meteorology; precipitation sum over preceding hour ending at time","reanalysis-adapter-v1","Weather data by Open-Meteo; ERA5 by Copernicus Climate Change Service (C3S) / ECMWF","https://open-meteo.com/en/docs/historical-weather-api","https://archive-api.open-meteo.com/v1/archive?latitude=40.7128&longitude=-74.006&start_date=2020-03-01&end_date=2020-03-31&models=era5&hourly=temperature_2m%2Crelative_humidity_2m%2Cprecipitation%2Cwind_speed_10m%2Cdew_point_2m&timezone=GMT&timeformat=unixtime&temperature_unit=celsius&wind_speed_unit=ms&precipitation_unit=mm&cell_selection=land"
"new-york-march-2020",40.7128,-74.006,"2020-03-01","2020-03-31","2020-03-12T22:00:00.000Z",8.1,78,0,2.71,4.5,"2020-03-12T21:00:00.000Z","2020-03-12T22:00:00.000Z",true,"","complete",744,744,744,"Open-Meteo","ERA5 (requested)","era5",,"modeled_reanalysis",40.75,-74,32,"2026-09-11T00:26:47.065Z",,,"land","provider default elevation adjustment","instant meteorology; precipitation sum over preceding hour ending at time","reanalysis-adapter-v1","Weather data by Open-Meteo; ERA5 by Copernicus Climate Change Service (C3S) / ECMWF","https://open-meteo.com/en/docs/historical-weather-api","https://archive-api.open-meteo.com/v1/archive?latitude=40.7128&longitude=-74.006&start_date=2020-03-01&end_date=2020-03-31&models=era5&hourly=temperature_2m%2Crelative_humidity_2m%2Cprecipitation%2Cwind_speed_10m%2Cdew_point_2m&timezone=GMT&timeformat=unixtime&temperature_unit=celsius&wind_speed_unit=ms&precipitation_unit=mm&cell_selection=land"
"new-york-march-2020",40.7128,-74.006,"2020-03-01","2020-03-31","2020-03-12T23:00:00.000Z",8.1,78,0,2.84,4.4,"2020-03-12T22:00:00.000Z","2020-03-12T23:00:00.000Z",true,"","complete",744,744,744,"Open-Meteo","ERA5 (requested)","era5",,"modeled_reanalysis",40.75,-74,32,"2026-09-11T00:26:47.065Z",,,"land","provider default elevation adjustment","instant meteorology; precipitation sum over preceding hour ending at time","reanalysis-adapter-v1","Weather data by Open-Meteo; ERA5 by Copernicus Climate Change Service (C3S) / ECMWF","https://open-meteo.com/en/docs/historical-weather-api","https://archive-api.open-meteo.com/v1/archive?latitude=40.7128&longitude=-74.006&start_date=2020-03-01&end_date=2020-03-31&models=era5&hourly=temperature_2m%2Crelative_humidity_2m%2Cprecipitation%2Cwind_speed_10m%2Cdew_point_2m&timezone=GMT&timeformat=unixtime&temperature_unit=celsius&wind_speed_unit=ms&precipitation_unit=mm&cell_selection=land"
"new-york-march-2020",40.7128,-74.006,"2020-03-01","2020-03-31","2020-03-13T00:00:00.000Z",7.9,77,0,3.28,4.2,"2020-03-12T23:00:00.000Z","2020-03-13T00:00:00.000Z",true,"","complete",744,744,744,"Open-Meteo","ERA5 (requested)","era5",,"modeled_reanalysis",40.75,-74,32,"2026-09-11T00:26:47.065Z",,,"land","provider default elevation adjustment","instant meteorology; precipitation sum over preceding hour ending at time","reanalysis-adapter-v1","Weather data by Open-Meteo; ERA5 by Copernicus Climate Change Service (C3S) / ECMWF","https://open-meteo.com/en/docs/historical-weather-api","https://archive-api.open-meteo.com/v1/archive?latitude=40.7128&longitude=-74.006&start_date=2020-03-01&end_date=2020-03-31&models=era5&hourly=temperature_2m%2Crelative_humidity_2m%2Cprecipitation%2Cwind_speed_10m%2Cdew_point_2m&timezone=GMT&timeformat=unixtime&temperature_unit=celsius&wind_speed_unit=ms&precipitation_unit=mm&cell_selection=land"
"new-york-march-2020",40.7128,-74.006,"2020-03-01","2020-03-31","2020-03-13T01:00:00.000Z",7.8,77,0,3.72,3.9,"2020-03-13T00:00:00.000Z","2020-03-13T01:00:00.000Z",true,"","complete",744,744,744,"Open-Meteo","ERA5 (requested)","era5",,"modeled_reanalysis",40.75,-74,32,"2026-09-11T00:26:47.065Z",,,"land","provider default elevation adjustment","instant meteorology; precipitation sum over preceding hour ending at time","reanalysis-adapter-v1","Weather data by Open-Meteo; ERA5 by Copernicus Climate Change Service (C3S) / ECMWF","https://open-meteo.com/en/docs/historical-weather-api","https://archive-api.open-meteo.com/v1/archive?latitude=40.7128&longitude=-74.006&start_date=2020-03-01&end_date=2020-03-31&models=era5&hourly=temperature_2m%2Crelative_humidity_2m%2Cprecipitation%2Cwind_speed_10m%2Cdew_point_2m&timezone=GMT&timeformat=unixtime&temperature_unit=celsius&wind_speed_unit=ms&precipitation_unit=mm&cell_selection=land"
"new-york-march-2020",40.7128,-74.006,"2020-03-01","2020-03-31","2020-03-13T02:00:00.000Z",7.9,77,0.6,3.61,4,"2020-03-13T01:00:00.000Z","2020-03-13T02:00:00.000Z",true,"","complete",744,744,744,"Open-Meteo","ERA5 (requested)","era5",,"modeled_reanalysis",40.75,-74,32,"2026-09-11T00:26:47.065Z",,,"land","provider default elevation adjustment","instant meteorology; precipitation sum over preceding hour ending at time","reanalysis-adapter-v1","Weather data by Open-Meteo; ERA5 by Copernicus Climate Change Service (C3S) / ECMWF","https://open-meteo.com/en/docs/historical-weather-api","https://archive-api.open-meteo.com/v1/archive?latitude=40.7128&longitude=-74.006&start_date=2020-03-01&end_date=2020-03-31&models=era5&hourly=temperature_2m%2Crelative_humidity_2m%2Cprecipitation%2Cwind_speed_10m%2Cdew_point_2m&timezone=GMT&timeformat=unixtime&temperature_unit=celsius&wind_speed_unit=ms&precipitation_unit=mm&cell_selection=land"
"new-york-march-2020",40.7128,-74.006,"2020-03-01","2020-03-31","2020-03-13T03:00:00.000Z",7.8,84,0.2,3.35,5.3,"2020-03-13T02:00:00.000Z","2020-03-13T03:00:00.000Z",true,"","complete",744,744,744,"Open-Meteo","ERA5 (requested)","era5",,"modeled_reanalysis",40.75,-74,32,"2026-09-11T00:26:47.065Z",,,"land","provider default elevation adjustment","instant meteorology; precipitation sum over preceding hour ending at time","reanalysis-adapter-v1","Weather data by Open-Meteo; ERA5 by Copernicus Climate Change Service (C3S) / ECMWF","https://open-meteo.com/en/docs/historical-weather-api","https://archive-api.open-meteo.com/v1/archive?latitude=40.7128&longitude=-74.006&start_date=2020-03-01&end_date=2020-03-31&models=era5&hourly=temperature_2m%2Crelative_humidity_2m%2Cprecipitation%2Cwind_speed_10m%2Cdew_point_2m&timezone=GMT&timeformat=unixtime&temperature_unit=celsius&wind_speed_unit=ms&precipitation_unit=mm&cell_selection=land"
"new-york-march-2020",40.7128,-74.006,"2020-03-01","2020-03-31","2020-03-13T04:00:00.000Z",7.8,84,0.4,4.02,5.3,"2020-03-13T03:00:00.000Z","2020-03-13T04:00:00.000Z",true,"","complete",744,744,744,"Open-Meteo","ERA5 (requested)","era5",,"modeled_reanalysis",40.75,-74,32,"2026-09-11T00:26:47.065Z",,,"land","provider default elevation adjustment","instant meteorology; precipitation sum over preceding hour ending at time","reanalysis-adapter-v1","Weather data by Open-Meteo; ERA5 by Copernicus Climate Change Service (C3S) / ECMWF","https://open-meteo.com/en/docs/historical-weather-api","https://archive-api.open-meteo.com/v1/archive?latitude=40.7128&longitude=-74.006&start_date=2020-03-01&end_date=2020-03-31&models=era5&hourly=temperature_2m%2Crelative_humidity_2m%2Cprecipitation%2Cwind_speed_10m%2Cdew_point_2m&timezone=GMT&timeformat=unixtime&temperature_unit=celsius&wind_speed_unit=ms&precipitation_unit=mm&cell_selection=land"
"new-york-march-2020",40.7128,-74.006,"2020-03-01","2020-03-31","2020-03-13T05:00:00.000Z",7.9,87,0.6,4.51,5.8,"2020-03-13T04:00:00.000Z","2020-03-13T05:00:00.000Z",true,"","complete",744,744,744,"Open-Meteo","ERA5 (requested)","era5",,"modeled_reanalysis",40.75,-74,32,"2026-09-11T00:26:47.065Z",,,"land","provider default elevation adjustment","instant meteorology; precipitation sum over preceding hour ending at time","reanalysis-adapter-v1","Weather data by Open-Meteo; ERA5 by Copernicus Climate Change Service (C3S) / ECMWF","https://open-meteo.com/en/docs/historical-weather-api","https://archive-api.open-meteo.com/v1/archive?latitude=40.7128&longitude=-74.006&start_date=2020-03-01&end_date=2020-03-31&models=era5&hourly=temperature_2m%2Crelative_humidity_2m%2Cprecipitation%2Cwind_speed_10m%2Cdew_point_2m&timezone=GMT&timeformat=unixtime&temperature_unit=celsius&wind_speed_unit=ms&precipitation_unit=mm&cell_selection=land"
"new-york-march-2020",40.7128,-74.006,"2020-03-01","2020-03-31","2020-03-13T06:00:00.000Z",8.1,89,1.1,4.47,6.4,"2020-03-13T05:00:00.000Z","2020-03-13T06:00:00.000Z",true,"","complete",744,744,744,"Open-Meteo","ERA5 (requested)","era5",,"modeled_reanalysis",40.75,-74,32,"2026-09-11T00:26:47.065Z",,,"land","provider default elevation adjustment","instant meteorology; precipitation sum over preceding hour ending at time","reanalysis-adapter-v1","Weather data by Open-Meteo; ERA5 by Copernicus Climate Change Service (C3S) / ECMWF","https://open-meteo.com/en/docs/historical-weather-api","https://archive-api.open-meteo.com/v1/archive?latitude=40.7128&longitude=-74.006&start_date=2020-03-01&end_date=2020-03-31&models=era5&hourly=temperature_2m%2Crelative_humidity_2m%2Cprecipitation%2Cwind_speed_10m%2Cdew_point_2m&timezone=GMT&timeformat=unixtime&temperature_unit=celsius&wind_speed_unit=ms&precipitation_unit=mm&cell_selection=land"
"new-york-march-2020",40.7128,-74.006,"2020-03-01","2020-03-31","2020-03-13T07:00:00.000Z",8.3,89,0,4.2,6.7,"2020-03-13T06:00:00.000Z","2020-03-13T07:00:00.000Z",true,"","complete",744,744,744,"Open-Meteo","ERA5 (requested)","era5",,"modeled_reanalysis",40.75,-74,32,"2026-09-11T00:26:47.065Z",,,"land","provider default elevation adjustment","instant meteorology; precipitation sum over preceding hour ending at time","reanalysis-adapter-v1","Weather data by Open-Meteo; ERA5 by Copernicus Climate Change Service (C3S) / ECMWF","https://open-meteo.com/en/docs/historical-weather-api","https://archive-api.open-meteo.com/v1/archive?latitude=40.7128&longitude=-74.006&start_date=2020-03-01&end_date=2020-03-31&models=era5&hourly=temperature_2m%2Crelative_humidity_2m%2Cprecipitation%2Cwind_speed_10m%2Cdew_point_2m&timezone=GMT&timeformat=unixtime&temperature_unit=celsius&wind_speed_unit=ms&precipitation_unit=mm&cell_selection=land"
"new-york-march-2020",40.7128,-74.006,"2020-03-01","2020-03-31","2020-03-13T08:00:00.000Z",8.6,91,0.5,3.71,7.1,"2020-03-13T07:00:00.000Z","2020-03-13T08:00:00.000Z",true,"","complete",744,744,744,"Open-Meteo","ERA5 (requested)","era5",,"modeled_reanalysis",40.75,-74,32,"2026-09-11T00:26:47.065Z",,,"land","provider default elevation adjustment","instant meteorology; precipitation sum over preceding hour ending at time","reanalysis-adapter-v1","Weather data by Open-Meteo; ERA5 by Copernicus Climate Change Service (C3S) / ECMWF","https://open-meteo.com/en/docs/historical-weather-api","https://archive-api.open-meteo.com/v1/archive?latitude=40.7128&longitude=-74.006&start_date=2020-03-01&end_date=2020-03-31&models=era5&hourly=temperature_2m%2Crelative_humidity_2m%2Cprecipitation%2Cwind_speed_10m%2Cdew_point_2m&timezone=GMT&timeformat=unixtime&temperature_unit=celsius&wind_speed_unit=ms&precipitation_unit=mm&cell_selection=land"
"new-york-march-2020",40.7128,-74.006,"2020-03-01","2020-03-31","2020-03-13T09:00:00.000Z",8.7,91,0.6,3.45,7.3,"2020-03-13T08:00:00.000Z","2020-03-13T09:00:00.000Z",true,"","complete",744,744,744,"Open-Meteo","ERA5 (requested)","era5",,"modeled_reanalysis",40.75,-74,32,"2026-09-11T00:26:47.065Z",,,"land","provider default elevation adjustment","instant meteorology; precipitation sum over preceding hour ending at time","reanalysis-adapter-v1","Weather data by Open-Meteo; ERA5 by Copernicus Climate Change Service (C3S) / ECMWF","https://open-meteo.com/en/docs/historical-weather-api","https://archive-api.open-meteo.com/v1/archive?latitude=40.7128&longitude=-74.006&start_date=2020-03-01&end_date=2020-03-31&models=era5&hourly=temperature_2m%2Crelative_humidity_2m%2Cprecipitation%2Cwind_speed_10m%2Cdew_point_2m&timezone=GMT&timeformat=unixtime&temperature_unit=celsius&wind_speed_unit=ms&precipitation_unit=mm&cell_selection=land"
"new-york-march-2020",40.7128,-74.006,"2020-03-01","2020-03-31","2020-03-13T10:00:00.000Z",10.1,94,0.9,3.7,9.1,"2020-03-13T09:00:00.000Z","2020-03-13T10:00:00.000Z",true,"","complete",744,744,744,"Open-Meteo","ERA5 (requested)","era5",,"modeled_reanalysis",40.75,-74,32,"2026-09-11T00:26:47.065Z",,,"land","provider default elevation adjustment","instant meteorology; precipitation sum over preceding hour ending at time","reanalysis-adapter-v1","Weather data by Open-Meteo; ERA5 by Copernicus Climate Change Service (C3S) / ECMWF","https://open-meteo.com/en/docs/historical-weather-api","https://archive-api.open-meteo.com/v1/archive?latitude=40.7128&longitude=-74.006&start_date=2020-03-01&end_date=2020-03-31&models=era5&hourly=temperature_2m%2Crelative_humidity_2m%2Cprecipitation%2Cwind_speed_10m%2Cdew_point_2m&timezone=GMT&timeformat=unixtime&temperature_unit=celsius&wind_speed_unit=ms&precipitation_unit=mm&cell_selection=land"
"new-york-march-2020",40.7128,-74.006,"2020-03-01","2020-03-31","2020-03-13T11:00:00.000Z",10.4,93,1.7,3.96,9.2,"2020-03-13T10:00:00.000Z","2020-03-13T11:00:00.000Z",true,"","complete",744,744,744,"Open-Meteo","ERA5 (requested)","era5",,"modeled_reanalysis",40.75,-74,32,"2026-09-11T00:26:47.065Z",,,"land","provider default elevation adjustment","instant meteorology; precipitation sum over preceding hour ending at time","reanalysis-adapter-v1","Weather data by Open-Meteo; ERA5 by Copernicus Climate Change Service (C3S) / ECMWF","https://open-meteo.com/en/docs/historical-weather-api","https://archive-api.open-meteo.com/v1/archive?latitude=40.7128&longitude=-74.006&start_date=2020-03-01&end_date=2020-03-31&models=era5&hourly=temperature_2m%2Crelative_humidity_2m%2Cprecipitation%2Cwind_speed_10m%2Cdew_point_2m&timezone=GMT&timeformat=unixtime&temperature_unit=celsius&wind_speed_unit=ms&precipitation_unit=mm&cell_selection=land"
"new-york-march-2020",40.7128,-74.006,"2020-03-01","2020-03-31","2020-03-13T12:00:00.000Z",10.5,93,1.4,4.39,9.4,"2020-03-13T11:00:00.000Z","2020-03-13T12:00:00.000Z",true,"","complete",744,744,744,"Open-Meteo","ERA5 (requested)","era5",,"modeled_reanalysis",40.75,-74,32,"2026-09-11T00:26:47.065Z",,,"land","provider default elevation adjustment","instant meteorology; precipitation sum over preceding hour ending at time","reanalysis-adapter-v1","Weather data by Open-Meteo; ERA5 by Copernicus Climate Change Service (C3S) / ECMWF","https://open-meteo.com/en/docs/historical-weather-api","https://archive-api.open-meteo.com/v1/archive?latitude=40.7128&longitude=-74.006&start_date=2020-03-01&end_date=2020-03-31&models=era5&hourly=temperature_2m%2Crelative_humidity_2m%2Cprecipitation%2Cwind_speed_10m%2Cdew_point_2m&timezone=GMT&timeformat=unixtime&temperature_unit=celsius&wind_speed_unit=ms&precipitation_unit=mm&cell_selection=land"
"new-york-march-2020",40.7128,-74.006,"2020-03-01","2020-03-31","2020-03-13T13:00:00.000Z",10.9,93,0.8,4.46,9.8,"2020-03-13T12:00:00.000Z","2020-03-13T13:00:00.000Z",true,"","complete",744,744,744,"Open-Meteo","ERA5 (requested)","era5",,"modeled_reanalysis",40.75,-74,32,"2026-09-11T00:26:47.065Z",,,"land","provider default elevation adjustment","instant meteorology; precipitation sum over preceding hour ending at time","reanalysis-adapter-v1","Weather data by Open-Meteo; ERA5 by Copernicus Climate Change Service (C3S) / ECMWF","https://open-meteo.com/en/docs/historical-weather-api","https://archive-api.open-meteo.com/v1/archive?latitude=40.7128&longitude=-74.006&start_date=2020-03-01&end_date=2020-03-31&models=era5&hourly=temperature_2m%2Crelative_humidity_2m%2Cprecipitation%2Cwind_speed_10m%2Cdew_point_2m&timezone=GMT&timeformat=unixtime&temperature_unit=celsius&wind_speed_unit=ms&precipitation_unit=mm&cell_selection=land"
"new-york-march-2020",40.7128,-74.006,"2020-03-01","2020-03-31","2020-03-13T14:00:00.000Z",11.3,94,1.9,3.3,10.3,"2020-03-13T13:00:00.000Z","2020-03-13T14:00:00.000Z",true,"","complete",744,744,744,"Open-Meteo","ERA5 (requested)","era5",,"modeled_reanalysis",40.75,-74,32,"2026-09-11T00:26:47.065Z",,,"land","provider default elevation adjustment","instant meteorology; precipitation sum over preceding hour ending at time","reanalysis-adapter-v1","Weather data by Open-Meteo; ERA5 by Copernicus Climate Change Service (C3S) / ECMWF","https://open-meteo.com/en/docs/historical-weather-api","https://archive-api.open-meteo.com/v1/archive?latitude=40.7128&longitude=-74.006&start_date=2020-03-01&end_date=2020-03-31&models=era5&hourly=temperature_2m%2Crelative_humidity_2m%2Cprecipitation%2Cwind_speed_10m%2Cdew_point_2m&timezone=GMT&timeformat=unixtime&temperature_unit=celsius&wind_speed_unit=ms&precipitation_unit=mm&cell_selection=land"
"new-york-march-2020",40.7128,-74.006,"2020-03-01","2020-03-31","2020-03-13T15:00:00.000Z",12.5,88,0.4,3.16,10.6,"2020-03-13T14:00:00.000Z","2020-03-13T15:00:00.000Z",true,"","complete",744,744,744,"Open-Meteo","ERA5 (requested)","era5",,"modeled_reanalysis",40.75,-74,32,"2026-09-11T00:26:47.065Z",,,"land","provider default elevation adjustment","instant meteorology; precipitation sum over preceding hour ending at time","reanalysis-adapter-v1","Weather data by Open-Meteo; ERA5 by Copernicus Climate Change Service (C3S) / ECMWF","https://open-meteo.com/en/docs/historical-weather-api","https://archive-api.open-meteo.com/v1/archive?latitude=40.7128&longitude=-74.006&start_date=2020-03-01&end_date=2020-03-31&models=era5&hourly=temperature_2m%2Crelative_humidity_2m%2Cprecipitation%2Cwind_speed_10m%2Cdew_point_2m&timezone=GMT&timeformat=unixtime&temperature_unit=celsius&wind_speed_unit=ms&precipitation_unit=mm&cell_selection=land"
"new-york-march-2020",40.7128,-74.006,"2020-03-01","2020-03-31","2020-03-13T16:00:00.000Z",14.1,84,0,4.11,11.4,"2020-03-13T15:00:00.000Z","2020-03-13T16:00:00.000Z",true,"","complete",744,744,744,"Open-Meteo","ERA5 (requested)","era5",,"modeled_reanalysis",40.75,-74,32,"2026-09-11T00:26:47.065Z",,,"land","provider default elevation adjustment","instant meteorology; precipitation sum over preceding hour ending at time","reanalysis-adapter-v1","Weather data by Open-Meteo; ERA5 by Copernicus Climate Change Service (C3S) / ECMWF","https://open-meteo.com/en/docs/historical-weather-api","https://archive-api.open-meteo.com/v1/archive?latitude=40.7128&longitude=-74.006&start_date=2020-03-01&end_date=2020-03-31&models=era5&hourly=temperature_2m%2Crelative_humidity_2m%2Cprecipitation%2Cwind_speed_10m%2Cdew_point_2m&timezone=GMT&timeformat=unixtime&temperature_unit=celsius&wind_speed_unit=ms&precipitation_unit=mm&cell_selection=land"
"new-york-march-2020",40.7128,-74.006,"2020-03-01","2020-03-31","2020-03-13T17:00:00.000Z",16.1,74,0,5.78,11.4,"2020-03-13T16:00:00.000Z","2020-03-13T17:00:00.000Z",true,"","complete",744,744,744,"Open-Meteo","ERA5 (requested)","era5",,"modeled_reanalysis",40.75,-74,32,"2026-09-11T00:26:47.065Z",,,"land","provider default elevation adjustment","instant meteorology; precipitation sum over preceding hour ending at time","reanalysis-adapter-v1","Weather data by Open-Meteo; ERA5 by Copernicus Climate Change Service (C3S) / ECMWF","https://open-meteo.com/en/docs/historical-weather-api","https://archive-api.open-meteo.com/v1/archive?latitude=40.7128&longitude=-74.006&start_date=2020-03-01&end_date=2020-03-31&models=era5&hourly=temperature_2m%2Crelative_humidity_2m%2Cprecipitation%2Cwind_speed_10m%2Cdew_point_2m&timezone=GMT&timeformat=unixtime&temperature_unit=celsius&wind_speed_unit=ms&precipitation_unit=mm&cell_selection=land"
"new-york-march-2020",40.7128,-74.006,"2020-03-01","2020-03-31","2020-03-13T18:00:00.000Z",16.8,71,0,6.49,11.6,"2020-03-13T17:00:00.000Z","2020-03-13T18:00:00.000Z",true,"","complete",744,744,744,"Open-Meteo","ERA5 (requested)","era5",,"modeled_reanalysis",40.75,-74,32,"2026-09-11T00:26:47.065Z",,,"land","provider default elevation adjustment","instant meteorology; precipitation sum over preceding hour ending at time","reanalysis-adapter-v1","Weather data by Open-Meteo; ERA5 by Copernicus Climate Change Service (C3S) / ECMWF","https://open-meteo.com/en/docs/historical-weather-api","https://archive-api.open-meteo.com/v1/archive?latitude=40.7128&longitude=-74.006&start_date=2020-03-01&end_date=2020-03-31&models=era5&hourly=temperature_2m%2Crelative_humidity_2m%2Cprecipitation%2Cwind_speed_10m%2Cdew_point_2m&timezone=GMT&timeformat=unixtime&temperature_unit=celsius&wind_speed_unit=ms&precipitation_unit=mm&cell_selection=land"
"new-york-march-2020",40.7128,-74.006,"2020-03-01","2020-03-31","2020-03-13T19:00:00.000Z",17.8,67,0,5.93,11.7,"2020-03-13T18:00:00.000Z","2020-03-13T19:00:00.000Z",true,"","complete",744,744,744,"Open-Meteo","ERA5 (requested)","era5",,"modeled_reanalysis",40.75,-74,32,"2026-09-11T00:26:47.065Z",,,"land","provider default elevation adjustment","instant meteorology; precipitation sum over preceding hour ending at time","reanalysis-adapter-v1","Weather data by Open-Meteo; ERA5 by Copernicus Climate Change Service (C3S) / ECMWF","https://open-meteo.com/en/docs/historical-weather-api","https://archive-api.open-meteo.com/v1/archive?latitude=40.7128&longitude=-74.006&start_date=2020-03-01&end_date=2020-03-31&models=era5&hourly=temperature_2m%2Crelative_humidity_2m%2Cprecipitation%2Cwind_speed_10m%2Cdew_point_2m&timezone=GMT&timeformat=unixtime&temperature_unit=celsius&wind_speed_unit=ms&precipitation_unit=mm&cell_selection=land"
"new-york-march-2020",40.7128,-74.006,"2020-03-01","2020-03-31","2020-03-13T20:00:00.000Z",19,49,0,6.4,8.1,"2020-03-13T19:00:00.000Z","2020-03-13T20:00:00.000Z",true,"","complete",744,744,744,"Open-Meteo","ERA5 (requested)","era5",,"modeled_reanalysis",40.75,-74,32,"2026-09-11T00:26:47.065Z",,,"land","provider default elevation adjustment","instant meteorology; precipitation sum over preceding hour ending at time","reanalysis-adapter-v1","Weather data by Open-Meteo; ERA5 by Copernicus Climate Change Service (C3S) / ECMWF","https://open-meteo.com/en/docs/historical-weather-api","https://archive-api.open-meteo.com/v1/archive?latitude=40.7128&longitude=-74.006&start_date=2020-03-01&end_date=2020-03-31&models=era5&hourly=temperature_2m%2Crelative_humidity_2m%2Cprecipitation%2Cwind_speed_10m%2Cdew_point_2m&timezone=GMT&timeformat=unixtime&temperature_unit=celsius&wind_speed_unit=ms&precipitation_unit=mm&cell_selection=land"
"new-york-march-2020",40.7128,-74.006,"2020-03-01","2020-03-31","2020-03-13T21:00:00.000Z",18.8,37,0,6.51,3.6,"2020-03-13T20:00:00.000Z","2020-03-13T21:00:00.000Z",true,"","complete",744,744,744,"Open-Meteo","ERA5 (requested)","era5",,"modeled_reanalysis",40.75,-74,32,"2026-09-11T00:26:47.065Z",,,"land","provider default elevation adjustment","instant meteorology; precipitation sum over preceding hour ending at time","reanalysis-adapter-v1","Weather data by Open-Meteo; ERA5 by Copernicus Climate Change Service (C3S) / ECMWF","https://open-meteo.com/en/docs/historical-weather-api","https://archive-api.open-meteo.com/v1/archive?latitude=40.7128&longitude=-74.006&start_date=2020-03-01&end_date=2020-03-31&models=era5&hourly=temperature_2m%2Crelative_humidity_2m%2Cprecipitation%2Cwind_speed_10m%2Cdew_point_2m&timezone=GMT&timeformat=unixtime&temperature_unit=celsius&wind_speed_unit=ms&precipitation_unit=mm&cell_selection=land"
"new-york-march-2020",40.7128,-74.006,"2020-03-01","2020-03-31","2020-03-13T22:00:00.000Z",17.6,27,0,5.76,-1.7,"2020-03-13T21:00:00.000Z","2020-03-13T22:00:00.000Z",true,"","complete",744,744,744,"Open-Meteo","ERA5 (requested)","era5",,"modeled_reanalysis",40.75,-74,32,"2026-09-11T00:26:47.065Z",,,"land","provider default elevation adjustment","instant meteorology; precipitation sum over preceding hour ending at time","reanalysis-adapter-v1","Weather data by Open-Meteo; ERA5 by Copernicus Climate Change Service (C3S) / ECMWF","https://open-meteo.com/en/docs/historical-weather-api","https://archive-api.open-meteo.com/v1/archive?latitude=40.7128&longitude=-74.006&start_date=2020-03-01&end_date=2020-03-31&models=era5&hourly=temperature_2m%2Crelative_humidity_2m%2Cprecipitation%2Cwind_speed_10m%2Cdew_point_2m&timezone=GMT&timeformat=unixtime&temperature_unit=celsius&wind_speed_unit=ms&precipitation_unit=mm&cell_selection=land"
"new-york-march-2020",40.7128,-74.006,"2020-03-01","2020-03-31","2020-03-13T23:00:00.000Z",16.4,28,0,4.33,-2.4,"2020-03-13T22:00:00.000Z","2020-03-13T23:00:00.000Z",true,"","complete",744,744,744,"Open-Meteo","ERA5 (requested)","era5",,"modeled_reanalysis",40.75,-74,32,"2026-09-11T00:26:47.065Z",,,"land","provider default elevation adjustment","instant meteorology; precipitation sum over preceding hour ending at time","reanalysis-adapter-v1","Weather data by Open-Meteo; ERA5 by Copernicus Climate Change Service (C3S) / ECMWF","https://open-meteo.com/en/docs/historical-weather-api","https://archive-api.open-meteo.com/v1/archive?latitude=40.7128&longitude=-74.006&start_date=2020-03-01&end_date=2020-03-31&models=era5&hourly=temperature_2m%2Crelative_humidity_2m%2Cprecipitation%2Cwind_speed_10m%2Cdew_point_2m&timezone=GMT&timeformat=unixtime&temperature_unit=celsius&wind_speed_unit=ms&precipitation_unit=mm&cell_selection=land"
"new-york-march-2020",40.7128,-74.006,"2020-03-01","2020-03-31","2020-03-14T00:00:00.000Z",15.2,28,0,4.54,-3.1,"2020-03-13T23:00:00.000Z","2020-03-14T00:00:00.000Z",true,"","complete",744,744,744,"Open-Meteo","ERA5 (requested)","era5",,"modeled_reanalysis",40.75,-74,32,"2026-09-11T00:26:47.065Z",,,"land","provider default elevation adjustment","instant meteorology; precipitation sum over preceding hour ending at time","reanalysis-adapter-v1","Weather data by Open-Meteo; ERA5 by Copernicus Climate Change Service (C3S) / ECMWF","https://open-meteo.com/en/docs/historical-weather-api","https://archive-api.open-meteo.com/v1/archive?latitude=40.7128&longitude=-74.006&start_date=2020-03-01&end_date=2020-03-31&models=era5&hourly=temperature_2m%2Crelative_humidity_2m%2Cprecipitation%2Cwind_speed_10m%2Cdew_point_2m&timezone=GMT&timeformat=unixtime&temperature_unit=celsius&wind_speed_unit=ms&precipitation_unit=mm&cell_selection=land"
"new-york-march-2020",40.7128,-74.006,"2020-03-01","2020-03-31","2020-03-14T01:00:00.000Z",14.5,29,0,4.73,-3.4,"2020-03-14T00:00:00.000Z","2020-03-14T01:00:00.000Z",true,"","complete",744,744,744,"Open-Meteo","ERA5 (requested)","era5",,"modeled_reanalysis",40.75,-74,32,"2026-09-11T00:26:47.065Z",,,"land","provider default elevation adjustment","instant meteorology; precipitation sum over preceding hour ending at time","reanalysis-adapter-v1","Weather data by Open-Meteo; ERA5 by Copernicus Climate Change Service (C3S) / ECMWF","https://open-meteo.com/en/docs/historical-weather-api","https://archive-api.open-meteo.com/v1/archive?latitude=40.7128&longitude=-74.006&start_date=2020-03-01&end_date=2020-03-31&models=era5&hourly=temperature_2m%2Crelative_humidity_2m%2Cprecipitation%2Cwind_speed_10m%2Cdew_point_2m&timezone=GMT&timeformat=unixtime&temperature_unit=celsius&wind_speed_unit=ms&precipitation_unit=mm&cell_selection=land"
"new-york-march-2020",40.7128,-74.006,"2020-03-01","2020-03-31","2020-03-14T02:00:00.000Z",13.4,32,0,4.43,-2.9,"2020-03-14T01:00:00.000Z","2020-03-14T02:00:00.000Z",true,"","complete",744,744,744,"Open-Meteo","ERA5 (requested)","era5",,"modeled_reanalysis",40.75,-74,32,"2026-09-11T00:26:47.065Z",,,"land","provider default elevation adjustment","instant meteorology; precipitation sum over preceding hour ending at time","reanalysis-adapter-v1","Weather data by Open-Meteo; ERA5 by Copernicus Climate Change Service (C3S) / ECMWF","https://open-meteo.com/en/docs/historical-weather-api","https://archive-api.open-meteo.com/v1/archive?latitude=40.7128&longitude=-74.006&start_date=2020-03-01&end_date=2020-03-31&models=era5&hourly=temperature_2m%2Crelative_humidity_2m%2Cprecipitation%2Cwind_speed_10m%2Cdew_point_2m&timezone=GMT&timeformat=unixtime&temperature_unit=celsius&wind_speed_unit=ms&precipitation_unit=mm&cell_selection=land"
"new-york-march-2020",40.7128,-74.006,"2020-03-01","2020-03-31","2020-03-14T03:00:00.000Z",11.5,35,0,4.24,-3.3,"2020-03-14T02:00:00.000Z","2020-03-14T03:00:00.000Z",true,"","complete",744,744,744,"Open-Meteo","ERA5 (requested)","era5",,"modeled_reanalysis",40.75,-74,32,"2026-09-11T00:26:47.065Z",,,"land","provider default elevation adjustment","instant meteorology; precipitation sum over preceding hour ending at time","reanalysis-adapter-v1","Weather data by Open-Meteo; ERA5 by Copernicus Climate Change Service (C3S) / ECMWF","https://open-meteo.com/en/docs/historical-weather-api","https://archive-api.open-meteo.com/v1/archive?latitude=40.7128&longitude=-74.006&start_date=2020-03-01&end_date=2020-03-31&models=era5&hourly=temperature_2m%2Crelative_humidity_2m%2Cprecipitation%2Cwind_speed_10m%2Cdew_point_2m&timezone=GMT&timeformat=unixtime&temperature_unit=celsius&wind_speed_unit=ms&precipitation_unit=mm&cell_selection=land"
"new-york-march-2020",40.7128,-74.006,"2020-03-01","2020-03-31","2020-03-14T04:00:00.000Z",10.8,37,0,4.39,-3.3,"2020-03-14T03:00:00.000Z","2020-03-14T04:00:00.000Z",true,"","complete",744,744,744,"Open-Meteo","ERA5 (requested)","era5",,"modeled_reanalysis",40.75,-74,32,"2026-09-11T00:26:47.065Z",,,"land","provider default elevation adjustment","instant meteorology; precipitation sum over preceding hour ending at time","reanalysis-adapter-v1","Weather data by Open-Meteo; ERA5 by Copernicus Climate Change Service (C3S) / ECMWF","https://open-meteo.com/en/docs/historical-weather-api","https://archive-api.open-meteo.com/v1/archive?latitude=40.7128&longitude=-74.006&start_date=2020-03-01&end_date=2020-03-31&models=era5&hourly=temperature_2m%2Crelative_humidity_2m%2Cprecipitation%2Cwind_speed_10m%2Cdew_point_2m&timezone=GMT&timeformat=unixtime&temperature_unit=celsius&wind_speed_unit=ms&precipitation_unit=mm&cell_selection=land"
"new-york-march-2020",40.7128,-74.006,"2020-03-01","2020-03-31","2020-03-14T05:00:00.000Z",9.5,38,0,4.31,-4.2,"2020-03-14T04:00:00.000Z","2020-03-14T05:00:00.000Z",true,"","complete",744,744,744,"Open-Meteo","ERA5 (requested)","era5",,"modeled_reanalysis",40.75,-74,32,"2026-09-11T00:26:47.065Z",,,"land","provider default elevation adjustment","instant meteorology; precipitation sum over preceding hour ending at time","reanalysis-adapter-v1","Weather data by Open-Meteo; ERA5 by Copernicus Climate Change Service (C3S) / ECMWF","https://open-meteo.com/en/docs/historical-weather-api","https://archive-api.open-meteo.com/v1/archive?latitude=40.7128&longitude=-74.006&start_date=2020-03-01&end_date=2020-03-31&models=era5&hourly=temperature_2m%2Crelative_humidity_2m%2Cprecipitation%2Cwind_speed_10m%2Cdew_point_2m&timezone=GMT&timeformat=unixtime&temperature_unit=celsius&wind_speed_unit=ms&precipitation_unit=mm&cell_selection=land"
"new-york-march-2020",40.7128,-74.006,"2020-03-01","2020-03-31","2020-03-14T06:00:00.000Z",8.9,40,0,4.34,-4,"2020-03-14T05:00:00.000Z","2020-03-14T06:00:00.000Z",true,"","complete",744,744,744,"Open-Meteo","ERA5 (requested)","era5",,"modeled_reanalysis",40.75,-74,32,"2026-09-11T00:26:47.065Z",,,"land","provider default elevation adjustment","instant meteorology; precipitation sum over preceding hour ending at time","reanalysis-adapter-v1","Weather data by Open-Meteo; ERA5 by Copernicus Climate Change Service (C3S) / ECMWF","https://open-meteo.com/en/docs/historical-weather-api","https://archive-api.open-meteo.com/v1/archive?latitude=40.7128&longitude=-74.006&start_date=2020-03-01&end_date=2020-03-31&models=era5&hourly=temperature_2m%2Crelative_humidity_2m%2Cprecipitation%2Cwind_speed_10m%2Cdew_point_2m&timezone=GMT&timeformat=unixtime&temperature_unit=celsius&wind_speed_unit=ms&precipitation_unit=mm&cell_selection=land"
"new-york-march-2020",40.7128,-74.006,"2020-03-01","2020-03-31","2020-03-14T07:00:00.000Z",8.4,42,0,4.33,-3.8,"2020-03-14T06:00:00.000Z","2020-03-14T07:00:00.000Z",true,"","complete",744,744,744,"Open-Meteo","ERA5 (requested)","era5",,"modeled_reanalysis",40.75,-74,32,"2026-09-11T00:26:47.065Z",,,"land","provider default elevation adjustment","instant meteorology; precipitation sum over preceding hour ending at time","reanalysis-adapter-v1","Weather data by Open-Meteo; ERA5 by Copernicus Climate Change Service (C3S) / ECMWF","https://open-meteo.com/en/docs/historical-weather-api","https://archive-api.open-meteo.com/v1/archive?latitude=40.7128&longitude=-74.006&start_date=2020-03-01&end_date=2020-03-31&models=era5&hourly=temperature_2m%2Crelative_humidity_2m%2Cprecipitation%2Cwind_speed_10m%2Cdew_point_2m&timezone=GMT&timeformat=unixtime&temperature_unit=celsius&wind_speed_unit=ms&precipitation_unit=mm&cell_selection=land"
"new-york-march-2020",40.7128,-74.006,"2020-03-01","2020-03-31","2020-03-14T08:00:00.000Z",7.8,44,0,4.25,-3.7,"2020-03-14T07:00:00.000Z","2020-03-14T08:00:00.000Z",true,"","complete",744,744,744,"Open-Meteo","ERA5 (requested)","era5",,"modeled_reanalysis",40.75,-74,32,"2026-09-11T00:26:47.065Z",,,"land","provider default elevation adjustment","instant meteorology; precipitation sum over preceding hour ending at time","reanalysis-adapter-v1","Weather data by Open-Meteo; ERA5 by Copernicus Climate Change Service (C3S) / ECMWF","https://open-meteo.com/en/docs/historical-weather-api","https://archive-api.open-meteo.com/v1/archive?latitude=40.7128&longitude=-74.006&start_date=2020-03-01&end_date=2020-03-31&models=era5&hourly=temperature_2m%2Crelative_humidity_2m%2Cprecipitation%2Cwind_speed_10m%2Cdew_point_2m&timezone=GMT&timeformat=unixtime&temperature_unit=celsius&wind_speed_unit=ms&precipitation_unit=mm&cell_selection=land"
"new-york-march-2020",40.7128,-74.006,"2020-03-01","2020-03-31","2020-03-14T09:00:00.000Z",7,47,0,3.94,-3.4,"2020-03-14T08:00:00.000Z","2020-03-14T09:00:00.000Z",true,"","complete",744,744,744,"Open-Meteo","ERA5 (requested)","era5",,"modeled_reanalysis",40.75,-74,32,"2026-09-11T00:26:47.065Z",,,"land","provider default elevation adjustment","instant meteorology; precipitation sum over preceding hour ending at time","reanalysis-adapter-v1","Weather data by Open-Meteo; ERA5 by Copernicus Climate Change Service (C3S) / ECMWF","https://open-meteo.com/en/docs/historical-weather-api","https://archive-api.open-meteo.com/v1/archive?latitude=40.7128&longitude=-74.006&start_date=2020-03-01&end_date=2020-03-31&models=era5&hourly=temperature_2m%2Crelative_humidity_2m%2Cprecipitation%2Cwind_speed_10m%2Cdew_point_2m&timezone=GMT&timeformat=unixtime&temperature_unit=celsius&wind_speed_unit=ms&precipitation_unit=mm&cell_selection=land"
"new-york-march-2020",40.7128,-74.006,"2020-03-01","2020-03-31","2020-03-14T10:00:00.000Z",6.3,50,0,4.4,-3.3,"2020-03-14T09:00:00.000Z","2020-03-14T10:00:00.000Z",true,"","complete",744,744,744,"Open-Meteo","ERA5 (requested)","era5",,"modeled_reanalysis",40.75,-74,32,"2026-09-11T00:26:47.065Z",,,"land","provider default elevation adjustment","instant meteorology; precipitation sum over preceding hour ending at time","reanalysis-adapter-v1","Weather data by Open-Meteo; ERA5 by Copernicus Climate Change Service (C3S) / ECMWF","https://open-meteo.com/en/docs/historical-weather-api","https://archive-api.open-meteo.com/v1/archive?latitude=40.7128&longitude=-74.006&start_date=2020-03-01&end_date=2020-03-31&models=era5&hourly=temperature_2m%2Crelative_humidity_2m%2Cprecipitation%2Cwind_speed_10m%2Cdew_point_2m&timezone=GMT&timeformat=unixtime&temperature_unit=celsius&wind_speed_unit=ms&precipitation_unit=mm&cell_selection=land"
"new-york-march-2020",40.7128,-74.006,"2020-03-01","2020-03-31","2020-03-14T11:00:00.000Z",6.1,51,0,3.86,-3.3,"2020-03-14T10:00:00.000Z","2020-03-14T11:00:00.000Z",true,"","complete",744,744,744,"Open-Meteo","ERA5 (requested)","era5",,"modeled_reanalysis",40.75,-74,32,"2026-09-11T00:26:47.065Z",,,"land","provider default elevation adjustment","instant meteorology; precipitation sum over preceding hour ending at time","reanalysis-adapter-v1","Weather data by Open-Meteo; ERA5 by Copernicus Climate Change Service (C3S) / ECMWF","https://open-meteo.com/en/docs/historical-weather-api","https://archive-api.open-meteo.com/v1/archive?latitude=40.7128&longitude=-74.006&start_date=2020-03-01&end_date=2020-03-31&models=era5&hourly=temperature_2m%2Crelative_humidity_2m%2Cprecipitation%2Cwind_speed_10m%2Cdew_point_2m&timezone=GMT&timeformat=unixtime&temperature_unit=celsius&wind_speed_unit=ms&precipitation_unit=mm&cell_selection=land"
"new-york-march-2020",40.7128,-74.006,"2020-03-01","2020-03-31","2020-03-14T12:00:00.000Z",6.3,50,0,4.16,-3.3,"2020-03-14T11:00:00.000Z","2020-03-14T12:00:00.000Z",true,"","complete",744,744,744,"Open-Meteo","ERA5 (requested)","era5",,"modeled_reanalysis",40.75,-74,32,"2026-09-11T00:26:47.065Z",,,"land","provider default elevation adjustment","instant meteorology; precipitation sum over preceding hour ending at time","reanalysis-adapter-v1","Weather data by Open-Meteo; ERA5 by Copernicus Climate Change Service (C3S) / ECMWF","https://open-meteo.com/en/docs/historical-weather-api","https://archive-api.open-meteo.com/v1/archive?latitude=40.7128&longitude=-74.006&start_date=2020-03-01&end_date=2020-03-31&models=era5&hourly=temperature_2m%2Crelative_humidity_2m%2Cprecipitation%2Cwind_speed_10m%2Cdew_point_2m&timezone=GMT&timeformat=unixtime&temperature_unit=celsius&wind_speed_unit=ms&precipitation_unit=mm&cell_selection=land"
"new-york-march-2020",40.7128,-74.006,"2020-03-01","2020-03-31","2020-03-14T13:00:00.000Z",6.9,45,0,3.61,-4.1,"2020-03-14T12:00:00.000Z","2020-03-14T13:00:00.000Z",true,"","complete",744,744,744,"Open-Meteo","ERA5 (requested)","era5",,"modeled_reanalysis",40.75,-74,32,"2026-09-11T00:26:47.065Z",,,"land","provider default elevation adjustment","instant meteorology; precipitation sum over preceding hour ending at time","reanalysis-adapter-v1","Weather data by Open-Meteo; ERA5 by Copernicus Climate Change Service (C3S) / ECMWF","https://open-meteo.com/en/docs/historical-weather-api","https://archive-api.open-meteo.com/v1/archive?latitude=40.7128&longitude=-74.006&start_date=2020-03-01&end_date=2020-03-31&models=era5&hourly=temperature_2m%2Crelative_humidity_2m%2Cprecipitation%2Cwind_speed_10m%2Cdew_point_2m&timezone=GMT&timeformat=unixtime&temperature_unit=celsius&wind_speed_unit=ms&precipitation_unit=mm&cell_selection=land"
"new-york-march-2020",40.7128,-74.006,"2020-03-01","2020-03-31","2020-03-14T14:00:00.000Z",7.3,43,0,4.97,-4.3,"2020-03-14T13:00:00.000Z","2020-03-14T14:00:00.000Z",true,"","complete",744,744,744,"Open-Meteo","ERA5 (requested)","era5",,"modeled_reanalysis",40.75,-74,32,"2026-09-11T00:26:47.065Z",,,"land","provider default elevation adjustment","instant meteorology; precipitation sum over preceding hour ending at time","reanalysis-adapter-v1","Weather data by Open-Meteo; ERA5 by Copernicus Climate Change Service (C3S) / ECMWF","https://open-meteo.com/en/docs/historical-weather-api","https://archive-api.open-meteo.com/v1/archive?latitude=40.7128&longitude=-74.006&start_date=2020-03-01&end_date=2020-03-31&models=era5&hourly=temperature_2m%2Crelative_humidity_2m%2Cprecipitation%2Cwind_speed_10m%2Cdew_point_2m&timezone=GMT&timeformat=unixtime&temperature_unit=celsius&wind_speed_unit=ms&precipitation_unit=mm&cell_selection=land"
"new-york-march-2020",40.7128,-74.006,"2020-03-01","2020-03-31","2020-03-14T15:00:00.000Z",8.9,39,0,5.35,-4.2,"2020-03-14T14:00:00.000Z","2020-03-14T15:00:00.000Z",true,"","complete",744,744,744,"Open-Meteo","ERA5 (requested)","era5",,"modeled_reanalysis",40.75,-74,32,"2026-09-11T00:26:47.065Z",,,"land","provider default elevation adjustment","instant meteorology; precipitation sum over preceding hour ending at time","reanalysis-adapter-v1","Weather data by Open-Meteo; ERA5 by Copernicus Climate Change Service (C3S) / ECMWF","https://open-meteo.com/en/docs/historical-weather-api","https://archive-api.open-meteo.com/v1/archive?latitude=40.7128&longitude=-74.006&start_date=2020-03-01&end_date=2020-03-31&models=era5&hourly=temperature_2m%2Crelative_humidity_2m%2Cprecipitation%2Cwind_speed_10m%2Cdew_point_2m&timezone=GMT&timeformat=unixtime&temperature_unit=celsius&wind_speed_unit=ms&precipitation_unit=mm&cell_selection=land"
"new-york-march-2020",40.7128,-74.006,"2020-03-01","2020-03-31","2020-03-14T16:00:00.000Z",9.5,38,0,4.3,-4.2,"2020-03-14T15:00:00.000Z","2020-03-14T16:00:00.000Z",true,"","complete",744,744,744,"Open-Meteo","ERA5 (requested)","era5",,"modeled_reanalysis",40.75,-74,32,"2026-09-11T00:26:47.065Z",,,"land","provider default elevation adjustment","instant meteorology; precipitation sum over preceding hour ending at time","reanalysis-adapter-v1","Weather data by Open-Meteo; ERA5 by Copernicus Climate Change Service (C3S) / ECMWF","https://open-meteo.com/en/docs/historical-weather-api","https://archive-api.open-meteo.com/v1/archive?latitude=40.7128&longitude=-74.006&start_date=2020-03-01&end_date=2020-03-31&models=era5&hourly=temperature_2m%2Crelative_humidity_2m%2Cprecipitation%2Cwind_speed_10m%2Cdew_point_2m&timezone=GMT&timeformat=unixtime&temperature_unit=celsius&wind_speed_unit=ms&precipitation_unit=mm&cell_selection=land"
"new-york-march-2020",40.7128,-74.006,"2020-03-01","2020-03-31","2020-03-14T17:00:00.000Z",10.4,36,0,4.52,-4.1,"2020-03-14T16:00:00.000Z","2020-03-14T17:00:00.000Z",true,"","complete",744,744,744,"Open-Meteo","ERA5 (requested)","era5",,"modeled_reanalysis",40.75,-74,32,"2026-09-11T00:26:47.065Z",,,"land","provider default elevation adjustment","instant meteorology; precipitation sum over preceding hour ending at time","reanalysis-adapter-v1","Weather data by Open-Meteo; ERA5 by Copernicus Climate Change Service (C3S) / ECMWF","https://open-meteo.com/en/docs/historical-weather-api","https://archive-api.open-meteo.com/v1/archive?latitude=40.7128&longitude=-74.006&start_date=2020-03-01&end_date=2020-03-31&models=era5&hourly=temperature_2m%2Crelative_humidity_2m%2Cprecipitation%2Cwind_speed_10m%2Cdew_point_2m&timezone=GMT&timeformat=unixtime&temperature_unit=celsius&wind_speed_unit=ms&precipitation_unit=mm&cell_selection=land"
"new-york-march-2020",40.7128,-74.006,"2020-03-01","2020-03-31","2020-03-14T18:00:00.000Z",10.9,35,0,3.72,-3.8,"2020-03-14T17:00:00.000Z","2020-03-14T18:00:00.000Z",true,"","complete",744,744,744,"Open-Meteo","ERA5 (requested)","era5",,"modeled_reanalysis",40.75,-74,32,"2026-09-11T00:26:47.065Z",,,"land","provider default elevation adjustment","instant meteorology; precipitation sum over preceding hour ending at time","reanalysis-adapter-v1","Weather data by Open-Meteo; ERA5 by Copernicus Climate Change Service (C3S) / ECMWF","https://open-meteo.com/en/docs/historical-weather-api","https://archive-api.open-meteo.com/v1/archive?latitude=40.7128&longitude=-74.006&start_date=2020-03-01&end_date=2020-03-31&models=era5&hourly=temperature_2m%2Crelative_humidity_2m%2Cprecipitation%2Cwind_speed_10m%2Cdew_point_2m&timezone=GMT&timeformat=unixtime&temperature_unit=celsius&wind_speed_unit=ms&precipitation_unit=mm&cell_selection=land"
"new-york-march-2020",40.7128,-74.006,"2020-03-01","2020-03-31","2020-03-14T19:00:00.000Z",11.1,36,0,4.16,-3.5,"2020-03-14T18:00:00.000Z","2020-03-14T19:00:00.000Z",true,"","complete",744,744,744,"Open-Meteo","ERA5 (requested)","era5",,"modeled_reanalysis",40.75,-74,32,"2026-09-11T00:26:47.065Z",,,"land","provider default elevation adjustment","instant meteorology; precipitation sum over preceding hour ending at time","reanalysis-adapter-v1","Weather data by Open-Meteo; ERA5 by Copernicus Climate Change Service (C3S) / ECMWF","https://open-meteo.com/en/docs/historical-weather-api","https://archive-api.open-meteo.com/v1/archive?latitude=40.7128&longitude=-74.006&start_date=2020-03-01&end_date=2020-03-31&models=era5&hourly=temperature_2m%2Crelative_humidity_2m%2Cprecipitation%2Cwind_speed_10m%2Cdew_point_2m&timezone=GMT&timeformat=unixtime&temperature_unit=celsius&wind_speed_unit=ms&precipitation_unit=mm&cell_selection=land"
"new-york-march-2020",40.7128,-74.006,"2020-03-01","2020-03-31","2020-03-14T20:00:00.000Z",11.7,34,0,4.05,-3.5,"2020-03-14T19:00:00.000Z","2020-03-14T20:00:00.000Z",true,"","complete",744,744,744,"Open-Meteo","ERA5 (requested)","era5",,"modeled_reanalysis",40.75,-74,32,"2026-09-11T00:26:47.065Z",,,"land","provider default elevation adjustment","instant meteorology; precipitation sum over preceding hour ending at time","reanalysis-adapter-v1","Weather data by Open-Meteo; ERA5 by Copernicus Climate Change Service (C3S) / ECMWF","https://open-meteo.com/en/docs/historical-weather-api","https://archive-api.open-meteo.com/v1/archive?latitude=40.7128&longitude=-74.006&start_date=2020-03-01&end_date=2020-03-31&models=era5&hourly=temperature_2m%2Crelative_humidity_2m%2Cprecipitation%2Cwind_speed_10m%2Cdew_point_2m&timezone=GMT&timeformat=unixtime&temperature_unit=celsius&wind_speed_unit=ms&precipitation_unit=mm&cell_selection=land"
"new-york-march-2020",40.7128,-74.006,"2020-03-01","2020-03-31","2020-03-14T21:00:00.000Z",11.7,35,0,3.78,-3.1,"2020-03-14T20:00:00.000Z","2020-03-14T21:00:00.000Z",true,"","complete",744,744,744,"Open-Meteo","ERA5 (requested)","era5",,"modeled_reanalysis",40.75,-74,32,"2026-09-11T00:26:47.065Z",,,"land","provider default elevation adjustment","instant meteorology; precipitation sum over preceding hour ending at time","reanalysis-adapter-v1","Weather data by Open-Meteo; ERA5 by Copernicus Climate Change Service (C3S) / ECMWF","https://open-meteo.com/en/docs/historical-weather-api","https://archive-api.open-meteo.com/v1/archive?latitude=40.7128&longitude=-74.006&start_date=2020-03-01&end_date=2020-03-31&models=era5&hourly=temperature_2m%2Crelative_humidity_2m%2Cprecipitation%2Cwind_speed_10m%2Cdew_point_2m&timezone=GMT&timeformat=unixtime&temperature_unit=celsius&wind_speed_unit=ms&precipitation_unit=mm&cell_selection=land"
"new-york-march-2020",40.7128,-74.006,"2020-03-01","2020-03-31","2020-03-14T22:00:00.000Z",10.8,39,0,2.69,-2.7,"2020-03-14T21:00:00.000Z","2020-03-14T22:00:00.000Z",true,"","complete",744,744,744,"Open-Meteo","ERA5 (requested)","era5",,"modeled_reanalysis",40.75,-74,32,"2026-09-11T00:26:47.065Z",,,"land","provider default elevation adjustment","instant meteorology; precipitation sum over preceding hour ending at time","reanalysis-adapter-v1","Weather data by Open-Meteo; ERA5 by Copernicus Climate Change Service (C3S) / ECMWF","https://open-meteo.com/en/docs/historical-weather-api","https://archive-api.open-meteo.com/v1/archive?latitude=40.7128&longitude=-74.006&start_date=2020-03-01&end_date=2020-03-31&models=era5&hourly=temperature_2m%2Crelative_humidity_2m%2Cprecipitation%2Cwind_speed_10m%2Cdew_point_2m&timezone=GMT&timeformat=unixtime&temperature_unit=celsius&wind_speed_unit=ms&precipitation_unit=mm&cell_selection=land"
"new-york-march-2020",40.7128,-74.006,"2020-03-01","2020-03-31","2020-03-14T23:00:00.000Z",10.4,40,0,1.77,-2.6,"2020-03-14T22:00:00.000Z","2020-03-14T23:00:00.000Z",true,"","complete",744,744,744,"Open-Meteo","ERA5 (requested)","era5",,"modeled_reanalysis",40.75,-74,32,"2026-09-11T00:26:47.065Z",,,"land","provider default elevation adjustment","instant meteorology; precipitation sum over preceding hour ending at time","reanalysis-adapter-v1","Weather data by Open-Meteo; ERA5 by Copernicus Climate Change Service (C3S) / ECMWF","https://open-meteo.com/en/docs/historical-weather-api","https://archive-api.open-meteo.com/v1/archive?latitude=40.7128&longitude=-74.006&start_date=2020-03-01&end_date=2020-03-31&models=era5&hourly=temperature_2m%2Crelative_humidity_2m%2Cprecipitation%2Cwind_speed_10m%2Cdew_point_2m&timezone=GMT&timeformat=unixtime&temperature_unit=celsius&wind_speed_unit=ms&precipitation_unit=mm&cell_selection=land"
"new-york-march-2020",40.7128,-74.006,"2020-03-01","2020-03-31","2020-03-15T00:00:00.000Z",10,42,0,2.33,-2.3,"2020-03-14T23:00:00.000Z","2020-03-15T00:00:00.000Z",true,"","complete",744,744,744,"Open-Meteo","ERA5 (requested)","era5",,"modeled_reanalysis",40.75,-74,32,"2026-09-11T00:26:47.065Z",,,"land","provider default elevation adjustment","instant meteorology; precipitation sum over preceding hour ending at time","reanalysis-adapter-v1","Weather data by Open-Meteo; ERA5 by Copernicus Climate Change Service (C3S) / ECMWF","https://open-meteo.com/en/docs/historical-weather-api","https://archive-api.open-meteo.com/v1/archive?latitude=40.7128&longitude=-74.006&start_date=2020-03-01&end_date=2020-03-31&models=era5&hourly=temperature_2m%2Crelative_humidity_2m%2Cprecipitation%2Cwind_speed_10m%2Cdew_point_2m&timezone=GMT&timeformat=unixtime&temperature_unit=celsius&wind_speed_unit=ms&precipitation_unit=mm&cell_selection=land"
"new-york-march-2020",40.7128,-74.006,"2020-03-01","2020-03-31","2020-03-15T01:00:00.000Z",9.7,42,0,2.82,-2.5,"2020-03-15T00:00:00.000Z","2020-03-15T01:00:00.000Z",true,"","complete",744,744,744,"Open-Meteo","ERA5 (requested)","era5",,"modeled_reanalysis",40.75,-74,32,"2026-09-11T00:26:47.065Z",,,"land","provider default elevation adjustment","instant meteorology; precipitation sum over preceding hour ending at time","reanalysis-adapter-v1","Weather data by Open-Meteo; ERA5 by Copernicus Climate Change Service (C3S) / ECMWF","https://open-meteo.com/en/docs/historical-weather-api","https://archive-api.open-meteo.com/v1/archive?latitude=40.7128&longitude=-74.006&start_date=2020-03-01&end_date=2020-03-31&models=era5&hourly=temperature_2m%2Crelative_humidity_2m%2Cprecipitation%2Cwind_speed_10m%2Cdew_point_2m&timezone=GMT&timeformat=unixtime&temperature_unit=celsius&wind_speed_unit=ms&precipitation_unit=mm&cell_selection=land"
"new-york-march-2020",40.7128,-74.006,"2020-03-01","2020-03-31","2020-03-15T02:00:00.000Z",9.1,44,0,2.82,-2.6,"2020-03-15T01:00:00.000Z","2020-03-15T02:00:00.000Z",true,"","complete",744,744,744,"Open-Meteo","ERA5 (requested)","era5",,"modeled_reanalysis",40.75,-74,32,"2026-09-11T00:26:47.065Z",,,"land","provider default elevation adjustment","instant meteorology; precipitation sum over preceding hour ending at time","reanalysis-adapter-v1","Weather data by Open-Meteo; ERA5 by Copernicus Climate Change Service (C3S) / ECMWF","https://open-meteo.com/en/docs/historical-weather-api","https://archive-api.open-meteo.com/v1/archive?latitude=40.7128&longitude=-74.006&start_date=2020-03-01&end_date=2020-03-31&models=era5&hourly=temperature_2m%2Crelative_humidity_2m%2Cprecipitation%2Cwind_speed_10m%2Cdew_point_2m&timezone=GMT&timeformat=unixtime&temperature_unit=celsius&wind_speed_unit=ms&precipitation_unit=mm&cell_selection=land"
"new-york-march-2020",40.7128,-74.006,"2020-03-01","2020-03-31","2020-03-15T03:00:00.000Z",8.2,49,0,3.13,-1.9,"2020-03-15T02:00:00.000Z","2020-03-15T03:00:00.000Z",true,"","complete",744,744,744,"Open-Meteo","ERA5 (requested)","era5",,"modeled_reanalysis",40.75,-74,32,"2026-09-11T00:26:47.065Z",,,"land","provider default elevation adjustment","instant meteorology; precipitation sum over preceding hour ending at time","reanalysis-adapter-v1","Weather data by Open-Meteo; ERA5 by Copernicus Climate Change Service (C3S) / ECMWF","https://open-meteo.com/en/docs/historical-weather-api","https://archive-api.open-meteo.com/v1/archive?latitude=40.7128&longitude=-74.006&start_date=2020-03-01&end_date=2020-03-31&models=era5&hourly=temperature_2m%2Crelative_humidity_2m%2Cprecipitation%2Cwind_speed_10m%2Cdew_point_2m&timezone=GMT&timeformat=unixtime&temperature_unit=celsius&wind_speed_unit=ms&precipitation_unit=mm&cell_selection=land"
"new-york-march-2020",40.7128,-74.006,"2020-03-01","2020-03-31","2020-03-15T04:00:00.000Z",8,50,0,2.5,-1.8,"2020-03-15T03:00:00.000Z","2020-03-15T04:00:00.000Z",true,"","complete",744,744,744,"Open-Meteo","ERA5 (requested)","era5",,"modeled_reanalysis",40.75,-74,32,"2026-09-11T00:26:47.065Z",,,"land","provider default elevation adjustment","instant meteorology; precipitation sum over preceding hour ending at time","reanalysis-adapter-v1","Weather data by Open-Meteo; ERA5 by Copernicus Climate Change Service (C3S) / ECMWF","https://open-meteo.com/en/docs/historical-weather-api","https://archive-api.open-meteo.com/v1/archive?latitude=40.7128&longitude=-74.006&start_date=2020-03-01&end_date=2020-03-31&models=era5&hourly=temperature_2m%2Crelative_humidity_2m%2Cprecipitation%2Cwind_speed_10m%2Cdew_point_2m&timezone=GMT&timeformat=unixtime&temperature_unit=celsius&wind_speed_unit=ms&precipitation_unit=mm&cell_selection=land"
"new-york-march-2020",40.7128,-74.006,"2020-03-01","2020-03-31","2020-03-15T05:00:00.000Z",7.5,53,0.1,2.66,-1.4,"2020-03-15T04:00:00.000Z","2020-03-15T05:00:00.000Z",true,"","complete",744,744,744,"Open-Meteo","ERA5 (requested)","era5",,"modeled_reanalysis",40.75,-74,32,"2026-09-11T00:26:47.065Z",,,"land","provider default elevation adjustment","instant meteorology; precipitation sum over preceding hour ending at time","reanalysis-adapter-v1","Weather data by Open-Meteo; ERA5 by Copernicus Climate Change Service (C3S) / ECMWF","https://open-meteo.com/en/docs/historical-weather-api","https://archive-api.open-meteo.com/v1/archive?latitude=40.7128&longitude=-74.006&start_date=2020-03-01&end_date=2020-03-31&models=era5&hourly=temperature_2m%2Crelative_humidity_2m%2Cprecipitation%2Cwind_speed_10m%2Cdew_point_2m&timezone=GMT&timeformat=unixtime&temperature_unit=celsius&wind_speed_unit=ms&precipitation_unit=mm&cell_selection=land"
"new-york-march-2020",40.7128,-74.006,"2020-03-01","2020-03-31","2020-03-15T06:00:00.000Z",6.9,53,0.1,2.28,-2,"2020-03-15T05:00:00.000Z","2020-03-15T06:00:00.000Z",true,"","complete",744,744,744,"Open-Meteo","ERA5 (requested)","era5",,"modeled_reanalysis",40.75,-74,32,"2026-09-11T00:26:47.065Z",,,"land","provider default elevation adjustment","instant meteorology; precipitation sum over preceding hour ending at time","reanalysis-adapter-v1","Weather data by Open-Meteo; ERA5 by Copernicus Climate Change Service (C3S) / ECMWF","https://open-meteo.com/en/docs/historical-weather-api","https://archive-api.open-meteo.com/v1/archive?latitude=40.7128&longitude=-74.006&start_date=2020-03-01&end_date=2020-03-31&models=era5&hourly=temperature_2m%2Crelative_humidity_2m%2Cprecipitation%2Cwind_speed_10m%2Cdew_point_2m&timezone=GMT&timeformat=unixtime&temperature_unit=celsius&wind_speed_unit=ms&precipitation_unit=mm&cell_selection=land"
"new-york-march-2020",40.7128,-74.006,"2020-03-01","2020-03-31","2020-03-15T07:00:00.000Z",6.5,52,0,2.21,-2.6,"2020-03-15T06:00:00.000Z","2020-03-15T07:00:00.000Z",true,"","complete",744,744,744,"Open-Meteo","ERA5 (requested)","era5",,"modeled_reanalysis",40.75,-74,32,"2026-09-11T00:26:47.065Z",,,"land","provider default elevation adjustment","instant meteorology; precipitation sum over preceding hour ending at time","reanalysis-adapter-v1","Weather data by Open-Meteo; ERA5 by Copernicus Climate Change Service (C3S) / ECMWF","https://open-meteo.com/en/docs/historical-weather-api","https://archive-api.open-meteo.com/v1/archive?latitude=40.7128&longitude=-74.006&start_date=2020-03-01&end_date=2020-03-31&models=era5&hourly=temperature_2m%2Crelative_humidity_2m%2Cprecipitation%2Cwind_speed_10m%2Cdew_point_2m&timezone=GMT&timeformat=unixtime&temperature_unit=celsius&wind_speed_unit=ms&precipitation_unit=mm&cell_selection=land"
"new-york-march-2020",40.7128,-74.006,"2020-03-01","2020-03-31","2020-03-15T08:00:00.000Z",6.2,54,0,2.1,-2.5,"2020-03-15T07:00:00.000Z","2020-03-15T08:00:00.000Z",true,"","complete",744,744,744,"Open-Meteo","ERA5 (requested)","era5",,"modeled_reanalysis",40.75,-74,32,"2026-09-11T00:26:47.065Z",,,"land","provider default elevation adjustment","instant meteorology; precipitation sum over preceding hour ending at time","reanalysis-adapter-v1","Weather data by Open-Meteo; ERA5 by Copernicus Climate Change Service (C3S) / ECMWF","https://open-meteo.com/en/docs/historical-weather-api","https://archive-api.open-meteo.com/v1/archive?latitude=40.7128&longitude=-74.006&start_date=2020-03-01&end_date=2020-03-31&models=era5&hourly=temperature_2m%2Crelative_humidity_2m%2Cprecipitation%2Cwind_speed_10m%2Cdew_point_2m&timezone=GMT&timeformat=unixtime&temperature_unit=celsius&wind_speed_unit=ms&precipitation_unit=mm&cell_selection=land"
"new-york-march-2020",40.7128,-74.006,"2020-03-01","2020-03-31","2020-03-15T09:00:00.000Z",5.9,55,0,1.9,-2.4,"2020-03-15T08:00:00.000Z","2020-03-15T09:00:00.000Z",true,"","complete",744,744,744,"Open-Meteo","ERA5 (requested)","era5",,"modeled_reanalysis",40.75,-74,32,"2026-09-11T00:26:47.065Z",,,"land","provider default elevation adjustment","instant meteorology; precipitation sum over preceding hour ending at time","reanalysis-adapter-v1","Weather data by Open-Meteo; ERA5 by Copernicus Climate Change Service (C3S) / ECMWF","https://open-meteo.com/en/docs/historical-weather-api","https://archive-api.open-meteo.com/v1/archive?latitude=40.7128&longitude=-74.006&start_date=2020-03-01&end_date=2020-03-31&models=era5&hourly=temperature_2m%2Crelative_humidity_2m%2Cprecipitation%2Cwind_speed_10m%2Cdew_point_2m&timezone=GMT&timeformat=unixtime&temperature_unit=celsius&wind_speed_unit=ms&precipitation_unit=mm&cell_selection=land"
"new-york-march-2020",40.7128,-74.006,"2020-03-01","2020-03-31","2020-03-15T10:00:00.000Z",5.9,58,0,1.7,-1.8,"2020-03-15T09:00:00.000Z","2020-03-15T10:00:00.000Z",true,"","complete",744,744,744,"Open-Meteo","ERA5 (requested)","era5",,"modeled_reanalysis",40.75,-74,32,"2026-09-11T00:26:47.065Z",,,"land","provider default elevation adjustment","instant meteorology; precipitation sum over preceding hour ending at time","reanalysis-adapter-v1","Weather data by Open-Meteo; ERA5 by Copernicus Climate Change Service (C3S) / ECMWF","https://open-meteo.com/en/docs/historical-weather-api","https://archive-api.open-meteo.com/v1/archive?latitude=40.7128&longitude=-74.006&start_date=2020-03-01&end_date=2020-03-31&models=era5&hourly=temperature_2m%2Crelative_humidity_2m%2Cprecipitation%2Cwind_speed_10m%2Cdew_point_2m&timezone=GMT&timeformat=unixtime&temperature_unit=celsius&wind_speed_unit=ms&precipitation_unit=mm&cell_selection=land"
"new-york-march-2020",40.7128,-74.006,"2020-03-01","2020-03-31","2020-03-15T11:00:00.000Z",5.7,59,0,1.71,-1.8,"2020-03-15T10:00:00.000Z","2020-03-15T11:00:00.000Z",true,"","complete",744,744,744,"Open-Meteo","ERA5 (requested)","era5",,"modeled_reanalysis",40.75,-74,32,"2026-09-11T00:26:47.065Z",,,"land","provider default elevation adjustment","instant meteorology; precipitation sum over preceding hour ending at time","reanalysis-adapter-v1","Weather data by Open-Meteo; ERA5 by Copernicus Climate Change Service (C3S) / ECMWF","https://open-meteo.com/en/docs/historical-weather-api","https://archive-api.open-meteo.com/v1/archive?latitude=40.7128&longitude=-74.006&start_date=2020-03-01&end_date=2020-03-31&models=era5&hourly=temperature_2m%2Crelative_humidity_2m%2Cprecipitation%2Cwind_speed_10m%2Cdew_point_2m&timezone=GMT&timeformat=unixtime&temperature_unit=celsius&wind_speed_unit=ms&precipitation_unit=mm&cell_selection=land"
"new-york-march-2020",40.7128,-74.006,"2020-03-01","2020-03-31","2020-03-15T12:00:00.000Z",5.6,59,0,2.2,-1.8,"2020-03-15T11:00:00.000Z","2020-03-15T12:00:00.000Z",true,"","complete",744,744,744,"Open-Meteo","ERA5 (requested)","era5",,"modeled_reanalysis",40.75,-74,32,"2026-09-11T00:26:47.065Z",,,"land","provider default elevation adjustment","instant meteorology; precipitation sum over preceding hour ending at time","reanalysis-adapter-v1","Weather data by Open-Meteo; ERA5 by Copernicus Climate Change Service (C3S) / ECMWF","https://open-meteo.com/en/docs/historical-weather-api","https://archive-api.open-meteo.com/v1/archive?latitude=40.7128&longitude=-74.006&start_date=2020-03-01&end_date=2020-03-31&models=era5&hourly=temperature_2m%2Crelative_humidity_2m%2Cprecipitation%2Cwind_speed_10m%2Cdew_point_2m&timezone=GMT&timeformat=unixtime&temperature_unit=celsius&wind_speed_unit=ms&precipitation_unit=mm&cell_selection=land"
"new-york-march-2020",40.7128,-74.006,"2020-03-01","2020-03-31","2020-03-15T13:00:00.000Z",5.9,56,0,2.98,-2.2,"2020-03-15T12:00:00.000Z","2020-03-15T13:00:00.000Z",true,"","complete",744,744,744,"Open-Meteo","ERA5 (requested)","era5",,"modeled_reanalysis",40.75,-74,32,"2026-09-11T00:26:47.065Z",,,"land","provider default elevation adjustment","instant meteorology; precipitation sum over preceding hour ending at time","reanalysis-adapter-v1","Weather data by Open-Meteo; ERA5 by Copernicus Climate Change Service (C3S) / ECMWF","https://open-meteo.com/en/docs/historical-weather-api","https://archive-api.open-meteo.com/v1/archive?latitude=40.7128&longitude=-74.006&start_date=2020-03-01&end_date=2020-03-31&models=era5&hourly=temperature_2m%2Crelative_humidity_2m%2Cprecipitation%2Cwind_speed_10m%2Cdew_point_2m&timezone=GMT&timeformat=unixtime&temperature_unit=celsius&wind_speed_unit=ms&precipitation_unit=mm&cell_selection=land"
"new-york-march-2020",40.7128,-74.006,"2020-03-01","2020-03-31","2020-03-15T14:00:00.000Z",6.3,53,0,3.59,-2.5,"2020-03-15T13:00:00.000Z","2020-03-15T14:00:00.000Z",true,"","complete",744,744,744,"Open-Meteo","ERA5 (requested)","era5",,"modeled_reanalysis",40.75,-74,32,"2026-09-11T00:26:47.065Z",,,"land","provider default elevation adjustment","instant meteorology; precipitation sum over preceding hour ending at time","reanalysis-adapter-v1","Weather data by Open-Meteo; ERA5 by Copernicus Climate Change Service (C3S) / ECMWF","https://open-meteo.com/en/docs/historical-weather-api","https://archive-api.open-meteo.com/v1/archive?latitude=40.7128&longitude=-74.006&start_date=2020-03-01&end_date=2020-03-31&models=era5&hourly=temperature_2m%2Crelative_humidity_2m%2Cprecipitation%2Cwind_speed_10m%2Cdew_point_2m&timezone=GMT&timeformat=unixtime&temperature_unit=celsius&wind_speed_unit=ms&precipitation_unit=mm&cell_selection=land"
"new-york-march-2020",40.7128,-74.006,"2020-03-01","2020-03-31","2020-03-15T15:00:00.000Z",7.8,45,0,3.24,-3.3,"2020-03-15T14:00:00.000Z","2020-03-15T15:00:00.000Z",true,"","complete",744,744,744,"Open-Meteo","ERA5 (requested)","era5",,"modeled_reanalysis",40.75,-74,32,"2026-09-11T00:26:47.065Z",,,"land","provider default elevation adjustment","instant meteorology; precipitation sum over preceding hour ending at time","reanalysis-adapter-v1","Weather data by Open-Meteo; ERA5 by Copernicus Climate Change Service (C3S) / ECMWF","https://open-meteo.com/en/docs/historical-weather-api","https://archive-api.open-meteo.com/v1/archive?latitude=40.7128&longitude=-74.006&start_date=2020-03-01&end_date=2020-03-31&models=era5&hourly=temperature_2m%2Crelative_humidity_2m%2Cprecipitation%2Cwind_speed_10m%2Cdew_point_2m&timezone=GMT&timeformat=unixtime&temperature_unit=celsius&wind_speed_unit=ms&precipitation_unit=mm&cell_selection=land"
"new-york-march-2020",40.7128,-74.006,"2020-03-01","2020-03-31","2020-03-15T16:00:00.000Z",8.5,42,0,2.81,-3.7,"2020-03-15T15:00:00.000Z","2020-03-15T16:00:00.000Z",true,"","complete",744,744,744,"Open-Meteo","ERA5 (requested)","era5",,"modeled_reanalysis",40.75,-74,32,"2026-09-11T00:26:47.065Z",,,"land","provider default elevation adjustment","instant meteorology; precipitation sum over preceding hour ending at time","reanalysis-adapter-v1","Weather data by Open-Meteo; ERA5 by Copernicus Climate Change Service (C3S) / ECMWF","https://open-meteo.com/en/docs/historical-weather-api","https://archive-api.open-meteo.com/v1/archive?latitude=40.7128&longitude=-74.006&start_date=2020-03-01&end_date=2020-03-31&models=era5&hourly=temperature_2m%2Crelative_humidity_2m%2Cprecipitation%2Cwind_speed_10m%2Cdew_point_2m&timezone=GMT&timeformat=unixtime&temperature_unit=celsius&wind_speed_unit=ms&precipitation_unit=mm&cell_selection=land"
"new-york-march-2020",40.7128,-74.006,"2020-03-01","2020-03-31","2020-03-15T17:00:00.000Z",9.3,38,0,2.5,-4.3,"2020-03-15T16:00:00.000Z","2020-03-15T17:00:00.000Z",true,"","complete",744,744,744,"Open-Meteo","ERA5 (requested)","era5",,"modeled_reanalysis",40.75,-74,32,"2026-09-11T00:26:47.065Z",,,"land","provider default elevation adjustment","instant meteorology; precipitation sum over preceding hour ending at time","reanalysis-adapter-v1","Weather data by Open-Meteo; ERA5 by Copernicus Climate Change Service (C3S) / ECMWF","https://open-meteo.com/en/docs/historical-weather-api","https://archive-api.open-meteo.com/v1/archive?latitude=40.7128&longitude=-74.006&start_date=2020-03-01&end_date=2020-03-31&models=era5&hourly=temperature_2m%2Crelative_humidity_2m%2Cprecipitation%2Cwind_speed_10m%2Cdew_point_2m&timezone=GMT&timeformat=unixtime&temperature_unit=celsius&wind_speed_unit=ms&precipitation_unit=mm&cell_selection=land"
"new-york-march-2020",40.7128,-74.006,"2020-03-01","2020-03-31","2020-03-15T18:00:00.000Z",9.8,35,0,2.42,-4.9,"2020-03-15T17:00:00.000Z","2020-03-15T18:00:00.000Z",true,"","complete",744,744,744,"Open-Meteo","ERA5 (requested)","era5",,"modeled_reanalysis",40.75,-74,32,"2026-09-11T00:26:47.065Z",,,"land","provider default elevation adjustment","instant meteorology; precipitation sum over preceding hour ending at time","reanalysis-adapter-v1","Weather data by Open-Meteo; ERA5 by Copernicus Climate Change Service (C3S) / ECMWF","https://open-meteo.com/en/docs/historical-weather-api","https://archive-api.open-meteo.com/v1/archive?latitude=40.7128&longitude=-74.006&start_date=2020-03-01&end_date=2020-03-31&models=era5&hourly=temperature_2m%2Crelative_humidity_2m%2Cprecipitation%2Cwind_speed_10m%2Cdew_point_2m&timezone=GMT&timeformat=unixtime&temperature_unit=celsius&wind_speed_unit=ms&precipitation_unit=mm&cell_selection=land"
"new-york-march-2020",40.7128,-74.006,"2020-03-01","2020-03-31","2020-03-15T19:00:00.000Z",10.3,34,0,2.43,-4.9,"2020-03-15T18:00:00.000Z","2020-03-15T19:00:00.000Z",true,"","complete",744,744,744,"Open-Meteo","ERA5 (requested)","era5",,"modeled_reanalysis",40.75,-74,32,"2026-09-11T00:26:47.065Z",,,"land","provider default elevation adjustment","instant meteorology; precipitation sum over preceding hour ending at time","reanalysis-adapter-v1","Weather data by Open-Meteo; ERA5 by Copernicus Climate Change Service (C3S) / ECMWF","https://open-meteo.com/en/docs/historical-weather-api","https://archive-api.open-meteo.com/v1/archive?latitude=40.7128&longitude=-74.006&start_date=2020-03-01&end_date=2020-03-31&models=era5&hourly=temperature_2m%2Crelative_humidity_2m%2Cprecipitation%2Cwind_speed_10m%2Cdew_point_2m&timezone=GMT&timeformat=unixtime&temperature_unit=celsius&wind_speed_unit=ms&precipitation_unit=mm&cell_selection=land"
"new-york-march-2020",40.7128,-74.006,"2020-03-01","2020-03-31","2020-03-15T20:00:00.000Z",11,32,0,2.81,-5,"2020-03-15T19:00:00.000Z","2020-03-15T20:00:00.000Z",true,"","complete",744,744,744,"Open-Meteo","ERA5 (requested)","era5",,"modeled_reanalysis",40.75,-74,32,"2026-09-11T00:26:47.065Z",,,"land","provider default elevation adjustment","instant meteorology; precipitation sum over preceding hour ending at time","reanalysis-adapter-v1","Weather data by Open-Meteo; ERA5 by Copernicus Climate Change Service (C3S) / ECMWF","https://open-meteo.com/en/docs/historical-weather-api","https://archive-api.open-meteo.com/v1/archive?latitude=40.7128&longitude=-74.006&start_date=2020-03-01&end_date=2020-03-31&models=era5&hourly=temperature_2m%2Crelative_humidity_2m%2Cprecipitation%2Cwind_speed_10m%2Cdew_point_2m&timezone=GMT&timeformat=unixtime&temperature_unit=celsius&wind_speed_unit=ms&precipitation_unit=mm&cell_selection=land"
"new-york-march-2020",40.7128,-74.006,"2020-03-01","2020-03-31","2020-03-15T21:00:00.000Z",11.4,31,0,3,-5.2,"2020-03-15T20:00:00.000Z","2020-03-15T21:00:00.000Z",true,"","complete",744,744,744,"Open-Meteo","ERA5 (requested)","era5",,"modeled_reanalysis",40.75,-74,32,"2026-09-11T00:26:47.065Z",,,"land","provider default elevation adjustment","instant meteorology; precipitation sum over preceding hour ending at time","reanalysis-adapter-v1","Weather data by Open-Meteo; ERA5 by Copernicus Climate Change Service (C3S) / ECMWF","https://open-meteo.com/en/docs/historical-weather-api","https://archive-api.open-meteo.com/v1/archive?latitude=40.7128&longitude=-74.006&start_date=2020-03-01&end_date=2020-03-31&models=era5&hourly=temperature_2m%2Crelative_humidity_2m%2Cprecipitation%2Cwind_speed_10m%2Cdew_point_2m&timezone=GMT&timeformat=unixtime&temperature_unit=celsius&wind_speed_unit=ms&precipitation_unit=mm&cell_selection=land"
"new-york-march-2020",40.7128,-74.006,"2020-03-01","2020-03-31","2020-03-15T22:00:00.000Z",10.4,33,0,1.7,-5,"2020-03-15T21:00:00.000Z","2020-03-15T22:00:00.000Z",true,"","complete",744,744,744,"Open-Meteo","ERA5 (requested)","era5",,"modeled_reanalysis",40.75,-74,32,"2026-09-11T00:26:47.065Z",,,"land","provider default elevation adjustment","instant meteorology; precipitation sum over preceding hour ending at time","reanalysis-adapter-v1","Weather data by Open-Meteo; ERA5 by Copernicus Climate Change Service (C3S) / ECMWF","https://open-meteo.com/en/docs/historical-weather-api","https://archive-api.open-meteo.com/v1/archive?latitude=40.7128&longitude=-74.006&start_date=2020-03-01&end_date=2020-03-31&models=era5&hourly=temperature_2m%2Crelative_humidity_2m%2Cprecipitation%2Cwind_speed_10m%2Cdew_point_2m&timezone=GMT&timeformat=unixtime&temperature_unit=celsius&wind_speed_unit=ms&precipitation_unit=mm&cell_selection=land"
"new-york-march-2020",40.7128,-74.006,"2020-03-01","2020-03-31","2020-03-15T23:00:00.000Z",9.9,37,0,1.89,-4.2,"2020-03-15T22:00:00.000Z","2020-03-15T23:00:00.000Z",true,"","complete",744,744,744,"Open-Meteo","ERA5 (requested)","era5",,"modeled_reanalysis",40.75,-74,32,"2026-09-11T00:26:47.065Z",,,"land","provider default elevation adjustment","instant meteorology; precipitation sum over preceding hour ending at time","reanalysis-adapter-v1","Weather data by Open-Meteo; ERA5 by Copernicus Climate Change Service (C3S) / ECMWF","https://open-meteo.com/en/docs/historical-weather-api","https://archive-api.open-meteo.com/v1/archive?latitude=40.7128&longitude=-74.006&start_date=2020-03-01&end_date=2020-03-31&models=era5&hourly=temperature_2m%2Crelative_humidity_2m%2Cprecipitation%2Cwind_speed_10m%2Cdew_point_2m&timezone=GMT&timeformat=unixtime&temperature_unit=celsius&wind_speed_unit=ms&precipitation_unit=mm&cell_selection=land"
"new-york-march-2020",40.7128,-74.006,"2020-03-01","2020-03-31","2020-03-16T00:00:00.000Z",8.7,43,0,1.93,-3.1,"2020-03-15T23:00:00.000Z","2020-03-16T00:00:00.000Z",true,"","complete",744,744,744,"Open-Meteo","ERA5 (requested)","era5",,"modeled_reanalysis",40.75,-74,32,"2026-09-11T00:26:47.065Z",,,"land","provider default elevation adjustment","instant meteorology; precipitation sum over preceding hour ending at time","reanalysis-adapter-v1","Weather data by Open-Meteo; ERA5 by Copernicus Climate Change Service (C3S) / ECMWF","https://open-meteo.com/en/docs/historical-weather-api","https://archive-api.open-meteo.com/v1/archive?latitude=40.7128&longitude=-74.006&start_date=2020-03-01&end_date=2020-03-31&models=era5&hourly=temperature_2m%2Crelative_humidity_2m%2Cprecipitation%2Cwind_speed_10m%2Cdew_point_2m&timezone=GMT&timeformat=unixtime&temperature_unit=celsius&wind_speed_unit=ms&precipitation_unit=mm&cell_selection=land"
"new-york-march-2020",40.7128,-74.006,"2020-03-01","2020-03-31","2020-03-16T01:00:00.000Z",7.5,47,0,1.86,-3,"2020-03-16T00:00:00.000Z","2020-03-16T01:00:00.000Z",true,"","complete",744,744,744,"Open-Meteo","ERA5 (requested)","era5",,"modeled_reanalysis",40.75,-74,32,"2026-09-11T00:26:47.065Z",,,"land","provider default elevation adjustment","instant meteorology; precipitation sum over preceding hour ending at time","reanalysis-adapter-v1","Weather data by Open-Meteo; ERA5 by Copernicus Climate Change Service (C3S) / ECMWF","https://open-meteo.com/en/docs/historical-weather-api","https://archive-api.open-meteo.com/v1/archive?latitude=40.7128&longitude=-74.006&start_date=2020-03-01&end_date=2020-03-31&models=era5&hourly=temperature_2m%2Crelative_humidity_2m%2Cprecipitation%2Cwind_speed_10m%2Cdew_point_2m&timezone=GMT&timeformat=unixtime&temperature_unit=celsius&wind_speed_unit=ms&precipitation_unit=mm&cell_selection=land"
"new-york-march-2020",40.7128,-74.006,"2020-03-01","2020-03-31","2020-03-16T02:00:00.000Z",6.9,48,0,2.14,-3.3,"2020-03-16T01:00:00.000Z","2020-03-16T02:00:00.000Z",true,"","complete",744,744,744,"Open-Meteo","ERA5 (requested)","era5",,"modeled_reanalysis",40.75,-74,32,"2026-09-11T00:26:47.065Z",,,"land","provider default elevation adjustment","instant meteorology; precipitation sum over preceding hour ending at time","reanalysis-adapter-v1","Weather data by Open-Meteo; ERA5 by Copernicus Climate Change Service (C3S) / ECMWF","https://open-meteo.com/en/docs/historical-weather-api","https://archive-api.open-meteo.com/v1/archive?latitude=40.7128&longitude=-74.006&start_date=2020-03-01&end_date=2020-03-31&models=era5&hourly=temperature_2m%2Crelative_humidity_2m%2Cprecipitation%2Cwind_speed_10m%2Cdew_point_2m&timezone=GMT&timeformat=unixtime&temperature_unit=celsius&wind_speed_unit=ms&precipitation_unit=mm&cell_selection=land"
"new-york-march-2020",40.7128,-74.006,"2020-03-01","2020-03-31","2020-03-16T03:00:00.000Z",5.3,52,0,2.33,-3.8,"2020-03-16T02:00:00.000Z","2020-03-16T03:00:00.000Z",true,"","complete",744,744,744,"Open-Meteo","ERA5 (requested)","era5",,"modeled_reanalysis",40.75,-74,32,"2026-09-11T00:26:47.065Z",,,"land","provider default elevation adjustment","instant meteorology; precipitation sum over preceding hour ending at time","reanalysis-adapter-v1","Weather data by Open-Meteo; ERA5 by Copernicus Climate Change Service (C3S) / ECMWF","https://open-meteo.com/en/docs/historical-weather-api","https://archive-api.open-meteo.com/v1/archive?latitude=40.7128&longitude=-74.006&start_date=2020-03-01&end_date=2020-03-31&models=era5&hourly=temperature_2m%2Crelative_humidity_2m%2Cprecipitation%2Cwind_speed_10m%2Cdew_point_2m&timezone=GMT&timeformat=unixtime&temperature_unit=celsius&wind_speed_unit=ms&precipitation_unit=mm&cell_selection=land"
"new-york-march-2020",40.7128,-74.006,"2020-03-01","2020-03-31","2020-03-16T04:00:00.000Z",4.7,53,0,3.14,-4.1,"2020-03-16T03:00:00.000Z","2020-03-16T04:00:00.000Z",true,"","complete",744,744,744,"Open-Meteo","ERA5 (requested)","era5",,"modeled_reanalysis",40.75,-74,32,"2026-09-11T00:26:47.065Z",,,"land","provider default elevation adjustment","instant meteorology; precipitation sum over preceding hour ending at time","reanalysis-adapter-v1","Weather data by Open-Meteo; ERA5 by Copernicus Climate Change Service (C3S) / ECMWF","https://open-meteo.com/en/docs/historical-weather-api","https://archive-api.open-meteo.com/v1/archive?latitude=40.7128&longitude=-74.006&start_date=2020-03-01&end_date=2020-03-31&models=era5&hourly=temperature_2m%2Crelative_humidity_2m%2Cprecipitation%2Cwind_speed_10m%2Cdew_point_2m&timezone=GMT&timeformat=unixtime&temperature_unit=celsius&wind_speed_unit=ms&precipitation_unit=mm&cell_selection=land"
"new-york-march-2020",40.7128,-74.006,"2020-03-01","2020-03-31","2020-03-16T05:00:00.000Z",3.7,50,0,3.85,-5.9,"2020-03-16T04:00:00.000Z","2020-03-16T05:00:00.000Z",true,"","complete",744,744,744,"Open-Meteo","ERA5 (requested)","era5",,"modeled_reanalysis",40.75,-74,32,"2026-09-11T00:26:47.065Z",,,"land","provider default elevation adjustment","instant meteorology; precipitation sum over preceding hour ending at time","reanalysis-adapter-v1","Weather data by Open-Meteo; ERA5 by Copernicus Climate Change Service (C3S) / ECMWF","https://open-meteo.com/en/docs/historical-weather-api","https://archive-api.open-meteo.com/v1/archive?latitude=40.7128&longitude=-74.006&start_date=2020-03-01&end_date=2020-03-31&models=era5&hourly=temperature_2m%2Crelative_humidity_2m%2Cprecipitation%2Cwind_speed_10m%2Cdew_point_2m&timezone=GMT&timeformat=unixtime&temperature_unit=celsius&wind_speed_unit=ms&precipitation_unit=mm&cell_selection=land"
"new-york-march-2020",40.7128,-74.006,"2020-03-01","2020-03-31","2020-03-16T06:00:00.000Z",3.6,49,0,4.48,-6.2,"2020-03-16T05:00:00.000Z","2020-03-16T06:00:00.000Z",true,"","complete",744,744,744,"Open-Meteo","ERA5 (requested)","era5",,"modeled_reanalysis",40.75,-74,32,"2026-09-11T00:26:47.065Z",,,"land","provider default elevation adjustment","instant meteorology; precipitation sum over preceding hour ending at time","reanalysis-adapter-v1","Weather data by Open-Meteo; ERA5 by Copernicus Climate Change Service (C3S) / ECMWF","https://open-meteo.com/en/docs/historical-weather-api","https://archive-api.open-meteo.com/v1/archive?latitude=40.7128&longitude=-74.006&start_date=2020-03-01&end_date=2020-03-31&models=era5&hourly=temperature_2m%2Crelative_humidity_2m%2Cprecipitation%2Cwind_speed_10m%2Cdew_point_2m&timezone=GMT&timeformat=unixtime&temperature_unit=celsius&wind_speed_unit=ms&precipitation_unit=mm&cell_selection=land"
"new-york-march-2020",40.7128,-74.006,"2020-03-01","2020-03-31","2020-03-16T07:00:00.000Z",2.6,51,0,4.36,-6.6,"2020-03-16T06:00:00.000Z","2020-03-16T07:00:00.000Z",true,"","complete",744,744,744,"Open-Meteo","ERA5 (requested)","era5",,"modeled_reanalysis",40.75,-74,32,"2026-09-11T00:26:47.065Z",,,"land","provider default elevation adjustment","instant meteorology; precipitation sum over preceding hour ending at time","reanalysis-adapter-v1","Weather data by Open-Meteo; ERA5 by Copernicus Climate Change Service (C3S) / ECMWF","https://open-meteo.com/en/docs/historical-weather-api","https://archive-api.open-meteo.com/v1/archive?latitude=40.7128&longitude=-74.006&start_date=2020-03-01&end_date=2020-03-31&models=era5&hourly=temperature_2m%2Crelative_humidity_2m%2Cprecipitation%2Cwind_speed_10m%2Cdew_point_2m&timezone=GMT&timeformat=unixtime&temperature_unit=celsius&wind_speed_unit=ms&precipitation_unit=mm&cell_selection=land"
"new-york-march-2020",40.7128,-74.006,"2020-03-01","2020-03-31","2020-03-16T08:00:00.000Z",1.8,52,0,4.16,-6.9,"2020-03-16T07:00:00.000Z","2020-03-16T08:00:00.000Z",true,"","complete",744,744,744,"Open-Meteo","ERA5 (requested)","era5",,"modeled_reanalysis",40.75,-74,32,"2026-09-11T00:26:47.065Z",,,"land","provider default elevation adjustment","instant meteorology; precipitation sum over preceding hour ending at time","reanalysis-adapter-v1","Weather data by Open-Meteo; ERA5 by Copernicus Climate Change Service (C3S) / ECMWF","https://open-meteo.com/en/docs/historical-weather-api","https://archive-api.open-meteo.com/v1/archive?latitude=40.7128&longitude=-74.006&start_date=2020-03-01&end_date=2020-03-31&models=era5&hourly=temperature_2m%2Crelative_humidity_2m%2Cprecipitation%2Cwind_speed_10m%2Cdew_point_2m&timezone=GMT&timeformat=unixtime&temperature_unit=celsius&wind_speed_unit=ms&precipitation_unit=mm&cell_selection=land"
"new-york-march-2020",40.7128,-74.006,"2020-03-01","2020-03-31","2020-03-16T09:00:00.000Z",1.1,54,0,3.97,-7.1,"2020-03-16T08:00:00.000Z","2020-03-16T09:00:00.000Z",true,"","complete",744,744,744,"Open-Meteo","ERA5 (requested)","era5",,"modeled_reanalysis",40.75,-74,32,"2026-09-11T00:26:47.065Z",,,"land","provider default elevation adjustment","instant meteorology; precipitation sum over preceding hour ending at time","reanalysis-adapter-v1","Weather data by Open-Meteo; ERA5 by Copernicus Climate Change Service (C3S) / ECMWF","https://open-meteo.com/en/docs/historical-weather-api","https://archive-api.open-meteo.com/v1/archive?latitude=40.7128&longitude=-74.006&start_date=2020-03-01&end_date=2020-03-31&models=era5&hourly=temperature_2m%2Crelative_humidity_2m%2Cprecipitation%2Cwind_speed_10m%2Cdew_point_2m&timezone=GMT&timeformat=unixtime&temperature_unit=celsius&wind_speed_unit=ms&precipitation_unit=mm&cell_selection=land"
"new-york-march-2020",40.7128,-74.006,"2020-03-01","2020-03-31","2020-03-16T10:00:00.000Z",0.2,58,0,3.85,-7.2,"2020-03-16T09:00:00.000Z","2020-03-16T10:00:00.000Z",true,"","complete",744,744,744,"Open-Meteo","ERA5 (requested)","era5",,"modeled_reanalysis",40.75,-74,32,"2026-09-11T00:26:47.065Z",,,"land","provider default elevation adjustment","instant meteorology; precipitation sum over preceding hour ending at time","reanalysis-adapter-v1","Weather data by Open-Meteo; ERA5 by Copernicus Climate Change Service (C3S) / ECMWF","https://open-meteo.com/en/docs/historical-weather-api","https://archive-api.open-meteo.com/v1/archive?latitude=40.7128&longitude=-74.006&start_date=2020-03-01&end_date=2020-03-31&models=era5&hourly=temperature_2m%2Crelative_humidity_2m%2Cprecipitation%2Cwind_speed_10m%2Cdew_point_2m&timezone=GMT&timeformat=unixtime&temperature_unit=celsius&wind_speed_unit=ms&precipitation_unit=mm&cell_selection=land"
"new-york-march-2020",40.7128,-74.006,"2020-03-01","2020-03-31","2020-03-16T11:00:00.000Z",-0.2,58,0,3.94,-7.4,"2020-03-16T10:00:00.000Z","2020-03-16T11:00:00.000Z",true,"","complete",744,744,744,"Open-Meteo","ERA5 (requested)","era5",,"modeled_reanalysis",40.75,-74,32,"2026-09-11T00:26:47.065Z",,,"land","provider default elevation adjustment","instant meteorology; precipitation sum over preceding hour ending at time","reanalysis-adapter-v1","Weather data by Open-Meteo; ERA5 by Copernicus Climate Change Service (C3S) / ECMWF","https://open-meteo.com/en/docs/historical-weather-api","https://archive-api.open-meteo.com/v1/archive?latitude=40.7128&longitude=-74.006&start_date=2020-03-01&end_date=2020-03-31&models=era5&hourly=temperature_2m%2Crelative_humidity_2m%2Cprecipitation%2Cwind_speed_10m%2Cdew_point_2m&timezone=GMT&timeformat=unixtime&temperature_unit=celsius&wind_speed_unit=ms&precipitation_unit=mm&cell_selection=land"
"new-york-march-2020",40.7128,-74.006,"2020-03-01","2020-03-31","2020-03-16T12:00:00.000Z",0.1,55,0,4.17,-7.8,"2020-03-16T11:00:00.000Z","2020-03-16T12:00:00.000Z",true,"","complete",744,744,744,"Open-Meteo","ERA5 (requested)","era5",,"modeled_reanalysis",40.75,-74,32,"2026-09-11T00:26:47.065Z",,,"land","provider default elevation adjustment","instant meteorology; precipitation sum over preceding hour ending at time","reanalysis-adapter-v1","Weather data by Open-Meteo; ERA5 by Copernicus Climate Change Service (C3S) / ECMWF","https://open-meteo.com/en/docs/historical-weather-api","https://archive-api.open-meteo.com/v1/archive?latitude=40.7128&longitude=-74.006&start_date=2020-03-01&end_date=2020-03-31&models=era5&hourly=temperature_2m%2Crelative_humidity_2m%2Cprecipitation%2Cwind_speed_10m%2Cdew_point_2m&timezone=GMT&timeformat=unixtime&temperature_unit=celsius&wind_speed_unit=ms&precipitation_unit=mm&cell_selection=land"
"new-york-march-2020",40.7128,-74.006,"2020-03-01","2020-03-31","2020-03-16T13:00:00.000Z",0.9,51,0,4.05,-8.1,"2020-03-16T12:00:00.000Z","2020-03-16T13:00:00.000Z",true,"","complete",744,744,744,"Open-Meteo","ERA5 (requested)","era5",,"modeled_reanalysis",40.75,-74,32,"2026-09-11T00:26:47.065Z",,,"land","provider default elevation adjustment","instant meteorology; precipitation sum over preceding hour ending at time","reanalysis-adapter-v1","Weather data by Open-Meteo; ERA5 by Copernicus Climate Change Service (C3S) / ECMWF","https://open-meteo.com/en/docs/historical-weather-api","https://archive-api.open-meteo.com/v1/archive?latitude=40.7128&longitude=-74.006&start_date=2020-03-01&end_date=2020-03-31&models=era5&hourly=temperature_2m%2Crelative_humidity_2m%2Cprecipitation%2Cwind_speed_10m%2Cdew_point_2m&timezone=GMT&timeformat=unixtime&temperature_unit=celsius&wind_speed_unit=ms&precipitation_unit=mm&cell_selection=land"
"new-york-march-2020",40.7128,-74.006,"2020-03-01","2020-03-31","2020-03-16T14:00:00.000Z",1.8,52,0,3.96,-6.9,"2020-03-16T13:00:00.000Z","2020-03-16T14:00:00.000Z",true,"","complete",744,744,744,"Open-Meteo","ERA5 (requested)","era5",,"modeled_reanalysis",40.75,-74,32,"2026-09-11T00:26:47.065Z",,,"land","provider default elevation adjustment","instant meteorology; precipitation sum over preceding hour ending at time","reanalysis-adapter-v1","Weather data by Open-Meteo; ERA5 by Copernicus Climate Change Service (C3S) / ECMWF","https://open-meteo.com/en/docs/historical-weather-api","https://archive-api.open-meteo.com/v1/archive?latitude=40.7128&longitude=-74.006&start_date=2020-03-01&end_date=2020-03-31&models=era5&hourly=temperature_2m%2Crelative_humidity_2m%2Cprecipitation%2Cwind_speed_10m%2Cdew_point_2m&timezone=GMT&timeformat=unixtime&temperature_unit=celsius&wind_speed_unit=ms&precipitation_unit=mm&cell_selection=land"
"new-york-march-2020",40.7128,-74.006,"2020-03-01","2020-03-31","2020-03-16T15:00:00.000Z",3.7,54,0,3.44,-4.7,"2020-03-16T14:00:00.000Z","2020-03-16T15:00:00.000Z",true,"","complete",744,744,744,"Open-Meteo","ERA5 (requested)","era5",,"modeled_reanalysis",40.75,-74,32,"2026-09-11T00:26:47.065Z",,,"land","provider default elevation adjustment","instant meteorology; precipitation sum over preceding hour ending at time","reanalysis-adapter-v1","Weather data by Open-Meteo; ERA5 by Copernicus Climate Change Service (C3S) / ECMWF","https://open-meteo.com/en/docs/historical-weather-api","https://archive-api.open-meteo.com/v1/archive?latitude=40.7128&longitude=-74.006&start_date=2020-03-01&end_date=2020-03-31&models=era5&hourly=temperature_2m%2Crelative_humidity_2m%2Cprecipitation%2Cwind_speed_10m%2Cdew_point_2m&timezone=GMT&timeformat=unixtime&temperature_unit=celsius&wind_speed_unit=ms&precipitation_unit=mm&cell_selection=land"
"new-york-march-2020",40.7128,-74.006,"2020-03-01","2020-03-31","2020-03-16T16:00:00.000Z",4.3,57,0,3.41,-3.6,"2020-03-16T15:00:00.000Z","2020-03-16T16:00:00.000Z",true,"","complete",744,744,744,"Open-Meteo","ERA5 (requested)","era5",,"modeled_reanalysis",40.75,-74,32,"2026-09-11T00:26:47.065Z",,,"land","provider default elevation adjustment","instant meteorology; precipitation sum over preceding hour ending at time","reanalysis-adapter-v1","Weather data by Open-Meteo; ERA5 by Copernicus Climate Change Service (C3S) / ECMWF","https://open-meteo.com/en/docs/historical-weather-api","https://archive-api.open-meteo.com/v1/archive?latitude=40.7128&longitude=-74.006&start_date=2020-03-01&end_date=2020-03-31&models=era5&hourly=temperature_2m%2Crelative_humidity_2m%2Cprecipitation%2Cwind_speed_10m%2Cdew_point_2m&timezone=GMT&timeformat=unixtime&temperature_unit=celsius&wind_speed_unit=ms&precipitation_unit=mm&cell_selection=land"
"new-york-march-2020",40.7128,-74.006,"2020-03-01","2020-03-31","2020-03-16T17:00:00.000Z",5.1,57,0,3.26,-2.8,"2020-03-16T16:00:00.000Z","2020-03-16T17:00:00.000Z",true,"","complete",744,744,744,"Open-Meteo","ERA5 (requested)","era5",,"modeled_reanalysis",40.75,-74,32,"2026-09-11T00:26:47.065Z",,,"land","provider default elevation adjustment","instant meteorology; precipitation sum over preceding hour ending at time","reanalysis-adapter-v1","Weather data by Open-Meteo; ERA5 by Copernicus Climate Change Service (C3S) / ECMWF","https://open-meteo.com/en/docs/historical-weather-api","https://archive-api.open-meteo.com/v1/archive?latitude=40.7128&longitude=-74.006&start_date=2020-03-01&end_date=2020-03-31&models=era5&hourly=temperature_2m%2Crelative_humidity_2m%2Cprecipitation%2Cwind_speed_10m%2Cdew_point_2m&timezone=GMT&timeformat=unixtime&temperature_unit=celsius&wind_speed_unit=ms&precipitation_unit=mm&cell_selection=land"
"new-york-march-2020",40.7128,-74.006,"2020-03-01","2020-03-31","2020-03-16T18:00:00.000Z",5.4,56,0,3.35,-2.7,"2020-03-16T17:00:00.000Z","2020-03-16T18:00:00.000Z",true,"","complete",744,744,744,"Open-Meteo","ERA5 (requested)","era5",,"modeled_reanalysis",40.75,-74,32,"2026-09-11T00:26:47.065Z",,,"land","provider default elevation adjustment","instant meteorology; precipitation sum over preceding hour ending at time","reanalysis-adapter-v1","Weather data by Open-Meteo; ERA5 by Copernicus Climate Change Service (C3S) / ECMWF","https://open-meteo.com/en/docs/historical-weather-api","https://archive-api.open-meteo.com/v1/archive?latitude=40.7128&longitude=-74.006&start_date=2020-03-01&end_date=2020-03-31&models=era5&hourly=temperature_2m%2Crelative_humidity_2m%2Cprecipitation%2Cwind_speed_10m%2Cdew_point_2m&timezone=GMT&timeformat=unixtime&temperature_unit=celsius&wind_speed_unit=ms&precipitation_unit=mm&cell_selection=land"
"new-york-march-2020",40.7128,-74.006,"2020-03-01","2020-03-31","2020-03-16T19:00:00.000Z",5.7,57,0,3.67,-2.2,"2020-03-16T18:00:00.000Z","2020-03-16T19:00:00.000Z",true,"","complete",744,744,744,"Open-Meteo","ERA5 (requested)","era5",,"modeled_reanalysis",40.75,-74,32,"2026-09-11T00:26:47.065Z",,,"land","provider default elevation adjustment","instant meteorology; precipitation sum over preceding hour ending at time","reanalysis-adapter-v1","Weather data by Open-Meteo; ERA5 by Copernicus Climate Change Service (C3S) / ECMWF","https://open-meteo.com/en/docs/historical-weather-api","https://archive-api.open-meteo.com/v1/archive?latitude=40.7128&longitude=-74.006&start_date=2020-03-01&end_date=2020-03-31&models=era5&hourly=temperature_2m%2Crelative_humidity_2m%2Cprecipitation%2Cwind_speed_10m%2Cdew_point_2m&timezone=GMT&timeformat=unixtime&temperature_unit=celsius&wind_speed_unit=ms&precipitation_unit=mm&cell_selection=land"
"new-york-march-2020",40.7128,-74.006,"2020-03-01","2020-03-31","2020-03-16T20:00:00.000Z",5.8,58,0,4,-1.9,"2020-03-16T19:00:00.000Z","2020-03-16T20:00:00.000Z",true,"","complete",744,744,744,"Open-Meteo","ERA5 (requested)","era5",,"modeled_reanalysis",40.75,-74,32,"2026-09-11T00:26:47.065Z",,,"land","provider default elevation adjustment","instant meteorology; precipitation sum over preceding hour ending at time","reanalysis-adapter-v1","Weather data by Open-Meteo; ERA5 by Copernicus Climate Change Service (C3S) / ECMWF","https://open-meteo.com/en/docs/historical-weather-api","https://archive-api.open-meteo.com/v1/archive?latitude=40.7128&longitude=-74.006&start_date=2020-03-01&end_date=2020-03-31&models=era5&hourly=temperature_2m%2Crelative_humidity_2m%2Cprecipitation%2Cwind_speed_10m%2Cdew_point_2m&timezone=GMT&timeformat=unixtime&temperature_unit=celsius&wind_speed_unit=ms&precipitation_unit=mm&cell_selection=land"
"new-york-march-2020",40.7128,-74.006,"2020-03-01","2020-03-31","2020-03-16T21:00:00.000Z",5.9,59,0,4.39,-1.5,"2020-03-16T20:00:00.000Z","2020-03-16T21:00:00.000Z",true,"","complete",744,744,744,"Open-Meteo","ERA5 (requested)","era5",,"modeled_reanalysis",40.75,-74,32,"2026-09-11T00:26:47.065Z",,,"land","provider default elevation adjustment","instant meteorology; precipitation sum over preceding hour ending at time","reanalysis-adapter-v1","Weather data by Open-Meteo; ERA5 by Copernicus Climate Change Service (C3S) / ECMWF","https://open-meteo.com/en/docs/historical-weather-api","https://archive-api.open-meteo.com/v1/archive?latitude=40.7128&longitude=-74.006&start_date=2020-03-01&end_date=2020-03-31&models=era5&hourly=temperature_2m%2Crelative_humidity_2m%2Cprecipitation%2Cwind_speed_10m%2Cdew_point_2m&timezone=GMT&timeformat=unixtime&temperature_unit=celsius&wind_speed_unit=ms&precipitation_unit=mm&cell_selection=land"
"new-york-march-2020",40.7128,-74.006,"2020-03-01","2020-03-31","2020-03-16T22:00:00.000Z",5.3,61,0,3.96,-1.5,"2020-03-16T21:00:00.000Z","2020-03-16T22:00:00.000Z",true,"","complete",744,744,744,"Open-Meteo","ERA5 (requested)","era5",,"modeled_reanalysis",40.75,-74,32,"2026-09-11T00:26:47.065Z",,,"land","provider default elevation adjustment","instant meteorology; precipitation sum over preceding hour ending at time","reanalysis-adapter-v1","Weather data by Open-Meteo; ERA5 by Copernicus Climate Change Service (C3S) / ECMWF","https://open-meteo.com/en/docs/historical-weather-api","https://archive-api.open-meteo.com/v1/archive?latitude=40.7128&longitude=-74.006&start_date=2020-03-01&end_date=2020-03-31&models=era5&hourly=temperature_2m%2Crelative_humidity_2m%2Cprecipitation%2Cwind_speed_10m%2Cdew_point_2m&timezone=GMT&timeformat=unixtime&temperature_unit=celsius&wind_speed_unit=ms&precipitation_unit=mm&cell_selection=land"
"new-york-march-2020",40.7128,-74.006,"2020-03-01","2020-03-31","2020-03-16T23:00:00.000Z",5.3,63,0,3.39,-1.1,"2020-03-16T22:00:00.000Z","2020-03-16T23:00:00.000Z",true,"","complete",744,744,744,"Open-Meteo","ERA5 (requested)","era5",,"modeled_reanalysis",40.75,-74,32,"2026-09-11T00:26:47.065Z",,,"land","provider default elevation adjustment","instant meteorology; precipitation sum over preceding hour ending at time","reanalysis-adapter-v1","Weather data by Open-Meteo; ERA5 by Copernicus Climate Change Service (C3S) / ECMWF","https://open-meteo.com/en/docs/historical-weather-api","https://archive-api.open-meteo.com/v1/archive?latitude=40.7128&longitude=-74.006&start_date=2020-03-01&end_date=2020-03-31&models=era5&hourly=temperature_2m%2Crelative_humidity_2m%2Cprecipitation%2Cwind_speed_10m%2Cdew_point_2m&timezone=GMT&timeformat=unixtime&temperature_unit=celsius&wind_speed_unit=ms&precipitation_unit=mm&cell_selection=land"
"new-york-march-2020",40.7128,-74.006,"2020-03-01","2020-03-31","2020-03-17T00:00:00.000Z",5.1,65,0,3.05,-1,"2020-03-16T23:00:00.000Z","2020-03-17T00:00:00.000Z",true,"","complete",744,744,744,"Open-Meteo","ERA5 (requested)","era5",,"modeled_reanalysis",40.75,-74,32,"2026-09-11T00:26:47.065Z",,,"land","provider default elevation adjustment","instant meteorology; precipitation sum over preceding hour ending at time","reanalysis-adapter-v1","Weather data by Open-Meteo; ERA5 by Copernicus Climate Change Service (C3S) / ECMWF","https://open-meteo.com/en/docs/historical-weather-api","https://archive-api.open-meteo.com/v1/archive?latitude=40.7128&longitude=-74.006&start_date=2020-03-01&end_date=2020-03-31&models=era5&hourly=temperature_2m%2Crelative_humidity_2m%2Cprecipitation%2Cwind_speed_10m%2Cdew_point_2m&timezone=GMT&timeformat=unixtime&temperature_unit=celsius&wind_speed_unit=ms&precipitation_unit=mm&cell_selection=land"
"new-york-march-2020",40.7128,-74.006,"2020-03-01","2020-03-31","2020-03-17T01:00:00.000Z",5,67,0,3.01,-0.6,"2020-03-17T00:00:00.000Z","2020-03-17T01:00:00.000Z",true,"","complete",744,744,744,"Open-Meteo","ERA5 (requested)","era5",,"modeled_reanalysis",40.75,-74,32,"2026-09-11T00:26:47.065Z",,,"land","provider default elevation adjustment","instant meteorology; precipitation sum over preceding hour ending at time","reanalysis-adapter-v1","Weather data by Open-Meteo; ERA5 by Copernicus Climate Change Service (C3S) / ECMWF","https://open-meteo.com/en/docs/historical-weather-api","https://archive-api.open-meteo.com/v1/archive?latitude=40.7128&longitude=-74.006&start_date=2020-03-01&end_date=2020-03-31&models=era5&hourly=temperature_2m%2Crelative_humidity_2m%2Cprecipitation%2Cwind_speed_10m%2Cdew_point_2m&timezone=GMT&timeformat=unixtime&temperature_unit=celsius&wind_speed_unit=ms&precipitation_unit=mm&cell_selection=land"
"new-york-march-2020",40.7128,-74.006,"2020-03-01","2020-03-31","2020-03-17T02:00:00.000Z",5,69,0,3.01,-0.2,"2020-03-17T01:00:00.000Z","2020-03-17T02:00:00.000Z",true,"","complete",744,744,744,"Open-Meteo","ERA5 (requested)","era5",,"modeled_reanalysis",40.75,-74,32,"2026-09-11T00:26:47.065Z",,,"land","provider default elevation adjustment","instant meteorology; precipitation sum over preceding hour ending at time","reanalysis-adapter-v1","Weather data by Open-Meteo; ERA5 by Copernicus Climate Change Service (C3S) / ECMWF","https://open-meteo.com/en/docs/historical-weather-api","https://archive-api.open-meteo.com/v1/archive?latitude=40.7128&longitude=-74.006&start_date=2020-03-01&end_date=2020-03-31&models=era5&hourly=temperature_2m%2Crelative_humidity_2m%2Cprecipitation%2Cwind_speed_10m%2Cdew_point_2m&timezone=GMT&timeformat=unixtime&temperature_unit=celsius&wind_speed_unit=ms&precipitation_unit=mm&cell_selection=land"
"new-york-march-2020",40.7128,-74.006,"2020-03-01","2020-03-31","2020-03-17T03:00:00.000Z",5,71,0,3.09,0.1,"2020-03-17T02:00:00.000Z","2020-03-17T03:00:00.000Z",true,"","complete",744,744,744,"Open-Meteo","ERA5 (requested)","era5",,"modeled_reanalysis",40.75,-74,32,"2026-09-11T00:26:47.065Z",,,"land","provider default elevation adjustment","instant meteorology; precipitation sum over preceding hour ending at time","reanalysis-adapter-v1","Weather data by Open-Meteo; ERA5 by Copernicus Climate Change Service (C3S) / ECMWF","https://open-meteo.com/en/docs/historical-weather-api","https://archive-api.open-meteo.com/v1/archive?latitude=40.7128&longitude=-74.006&start_date=2020-03-01&end_date=2020-03-31&models=era5&hourly=temperature_2m%2Crelative_humidity_2m%2Cprecipitation%2Cwind_speed_10m%2Cdew_point_2m&timezone=GMT&timeformat=unixtime&temperature_unit=celsius&wind_speed_unit=ms&precipitation_unit=mm&cell_selection=land"
"new-york-march-2020",40.7128,-74.006,"2020-03-01","2020-03-31","2020-03-17T04:00:00.000Z",5.3,69,0,3.26,0,"2020-03-17T03:00:00.000Z","2020-03-17T04:00:00.000Z",true,"","complete",744,744,744,"Open-Meteo","ERA5 (requested)","era5",,"modeled_reanalysis",40.75,-74,32,"2026-09-11T00:26:47.065Z",,,"land","provider default elevation adjustment","instant meteorology; precipitation sum over preceding hour ending at time","reanalysis-adapter-v1","Weather data by Open-Meteo; ERA5 by Copernicus Climate Change Service (C3S) / ECMWF","https://open-meteo.com/en/docs/historical-weather-api","https://archive-api.open-meteo.com/v1/archive?latitude=40.7128&longitude=-74.006&start_date=2020-03-01&end_date=2020-03-31&models=era5&hourly=temperature_2m%2Crelative_humidity_2m%2Cprecipitation%2Cwind_speed_10m%2Cdew_point_2m&timezone=GMT&timeformat=unixtime&temperature_unit=celsius&wind_speed_unit=ms&precipitation_unit=mm&cell_selection=land"
"new-york-march-2020",40.7128,-74.006,"2020-03-01","2020-03-31","2020-03-17T05:00:00.000Z",5.4,70,0,2.95,0.3,"2020-03-17T04:00:00.000Z","2020-03-17T05:00:00.000Z",true,"","complete",744,744,744,"Open-Meteo","ERA5 (requested)","era5",,"modeled_reanalysis",40.75,-74,32,"2026-09-11T00:26:47.065Z",,,"land","provider default elevation adjustment","instant meteorology; precipitation sum over preceding hour ending at time","reanalysis-adapter-v1","Weather data by Open-Meteo; ERA5 by Copernicus Climate Change Service (C3S) / ECMWF","https://open-meteo.com/en/docs/historical-weather-api","https://archive-api.open-meteo.com/v1/archive?latitude=40.7128&longitude=-74.006&start_date=2020-03-01&end_date=2020-03-31&models=era5&hourly=temperature_2m%2Crelative_humidity_2m%2Cprecipitation%2Cwind_speed_10m%2Cdew_point_2m&timezone=GMT&timeformat=unixtime&temperature_unit=celsius&wind_speed_unit=ms&precipitation_unit=mm&cell_selection=land"
"new-york-march-2020",40.7128,-74.006,"2020-03-01","2020-03-31","2020-03-17T06:00:00.000Z",5.7,72,0,2.21,1,"2020-03-17T05:00:00.000Z","2020-03-17T06:00:00.000Z",true,"","complete",744,744,744,"Open-Meteo","ERA5 (requested)","era5",,"modeled_reanalysis",40.75,-74,32,"2026-09-11T00:26:47.065Z",,,"land","provider default elevation adjustment","instant meteorology; precipitation sum over preceding hour ending at time","reanalysis-adapter-v1","Weather data by Open-Meteo; ERA5 by Copernicus Climate Change Service (C3S) / ECMWF","https://open-meteo.com/en/docs/historical-weather-api","https://archive-api.open-meteo.com/v1/archive?latitude=40.7128&longitude=-74.006&start_date=2020-03-01&end_date=2020-03-31&models=era5&hourly=temperature_2m%2Crelative_humidity_2m%2Cprecipitation%2Cwind_speed_10m%2Cdew_point_2m&timezone=GMT&timeformat=unixtime&temperature_unit=celsius&wind_speed_unit=ms&precipitation_unit=mm&cell_selection=land"
"new-york-march-2020",40.7128,-74.006,"2020-03-01","2020-03-31","2020-03-17T07:00:00.000Z",5.6,75,0,2.31,1.6,"2020-03-17T06:00:00.000Z","2020-03-17T07:00:00.000Z",true,"","complete",744,744,744,"Open-Meteo","ERA5 (requested)","era5",,"modeled_reanalysis",40.75,-74,32,"2026-09-11T00:26:47.065Z",,,"land","provider default elevation adjustment","instant meteorology; precipitation sum over preceding hour ending at time","reanalysis-adapter-v1","Weather data by Open-Meteo; ERA5 by Copernicus Climate Change Service (C3S) / ECMWF","https://open-meteo.com/en/docs/historical-weather-api","https://archive-api.open-meteo.com/v1/archive?latitude=40.7128&longitude=-74.006&start_date=2020-03-01&end_date=2020-03-31&models=era5&hourly=temperature_2m%2Crelative_humidity_2m%2Cprecipitation%2Cwind_speed_10m%2Cdew_point_2m&timezone=GMT&timeformat=unixtime&temperature_unit=celsius&wind_speed_unit=ms&precipitation_unit=mm&cell_selection=land"
"new-york-march-2020",40.7128,-74.006,"2020-03-01","2020-03-31","2020-03-17T08:00:00.000Z",5.4,79,0.3,2.44,2.1,"2020-03-17T07:00:00.000Z","2020-03-17T08:00:00.000Z",true,"","complete",744,744,744,"Open-Meteo","ERA5 (requested)","era5",,"modeled_reanalysis",40.75,-74,32,"2026-09-11T00:26:47.065Z",,,"land","provider default elevation adjustment","instant meteorology; precipitation sum over preceding hour ending at time","reanalysis-adapter-v1","Weather data by Open-Meteo; ERA5 by Copernicus Climate Change Service (C3S) / ECMWF","https://open-meteo.com/en/docs/historical-weather-api","https://archive-api.open-meteo.com/v1/archive?latitude=40.7128&longitude=-74.006&start_date=2020-03-01&end_date=2020-03-31&models=era5&hourly=temperature_2m%2Crelative_humidity_2m%2Cprecipitation%2Cwind_speed_10m%2Cdew_point_2m&timezone=GMT&timeformat=unixtime&temperature_unit=celsius&wind_speed_unit=ms&precipitation_unit=mm&cell_selection=land"
"new-york-march-2020",40.7128,-74.006,"2020-03-01","2020-03-31","2020-03-17T09:00:00.000Z",5.3,80,0.7,2.24,2.2,"2020-03-17T08:00:00.000Z","2020-03-17T09:00:00.000Z",true,"","complete",744,744,744,"Open-Meteo","ERA5 (requested)","era5",,"modeled_reanalysis",40.75,-74,32,"2026-09-11T00:26:47.065Z",,,"land","provider default elevation adjustment","instant meteorology; precipitation sum over preceding hour ending at time","reanalysis-adapter-v1","Weather data by Open-Meteo; ERA5 by Copernicus Climate Change Service (C3S) / ECMWF","https://open-meteo.com/en/docs/historical-weather-api","https://archive-api.open-meteo.com/v1/archive?latitude=40.7128&longitude=-74.006&start_date=2020-03-01&end_date=2020-03-31&models=era5&hourly=temperature_2m%2Crelative_humidity_2m%2Cprecipitation%2Cwind_speed_10m%2Cdew_point_2m&timezone=GMT&timeformat=unixtime&temperature_unit=celsius&wind_speed_unit=ms&precipitation_unit=mm&cell_selection=land"
"new-york-march-2020",40.7128,-74.006,"2020-03-01","2020-03-31","2020-03-17T10:00:00.000Z",5.3,88,0.2,1.41,3.4,"2020-03-17T09:00:00.000Z","2020-03-17T10:00:00.000Z",true,"","complete",744,744,744,"Open-Meteo","ERA5 (requested)","era5",,"modeled_reanalysis",40.75,-74,32,"2026-09-11T00:26:47.065Z",,,"land","provider default elevation adjustment","instant meteorology; precipitation sum over preceding hour ending at time","reanalysis-adapter-v1","Weather data by Open-Meteo; ERA5 by Copernicus Climate Change Service (C3S) / ECMWF","https://open-meteo.com/en/docs/historical-weather-api","https://archive-api.open-meteo.com/v1/archive?latitude=40.7128&longitude=-74.006&start_date=2020-03-01&end_date=2020-03-31&models=era5&hourly=temperature_2m%2Crelative_humidity_2m%2Cprecipitation%2Cwind_speed_10m%2Cdew_point_2m&timezone=GMT&timeformat=unixtime&temperature_unit=celsius&wind_speed_unit=ms&precipitation_unit=mm&cell_selection=land"
"new-york-march-2020",40.7128,-74.006,"2020-03-01","2020-03-31","2020-03-17T11:00:00.000Z",4.9,90,0.3,1.66,3.4,"2020-03-17T10:00:00.000Z","2020-03-17T11:00:00.000Z",true,"","complete",744,744,744,"Open-Meteo","ERA5 (requested)","era5",,"modeled_reanalysis",40.75,-74,32,"2026-09-11T00:26:47.065Z",,,"land","provider default elevation adjustment","instant meteorology; precipitation sum over preceding hour ending at time","reanalysis-adapter-v1","Weather data by Open-Meteo; ERA5 by Copernicus Climate Change Service (C3S) / ECMWF","https://open-meteo.com/en/docs/historical-weather-api","https://archive-api.open-meteo.com/v1/archive?latitude=40.7128&longitude=-74.006&start_date=2020-03-01&end_date=2020-03-31&models=era5&hourly=temperature_2m%2Crelative_humidity_2m%2Cprecipitation%2Cwind_speed_10m%2Cdew_point_2m&timezone=GMT&timeformat=unixtime&temperature_unit=celsius&wind_speed_unit=ms&precipitation_unit=mm&cell_selection=land"
"new-york-march-2020",40.7128,-74.006,"2020-03-01","2020-03-31","2020-03-17T12:00:00.000Z",5.6,88,1,2.35,3.7,"2020-03-17T11:00:00.000Z","2020-03-17T12:00:00.000Z",true,"","complete",744,744,744,"Open-Meteo","ERA5 (requested)","era5",,"modeled_reanalysis",40.75,-74,32,"2026-09-11T00:26:47.065Z",,,"land","provider default elevation adjustment","instant meteorology; precipitation sum over preceding hour ending at time","reanalysis-adapter-v1","Weather data by Open-Meteo; ERA5 by Copernicus Climate Change Service (C3S) / ECMWF","https://open-meteo.com/en/docs/historical-weather-api","https://archive-api.open-meteo.com/v1/archive?latitude=40.7128&longitude=-74.006&start_date=2020-03-01&end_date=2020-03-31&models=era5&hourly=temperature_2m%2Crelative_humidity_2m%2Cprecipitation%2Cwind_speed_10m%2Cdew_point_2m&timezone=GMT&timeformat=unixtime&temperature_unit=celsius&wind_speed_unit=ms&precipitation_unit=mm&cell_selection=land"
"new-york-march-2020",40.7128,-74.006,"2020-03-01","2020-03-31","2020-03-17T13:00:00.000Z",5.5,90,0.4,1.57,4,"2020-03-17T12:00:00.000Z","2020-03-17T13:00:00.000Z",true,"","complete",744,744,744,"Open-Meteo","ERA5 (requested)","era5",,"modeled_reanalysis",40.75,-74,32,"2026-09-11T00:26:47.065Z",,,"land","provider default elevation adjustment","instant meteorology; precipitation sum over preceding hour ending at time","reanalysis-adapter-v1","Weather data by Open-Meteo; ERA5 by Copernicus Climate Change Service (C3S) / ECMWF","https://open-meteo.com/en/docs/historical-weather-api","https://archive-api.open-meteo.com/v1/archive?latitude=40.7128&longitude=-74.006&start_date=2020-03-01&end_date=2020-03-31&models=era5&hourly=temperature_2m%2Crelative_humidity_2m%2Cprecipitation%2Cwind_speed_10m%2Cdew_point_2m&timezone=GMT&timeformat=unixtime&temperature_unit=celsius&wind_speed_unit=ms&precipitation_unit=mm&cell_selection=land"
"new-york-march-2020",40.7128,-74.006,"2020-03-01","2020-03-31","2020-03-17T14:00:00.000Z",6.2,89,1,1,4.5,"2020-03-17T13:00:00.000Z","2020-03-17T14:00:00.000Z",true,"","complete",744,744,744,"Open-Meteo","ERA5 (requested)","era5",,"modeled_reanalysis",40.75,-74,32,"2026-09-11T00:26:47.065Z",,,"land","provider default elevation adjustment","instant meteorology; precipitation sum over preceding hour ending at time","reanalysis-adapter-v1","Weather data by Open-Meteo; ERA5 by Copernicus Climate Change Service (C3S) / ECMWF","https://open-meteo.com/en/docs/historical-weather-api","https://archive-api.open-meteo.com/v1/archive?latitude=40.7128&longitude=-74.006&start_date=2020-03-01&end_date=2020-03-31&models=era5&hourly=temperature_2m%2Crelative_humidity_2m%2Cprecipitation%2Cwind_speed_10m%2Cdew_point_2m&timezone=GMT&timeformat=unixtime&temperature_unit=celsius&wind_speed_unit=ms&precipitation_unit=mm&cell_selection=land"
"new-york-march-2020",40.7128,-74.006,"2020-03-01","2020-03-31","2020-03-17T15:00:00.000Z",7.3,81,0.2,0.92,4.2,"2020-03-17T14:00:00.000Z","2020-03-17T15:00:00.000Z",true,"","complete",744,744,744,"Open-Meteo","ERA5 (requested)","era5",,"modeled_reanalysis",40.75,-74,32,"2026-09-11T00:26:47.065Z",,,"land","provider default elevation adjustment","instant meteorology; precipitation sum over preceding hour ending at time","reanalysis-adapter-v1","Weather data by Open-Meteo; ERA5 by Copernicus Climate Change Service (C3S) / ECMWF","https://open-meteo.com/en/docs/historical-weather-api","https://archive-api.open-meteo.com/v1/archive?latitude=40.7128&longitude=-74.006&start_date=2020-03-01&end_date=2020-03-31&models=era5&hourly=temperature_2m%2Crelative_humidity_2m%2Cprecipitation%2Cwind_speed_10m%2Cdew_point_2m&timezone=GMT&timeformat=unixtime&temperature_unit=celsius&wind_speed_unit=ms&precipitation_unit=mm&cell_selection=land"
"new-york-march-2020",40.7128,-74.006,"2020-03-01","2020-03-31","2020-03-17T16:00:00.000Z",7.8,82,0,0,4.9,"2020-03-17T15:00:00.000Z","2020-03-17T16:00:00.000Z",true,"","complete",744,744,744,"Open-Meteo","ERA5 (requested)","era5",,"modeled_reanalysis",40.75,-74,32,"2026-09-11T00:26:47.065Z",,,"land","provider default elevation adjustment","instant meteorology; precipitation sum over preceding hour ending at time","reanalysis-adapter-v1","Weather data by Open-Meteo; ERA5 by Copernicus Climate Change Service (C3S) / ECMWF","https://open-meteo.com/en/docs/historical-weather-api","https://archive-api.open-meteo.com/v1/archive?latitude=40.7128&longitude=-74.006&start_date=2020-03-01&end_date=2020-03-31&models=era5&hourly=temperature_2m%2Crelative_humidity_2m%2Cprecipitation%2Cwind_speed_10m%2Cdew_point_2m&timezone=GMT&timeformat=unixtime&temperature_unit=celsius&wind_speed_unit=ms&precipitation_unit=mm&cell_selection=land"
"new-york-march-2020",40.7128,-74.006,"2020-03-01","2020-03-31","2020-03-17T17:00:00.000Z",8.8,78,0,1.24,5.2,"2020-03-17T16:00:00.000Z","2020-03-17T17:00:00.000Z",true,"","complete",744,744,744,"Open-Meteo","ERA5 (requested)","era5",,"modeled_reanalysis",40.75,-74,32,"2026-09-11T00:26:47.065Z",,,"land","provider default elevation adjustment","instant meteorology; precipitation sum over preceding hour ending at time","reanalysis-adapter-v1","Weather data by Open-Meteo; ERA5 by Copernicus Climate Change Service (C3S) / ECMWF","https://open-meteo.com/en/docs/historical-weather-api","https://archive-api.open-meteo.com/v1/archive?latitude=40.7128&longitude=-74.006&start_date=2020-03-01&end_date=2020-03-31&models=era5&hourly=temperature_2m%2Crelative_humidity_2m%2Cprecipitation%2Cwind_speed_10m%2Cdew_point_2m&timezone=GMT&timeformat=unixtime&temperature_unit=celsius&wind_speed_unit=ms&precipitation_unit=mm&cell_selection=land"
"new-york-march-2020",40.7128,-74.006,"2020-03-01","2020-03-31","2020-03-17T18:00:00.000Z",9.2,76,0,2.3,5.1,"2020-03-17T17:00:00.000Z","2020-03-17T18:00:00.000Z",true,"","complete",744,744,744,"Open-Meteo","ERA5 (requested)","era5",,"modeled_reanalysis",40.75,-74,32,"2026-09-11T00:26:47.065Z",,,"land","provider default elevation adjustment","instant meteorology; precipitation sum over preceding hour ending at time","reanalysis-adapter-v1","Weather data by Open-Meteo; ERA5 by Copernicus Climate Change Service (C3S) / ECMWF","https://open-meteo.com/en/docs/historical-weather-api","https://archive-api.open-meteo.com/v1/archive?latitude=40.7128&longitude=-74.006&start_date=2020-03-01&end_date=2020-03-31&models=era5&hourly=temperature_2m%2Crelative_humidity_2m%2Cprecipitation%2Cwind_speed_10m%2Cdew_point_2m&timezone=GMT&timeformat=unixtime&temperature_unit=celsius&wind_speed_unit=ms&precipitation_unit=mm&cell_selection=land"
"new-york-march-2020",40.7128,-74.006,"2020-03-01","2020-03-31","2020-03-17T19:00:00.000Z",9.4,75,0,2.8,5.2,"2020-03-17T18:00:00.000Z","2020-03-17T19:00:00.000Z",true,"","complete",744,744,744,"Open-Meteo","ERA5 (requested)","era5",,"modeled_reanalysis",40.75,-74,32,"2026-09-11T00:26:47.065Z",,,"land","provider default elevation adjustment","instant meteorology; precipitation sum over preceding hour ending at time","reanalysis-adapter-v1","Weather data by Open-Meteo; ERA5 by Copernicus Climate Change Service (C3S) / ECMWF","https://open-meteo.com/en/docs/historical-weather-api","https://archive-api.open-meteo.com/v1/archive?latitude=40.7128&longitude=-74.006&start_date=2020-03-01&end_date=2020-03-31&models=era5&hourly=temperature_2m%2Crelative_humidity_2m%2Cprecipitation%2Cwind_speed_10m%2Cdew_point_2m&timezone=GMT&timeformat=unixtime&temperature_unit=celsius&wind_speed_unit=ms&precipitation_unit=mm&cell_selection=land"
"new-york-march-2020",40.7128,-74.006,"2020-03-01","2020-03-31","2020-03-17T20:00:00.000Z",10,74,0,3.3,5.5,"2020-03-17T19:00:00.000Z","2020-03-17T20:00:00.000Z",true,"","complete",744,744,744,"Open-Meteo","ERA5 (requested)","era5",,"modeled_reanalysis",40.75,-74,32,"2026-09-11T00:26:47.065Z",,,"land","provider default elevation adjustment","instant meteorology; precipitation sum over preceding hour ending at time","reanalysis-adapter-v1","Weather data by Open-Meteo; ERA5 by Copernicus Climate Change Service (C3S) / ECMWF","https://open-meteo.com/en/docs/historical-weather-api","https://archive-api.open-meteo.com/v1/archive?latitude=40.7128&longitude=-74.006&start_date=2020-03-01&end_date=2020-03-31&models=era5&hourly=temperature_2m%2Crelative_humidity_2m%2Cprecipitation%2Cwind_speed_10m%2Cdew_point_2m&timezone=GMT&timeformat=unixtime&temperature_unit=celsius&wind_speed_unit=ms&precipitation_unit=mm&cell_selection=land"
"new-york-march-2020",40.7128,-74.006,"2020-03-01","2020-03-31","2020-03-17T21:00:00.000Z",10.7,70,0,4,5.5,"2020-03-17T20:00:00.000Z","2020-03-17T21:00:00.000Z",true,"","complete",744,744,744,"Open-Meteo","ERA5 (requested)","era5",,"modeled_reanalysis",40.75,-74,32,"2026-09-11T00:26:47.065Z",,,"land","provider default elevation adjustment","instant meteorology; precipitation sum over preceding hour ending at time","reanalysis-adapter-v1","Weather data by Open-Meteo; ERA5 by Copernicus Climate Change Service (C3S) / ECMWF","https://open-meteo.com/en/docs/historical-weather-api","https://archive-api.open-meteo.com/v1/archive?latitude=40.7128&longitude=-74.006&start_date=2020-03-01&end_date=2020-03-31&models=era5&hourly=temperature_2m%2Crelative_humidity_2m%2Cprecipitation%2Cwind_speed_10m%2Cdew_point_2m&timezone=GMT&timeformat=unixtime&temperature_unit=celsius&wind_speed_unit=ms&precipitation_unit=mm&cell_selection=land"
"new-york-march-2020",40.7128,-74.006,"2020-03-01","2020-03-31","2020-03-17T22:00:00.000Z",10.8,67,0,2.21,4.8,"2020-03-17T21:00:00.000Z","2020-03-17T22:00:00.000Z",true,"","complete",744,744,744,"Open-Meteo","ERA5 (requested)","era5",,"modeled_reanalysis",40.75,-74,32,"2026-09-11T00:26:47.065Z",,,"land","provider default elevation adjustment","instant meteorology; precipitation sum over preceding hour ending at time","reanalysis-adapter-v1","Weather data by Open-Meteo; ERA5 by Copernicus Climate Change Service (C3S) / ECMWF","https://open-meteo.com/en/docs/historical-weather-api","https://archive-api.open-meteo.com/v1/archive?latitude=40.7128&longitude=-74.006&start_date=2020-03-01&end_date=2020-03-31&models=era5&hourly=temperature_2m%2Crelative_humidity_2m%2Cprecipitation%2Cwind_speed_10m%2Cdew_point_2m&timezone=GMT&timeformat=unixtime&temperature_unit=celsius&wind_speed_unit=ms&precipitation_unit=mm&cell_selection=land"
"new-york-march-2020",40.7128,-74.006,"2020-03-01","2020-03-31","2020-03-17T23:00:00.000Z",10.5,68,0,2.01,4.9,"2020-03-17T22:00:00.000Z","2020-03-17T23:00:00.000Z",true,"","complete",744,744,744,"Open-Meteo","ERA5 (requested)","era5",,"modeled_reanalysis",40.75,-74,32,"2026-09-11T00:26:47.065Z",,,"land","provider default elevation adjustment","instant meteorology; precipitation sum over preceding hour ending at time","reanalysis-adapter-v1","Weather data by Open-Meteo; ERA5 by Copernicus Climate Change Service (C3S) / ECMWF","https://open-meteo.com/en/docs/historical-weather-api","https://archive-api.open-meteo.com/v1/archive?latitude=40.7128&longitude=-74.006&start_date=2020-03-01&end_date=2020-03-31&models=era5&hourly=temperature_2m%2Crelative_humidity_2m%2Cprecipitation%2Cwind_speed_10m%2Cdew_point_2m&timezone=GMT&timeformat=unixtime&temperature_unit=celsius&wind_speed_unit=ms&precipitation_unit=mm&cell_selection=land"
"new-york-march-2020",40.7128,-74.006,"2020-03-01","2020-03-31","2020-03-18T00:00:00.000Z",9.9,70,0,2.42,4.7,"2020-03-17T23:00:00.000Z","2020-03-18T00:00:00.000Z",true,"","complete",744,744,744,"Open-Meteo","ERA5 (requested)","era5",,"modeled_reanalysis",40.75,-74,32,"2026-09-11T00:26:47.065Z",,,"land","provider default elevation adjustment","instant meteorology; precipitation sum over preceding hour ending at time","reanalysis-adapter-v1","Weather data by Open-Meteo; ERA5 by Copernicus Climate Change Service (C3S) / ECMWF","https://open-meteo.com/en/docs/historical-weather-api","https://archive-api.open-meteo.com/v1/archive?latitude=40.7128&longitude=-74.006&start_date=2020-03-01&end_date=2020-03-31&models=era5&hourly=temperature_2m%2Crelative_humidity_2m%2Cprecipitation%2Cwind_speed_10m%2Cdew_point_2m&timezone=GMT&timeformat=unixtime&temperature_unit=celsius&wind_speed_unit=ms&precipitation_unit=mm&cell_selection=land"
"new-york-march-2020",40.7128,-74.006,"2020-03-01","2020-03-31","2020-03-18T01:00:00.000Z",9.2,71,0,2.6,4.3,"2020-03-18T00:00:00.000Z","2020-03-18T01:00:00.000Z",true,"","complete",744,744,744,"Open-Meteo","ERA5 (requested)","era5",,"modeled_reanalysis",40.75,-74,32,"2026-09-11T00:26:47.065Z",,,"land","provider default elevation adjustment","instant meteorology; precipitation sum over preceding hour ending at time","reanalysis-adapter-v1","Weather data by Open-Meteo; ERA5 by Copernicus Climate Change Service (C3S) / ECMWF","https://open-meteo.com/en/docs/historical-weather-api","https://archive-api.open-meteo.com/v1/archive?latitude=40.7128&longitude=-74.006&start_date=2020-03-01&end_date=2020-03-31&models=era5&hourly=temperature_2m%2Crelative_humidity_2m%2Cprecipitation%2Cwind_speed_10m%2Cdew_point_2m&timezone=GMT&timeformat=unixtime&temperature_unit=celsius&wind_speed_unit=ms&precipitation_unit=mm&cell_selection=land"
"new-york-march-2020",40.7128,-74.006,"2020-03-01","2020-03-31","2020-03-18T02:00:00.000Z",9,71,0,2.72,4.1,"2020-03-18T01:00:00.000Z","2020-03-18T02:00:00.000Z",true,"","complete",744,744,744,"Open-Meteo","ERA5 (requested)","era5",,"modeled_reanalysis",40.75,-74,32,"2026-09-11T00:26:47.065Z",,,"land","provider default elevation adjustment","instant meteorology; precipitation sum over preceding hour ending at time","reanalysis-adapter-v1","Weather data by Open-Meteo; ERA5 by Copernicus Climate Change Service (C3S) / ECMWF","https://open-meteo.com/en/docs/historical-weather-api","https://archive-api.open-meteo.com/v1/archive?latitude=40.7128&longitude=-74.006&start_date=2020-03-01&end_date=2020-03-31&models=era5&hourly=temperature_2m%2Crelative_humidity_2m%2Cprecipitation%2Cwind_speed_10m%2Cdew_point_2m&timezone=GMT&timeformat=unixtime&temperature_unit=celsius&wind_speed_unit=ms&precipitation_unit=mm&cell_selection=land"
"new-york-march-2020",40.7128,-74.006,"2020-03-01","2020-03-31","2020-03-18T03:00:00.000Z",8.2,74,0,2.38,3.8,"2020-03-18T02:00:00.000Z","2020-03-18T03:00:00.000Z",true,"","complete",744,744,744,"Open-Meteo","ERA5 (requested)","era5",,"modeled_reanalysis",40.75,-74,32,"2026-09-11T00:26:47.065Z",,,"land","provider default elevation adjustment","instant meteorology; precipitation sum over preceding hour ending at time","reanalysis-adapter-v1","Weather data by Open-Meteo; ERA5 by Copernicus Climate Change Service (C3S) / ECMWF","https://open-meteo.com/en/docs/historical-weather-api","https://archive-api.open-meteo.com/v1/archive?latitude=40.7128&longitude=-74.006&start_date=2020-03-01&end_date=2020-03-31&models=era5&hourly=temperature_2m%2Crelative_humidity_2m%2Cprecipitation%2Cwind_speed_10m%2Cdew_point_2m&timezone=GMT&timeformat=unixtime&temperature_unit=celsius&wind_speed_unit=ms&precipitation_unit=mm&cell_selection=land"
"new-york-march-2020",40.7128,-74.006,"2020-03-01","2020-03-31","2020-03-18T04:00:00.000Z",8,75,0,2.28,3.8,"2020-03-18T03:00:00.000Z","2020-03-18T04:00:00.000Z",true,"","complete",744,744,744,"Open-Meteo","ERA5 (requested)","era5",,"modeled_reanalysis",40.75,-74,32,"2026-09-11T00:26:47.065Z",,,"land","provider default elevation adjustment","instant meteorology; precipitation sum over preceding hour ending at time","reanalysis-adapter-v1","Weather data by Open-Meteo; ERA5 by Copernicus Climate Change Service (C3S) / ECMWF","https://open-meteo.com/en/docs/historical-weather-api","https://archive-api.open-meteo.com/v1/archive?latitude=40.7128&longitude=-74.006&start_date=2020-03-01&end_date=2020-03-31&models=era5&hourly=temperature_2m%2Crelative_humidity_2m%2Cprecipitation%2Cwind_speed_10m%2Cdew_point_2m&timezone=GMT&timeformat=unixtime&temperature_unit=celsius&wind_speed_unit=ms&precipitation_unit=mm&cell_selection=land"
"new-york-march-2020",40.7128,-74.006,"2020-03-01","2020-03-31","2020-03-18T05:00:00.000Z",7.9,72,0,2.33,3.2,"2020-03-18T04:00:00.000Z","2020-03-18T05:00:00.000Z",true,"","complete",744,744,744,"Open-Meteo","ERA5 (requested)","era5",,"modeled_reanalysis",40.75,-74,32,"2026-09-11T00:26:47.065Z",,,"land","provider default elevation adjustment","instant meteorology; precipitation sum over preceding hour ending at time","reanalysis-adapter-v1","Weather data by Open-Meteo; ERA5 by Copernicus Climate Change Service (C3S) / ECMWF","https://open-meteo.com/en/docs/historical-weather-api","https://archive-api.open-meteo.com/v1/archive?latitude=40.7128&longitude=-74.006&start_date=2020-03-01&end_date=2020-03-31&models=era5&hourly=temperature_2m%2Crelative_humidity_2m%2Cprecipitation%2Cwind_speed_10m%2Cdew_point_2m&timezone=GMT&timeformat=unixtime&temperature_unit=celsius&wind_speed_unit=ms&precipitation_unit=mm&cell_selection=land"
"new-york-march-2020",40.7128,-74.006,"2020-03-01","2020-03-31","2020-03-18T06:00:00.000Z",7.4,69,0,2.28,2,"2020-03-18T05:00:00.000Z","2020-03-18T06:00:00.000Z",true,"","complete",744,744,744,"Open-Meteo","ERA5 (requested)","era5",,"modeled_reanalysis",40.75,-74,32,"2026-09-11T00:26:47.065Z",,,"land","provider default elevation adjustment","instant meteorology; precipitation sum over preceding hour ending at time","reanalysis-adapter-v1","Weather data by Open-Meteo; ERA5 by Copernicus Climate Change Service (C3S) / ECMWF","https://open-meteo.com/en/docs/historical-weather-api","https://archive-api.open-meteo.com/v1/archive?latitude=40.7128&longitude=-74.006&start_date=2020-03-01&end_date=2020-03-31&models=era5&hourly=temperature_2m%2Crelative_humidity_2m%2Cprecipitation%2Cwind_speed_10m%2Cdew_point_2m&timezone=GMT&timeformat=unixtime&temperature_unit=celsius&wind_speed_unit=ms&precipitation_unit=mm&cell_selection=land"
"new-york-march-2020",40.7128,-74.006,"2020-03-01","2020-03-31","2020-03-18T07:00:00.000Z",7.1,65,0,2.19,1,"2020-03-18T06:00:00.000Z","2020-03-18T07:00:00.000Z",true,"","complete",744,744,744,"Open-Meteo","ERA5 (requested)","era5",,"modeled_reanalysis",40.75,-74,32,"2026-09-11T00:26:47.065Z",,,"land","provider default elevation adjustment","instant meteorology; precipitation sum over preceding hour ending at time","reanalysis-adapter-v1","Weather data by Open-Meteo; ERA5 by Copernicus Climate Change Service (C3S) / ECMWF","https://open-meteo.com/en/docs/historical-weather-api","https://archive-api.open-meteo.com/v1/archive?latitude=40.7128&longitude=-74.006&start_date=2020-03-01&end_date=2020-03-31&models=era5&hourly=temperature_2m%2Crelative_humidity_2m%2Cprecipitation%2Cwind_speed_10m%2Cdew_point_2m&timezone=GMT&timeformat=unixtime&temperature_unit=celsius&wind_speed_unit=ms&precipitation_unit=mm&cell_selection=land"
"new-york-march-2020",40.7128,-74.006,"2020-03-01","2020-03-31","2020-03-18T08:00:00.000Z",6.5,64,0,2.13,0.3,"2020-03-18T07:00:00.000Z","2020-03-18T08:00:00.000Z",true,"","complete",744,744,744,"Open-Meteo","ERA5 (requested)","era5",,"modeled_reanalysis",40.75,-74,32,"2026-09-11T00:26:47.065Z",,,"land","provider default elevation adjustment","instant meteorology; precipitation sum over preceding hour ending at time","reanalysis-adapter-v1","Weather data by Open-Meteo; ERA5 by Copernicus Climate Change Service (C3S) / ECMWF","https://open-meteo.com/en/docs/historical-weather-api","https://archive-api.open-meteo.com/v1/archive?latitude=40.7128&longitude=-74.006&start_date=2020-03-01&end_date=2020-03-31&models=era5&hourly=temperature_2m%2Crelative_humidity_2m%2Cprecipitation%2Cwind_speed_10m%2Cdew_point_2m&timezone=GMT&timeformat=unixtime&temperature_unit=celsius&wind_speed_unit=ms&precipitation_unit=mm&cell_selection=land"
"new-york-march-2020",40.7128,-74.006,"2020-03-01","2020-03-31","2020-03-18T09:00:00.000Z",5.5,66,0,2.2,-0.3,"2020-03-18T08:00:00.000Z","2020-03-18T09:00:00.000Z",true,"","complete",744,744,744,"Open-Meteo","ERA5 (requested)","era5",,"modeled_reanalysis",40.75,-74,32,"2026-09-11T00:26:47.065Z",,,"land","provider default elevation adjustment","instant meteorology; precipitation sum over preceding hour ending at time","reanalysis-adapter-v1","Weather data by Open-Meteo; ERA5 by Copernicus Climate Change Service (C3S) / ECMWF","https://open-meteo.com/en/docs/historical-weather-api","https://archive-api.open-meteo.com/v1/archive?latitude=40.7128&longitude=-74.006&start_date=2020-03-01&end_date=2020-03-31&models=era5&hourly=temperature_2m%2Crelative_humidity_2m%2Cprecipitation%2Cwind_speed_10m%2Cdew_point_2m&timezone=GMT&timeformat=unixtime&temperature_unit=celsius&wind_speed_unit=ms&precipitation_unit=mm&cell_selection=land"
"new-york-march-2020",40.7128,-74.006,"2020-03-01","2020-03-31","2020-03-18T10:00:00.000Z",3.9,72,0,2.19,-0.8,"2020-03-18T09:00:00.000Z","2020-03-18T10:00:00.000Z",true,"","complete",744,744,744,"Open-Meteo","ERA5 (requested)","era5",,"modeled_reanalysis",40.75,-74,32,"2026-09-11T00:26:47.065Z",,,"land","provider default elevation adjustment","instant meteorology; precipitation sum over preceding hour ending at time","reanalysis-adapter-v1","Weather data by Open-Meteo; ERA5 by Copernicus Climate Change Service (C3S) / ECMWF","https://open-meteo.com/en/docs/historical-weather-api","https://archive-api.open-meteo.com/v1/archive?latitude=40.7128&longitude=-74.006&start_date=2020-03-01&end_date=2020-03-31&models=era5&hourly=temperature_2m%2Crelative_humidity_2m%2Cprecipitation%2Cwind_speed_10m%2Cdew_point_2m&timezone=GMT&timeformat=unixtime&temperature_unit=celsius&wind_speed_unit=ms&precipitation_unit=mm&cell_selection=land"
"new-york-march-2020",40.7128,-74.006,"2020-03-01","2020-03-31","2020-03-18T11:00:00.000Z",3.9,74,0,2.08,-0.3,"2020-03-18T10:00:00.000Z","2020-03-18T11:00:00.000Z",true,"","complete",744,744,744,"Open-Meteo","ERA5 (requested)","era5",,"modeled_reanalysis",40.75,-74,32,"2026-09-11T00:26:47.065Z",,,"land","provider default elevation adjustment","instant meteorology; precipitation sum over preceding hour ending at time","reanalysis-adapter-v1","Weather data by Open-Meteo; ERA5 by Copernicus Climate Change Service (C3S) / ECMWF","https://open-meteo.com/en/docs/historical-weather-api","https://archive-api.open-meteo.com/v1/archive?latitude=40.7128&longitude=-74.006&start_date=2020-03-01&end_date=2020-03-31&models=era5&hourly=temperature_2m%2Crelative_humidity_2m%2Cprecipitation%2Cwind_speed_10m%2Cdew_point_2m&timezone=GMT&timeformat=unixtime&temperature_unit=celsius&wind_speed_unit=ms&precipitation_unit=mm&cell_selection=land"
"new-york-march-2020",40.7128,-74.006,"2020-03-01","2020-03-31","2020-03-18T12:00:00.000Z",3.5,76,0,1.57,-0.4,"2020-03-18T11:00:00.000Z","2020-03-18T12:00:00.000Z",true,"","complete",744,744,744,"Open-Meteo","ERA5 (requested)","era5",,"modeled_reanalysis",40.75,-74,32,"2026-09-11T00:26:47.065Z",,,"land","provider default elevation adjustment","instant meteorology; precipitation sum over preceding hour ending at time","reanalysis-adapter-v1","Weather data by Open-Meteo; ERA5 by Copernicus Climate Change Service (C3S) / ECMWF","https://open-meteo.com/en/docs/historical-weather-api","https://archive-api.open-meteo.com/v1/archive?latitude=40.7128&longitude=-74.006&start_date=2020-03-01&end_date=2020-03-31&models=era5&hourly=temperature_2m%2Crelative_humidity_2m%2Cprecipitation%2Cwind_speed_10m%2Cdew_point_2m&timezone=GMT&timeformat=unixtime&temperature_unit=celsius&wind_speed_unit=ms&precipitation_unit=mm&cell_selection=land"
"new-york-march-2020",40.7128,-74.006,"2020-03-01","2020-03-31","2020-03-18T13:00:00.000Z",5.6,65,0,1.14,-0.5,"2020-03-18T12:00:00.000Z","2020-03-18T13:00:00.000Z",true,"","complete",744,744,744,"Open-Meteo","ERA5 (requested)","era5",,"modeled_reanalysis",40.75,-74,32,"2026-09-11T00:26:47.065Z",,,"land","provider default elevation adjustment","instant meteorology; precipitation sum over preceding hour ending at time","reanalysis-adapter-v1","Weather data by Open-Meteo; ERA5 by Copernicus Climate Change Service (C3S) / ECMWF","https://open-meteo.com/en/docs/historical-weather-api","https://archive-api.open-meteo.com/v1/archive?latitude=40.7128&longitude=-74.006&start_date=2020-03-01&end_date=2020-03-31&models=era5&hourly=temperature_2m%2Crelative_humidity_2m%2Cprecipitation%2Cwind_speed_10m%2Cdew_point_2m&timezone=GMT&timeformat=unixtime&temperature_unit=celsius&wind_speed_unit=ms&precipitation_unit=mm&cell_selection=land"
"new-york-march-2020",40.7128,-74.006,"2020-03-01","2020-03-31","2020-03-18T14:00:00.000Z",6.9,53,0,1.12,-1.9,"2020-03-18T13:00:00.000Z","2020-03-18T14:00:00.000Z",true,"","complete",744,744,744,"Open-Meteo","ERA5 (requested)","era5",,"modeled_reanalysis",40.75,-74,32,"2026-09-11T00:26:47.065Z",,,"land","provider default elevation adjustment","instant meteorology; precipitation sum over preceding hour ending at time","reanalysis-adapter-v1","Weather data by Open-Meteo; ERA5 by Copernicus Climate Change Service (C3S) / ECMWF","https://open-meteo.com/en/docs/historical-weather-api","https://archive-api.open-meteo.com/v1/archive?latitude=40.7128&longitude=-74.006&start_date=2020-03-01&end_date=2020-03-31&models=era5&hourly=temperature_2m%2Crelative_humidity_2m%2Cprecipitation%2Cwind_speed_10m%2Cdew_point_2m&timezone=GMT&timeformat=unixtime&temperature_unit=celsius&wind_speed_unit=ms&precipitation_unit=mm&cell_selection=land"
"new-york-march-2020",40.7128,-74.006,"2020-03-01","2020-03-31","2020-03-18T15:00:00.000Z",8.7,47,0,1,-2.1,"2020-03-18T14:00:00.000Z","2020-03-18T15:00:00.000Z",true,"","complete",744,744,744,"Open-Meteo","ERA5 (requested)","era5",,"modeled_reanalysis",40.75,-74,32,"2026-09-11T00:26:47.065Z",,,"land","provider default elevation adjustment","instant meteorology; precipitation sum over preceding hour ending at time","reanalysis-adapter-v1","Weather data by Open-Meteo; ERA5 by Copernicus Climate Change Service (C3S) / ECMWF","https://open-meteo.com/en/docs/historical-weather-api","https://archive-api.open-meteo.com/v1/archive?latitude=40.7128&longitude=-74.006&start_date=2020-03-01&end_date=2020-03-31&models=era5&hourly=temperature_2m%2Crelative_humidity_2m%2Cprecipitation%2Cwind_speed_10m%2Cdew_point_2m&timezone=GMT&timeformat=unixtime&temperature_unit=celsius&wind_speed_unit=ms&precipitation_unit=mm&cell_selection=land"
"new-york-march-2020",40.7128,-74.006,"2020-03-01","2020-03-31","2020-03-18T16:00:00.000Z",9.3,43,0,1.22,-2.6,"2020-03-18T15:00:00.000Z","2020-03-18T16:00:00.000Z",true,"","complete",744,744,744,"Open-Meteo","ERA5 (requested)","era5",,"modeled_reanalysis",40.75,-74,32,"2026-09-11T00:26:47.065Z",,,"land","provider default elevation adjustment","instant meteorology; precipitation sum over preceding hour ending at time","reanalysis-adapter-v1","Weather data by Open-Meteo; ERA5 by Copernicus Climate Change Service (C3S) / ECMWF","https://open-meteo.com/en/docs/historical-weather-api","https://archive-api.open-meteo.com/v1/archive?latitude=40.7128&longitude=-74.006&start_date=2020-03-01&end_date=2020-03-31&models=era5&hourly=temperature_2m%2Crelative_humidity_2m%2Cprecipitation%2Cwind_speed_10m%2Cdew_point_2m&timezone=GMT&timeformat=unixtime&temperature_unit=celsius&wind_speed_unit=ms&precipitation_unit=mm&cell_selection=land"
"new-york-march-2020",40.7128,-74.006,"2020-03-01","2020-03-31","2020-03-18T17:00:00.000Z",9.4,47,0,2.32,-1.4,"2020-03-18T16:00:00.000Z","2020-03-18T17:00:00.000Z",true,"","complete",744,744,744,"Open-Meteo","ERA5 (requested)","era5",,"modeled_reanalysis",40.75,-74,32,"2026-09-11T00:26:47.065Z",,,"land","provider default elevation adjustment","instant meteorology; precipitation sum over preceding hour ending at time","reanalysis-adapter-v1","Weather data by Open-Meteo; ERA5 by Copernicus Climate Change Service (C3S) / ECMWF","https://open-meteo.com/en/docs/historical-weather-api","https://archive-api.open-meteo.com/v1/archive?latitude=40.7128&longitude=-74.006&start_date=2020-03-01&end_date=2020-03-31&models=era5&hourly=temperature_2m%2Crelative_humidity_2m%2Cprecipitation%2Cwind_speed_10m%2Cdew_point_2m&timezone=GMT&timeformat=unixtime&temperature_unit=celsius&wind_speed_unit=ms&precipitation_unit=mm&cell_selection=land"
"new-york-march-2020",40.7128,-74.006,"2020-03-01","2020-03-31","2020-03-18T18:00:00.000Z",9.8,45,0,2.6,-1.5,"2020-03-18T17:00:00.000Z","2020-03-18T18:00:00.000Z",true,"","complete",744,744,744,"Open-Meteo","ERA5 (requested)","era5",,"modeled_reanalysis",40.75,-74,32,"2026-09-11T00:26:47.065Z",,,"land","provider default elevation adjustment","instant meteorology; precipitation sum over preceding hour ending at time","reanalysis-adapter-v1","Weather data by Open-Meteo; ERA5 by Copernicus Climate Change Service (C3S) / ECMWF","https://open-meteo.com/en/docs/historical-weather-api","https://archive-api.open-meteo.com/v1/archive?latitude=40.7128&longitude=-74.006&start_date=2020-03-01&end_date=2020-03-31&models=era5&hourly=temperature_2m%2Crelative_humidity_2m%2Cprecipitation%2Cwind_speed_10m%2Cdew_point_2m&timezone=GMT&timeformat=unixtime&temperature_unit=celsius&wind_speed_unit=ms&precipitation_unit=mm&cell_selection=land"
"new-york-march-2020",40.7128,-74.006,"2020-03-01","2020-03-31","2020-03-18T19:00:00.000Z",10.3,43,0,2.61,-1.7,"2020-03-18T18:00:00.000Z","2020-03-18T19:00:00.000Z",true,"","complete",744,744,744,"Open-Meteo","ERA5 (requested)","era5",,"modeled_reanalysis",40.75,-74,32,"2026-09-11T00:26:47.065Z",,,"land","provider default elevation adjustment","instant meteorology; precipitation sum over preceding hour ending at time","reanalysis-adapter-v1","Weather data by Open-Meteo; ERA5 by Copernicus Climate Change Service (C3S) / ECMWF","https://open-meteo.com/en/docs/historical-weather-api","https://archive-api.open-meteo.com/v1/archive?latitude=40.7128&longitude=-74.006&start_date=2020-03-01&end_date=2020-03-31&models=era5&hourly=temperature_2m%2Crelative_humidity_2m%2Cprecipitation%2Cwind_speed_10m%2Cdew_point_2m&timezone=GMT&timeformat=unixtime&temperature_unit=celsius&wind_speed_unit=ms&precipitation_unit=mm&cell_selection=land"
"new-york-march-2020",40.7128,-74.006,"2020-03-01","2020-03-31","2020-03-18T20:00:00.000Z",10.2,43,0,2.92,-1.8,"2020-03-18T19:00:00.000Z","2020-03-18T20:00:00.000Z",true,"","complete",744,744,744,"Open-Meteo","ERA5 (requested)","era5",,"modeled_reanalysis",40.75,-74,32,"2026-09-11T00:26:47.065Z",,,"land","provider default elevation adjustment","instant meteorology; precipitation sum over preceding hour ending at time","reanalysis-adapter-v1","Weather data by Open-Meteo; ERA5 by Copernicus Climate Change Service (C3S) / ECMWF","https://open-meteo.com/en/docs/historical-weather-api","https://archive-api.open-meteo.com/v1/archive?latitude=40.7128&longitude=-74.006&start_date=2020-03-01&end_date=2020-03-31&models=era5&hourly=temperature_2m%2Crelative_humidity_2m%2Cprecipitation%2Cwind_speed_10m%2Cdew_point_2m&timezone=GMT&timeformat=unixtime&temperature_unit=celsius&wind_speed_unit=ms&precipitation_unit=mm&cell_selection=land"
"new-york-march-2020",40.7128,-74.006,"2020-03-01","2020-03-31","2020-03-18T21:00:00.000Z",9.9,44,0,3.44,-1.7,"2020-03-18T20:00:00.000Z","2020-03-18T21:00:00.000Z",true,"","complete",744,744,744,"Open-Meteo","ERA5 (requested)","era5",,"modeled_reanalysis",40.75,-74,32,"2026-09-11T00:26:47.065Z",,,"land","provider default elevation adjustment","instant meteorology; precipitation sum over preceding hour ending at time","reanalysis-adapter-v1","Weather data by Open-Meteo; ERA5 by Copernicus Climate Change Service (C3S) / ECMWF","https://open-meteo.com/en/docs/historical-weather-api","https://archive-api.open-meteo.com/v1/archive?latitude=40.7128&longitude=-74.006&start_date=2020-03-01&end_date=2020-03-31&models=era5&hourly=temperature_2m%2Crelative_humidity_2m%2Cprecipitation%2Cwind_speed_10m%2Cdew_point_2m&timezone=GMT&timeformat=unixtime&temperature_unit=celsius&wind_speed_unit=ms&precipitation_unit=mm&cell_selection=land"
"new-york-march-2020",40.7128,-74.006,"2020-03-01","2020-03-31","2020-03-18T22:00:00.000Z",8.9,50,0,3.54,-0.9,"2020-03-18T21:00:00.000Z","2020-03-18T22:00:00.000Z",true,"","complete",744,744,744,"Open-Meteo","ERA5 (requested)","era5",,"modeled_reanalysis",40.75,-74,32,"2026-09-11T00:26:47.065Z",,,"land","provider default elevation adjustment","instant meteorology; precipitation sum over preceding hour ending at time","reanalysis-adapter-v1","Weather data by Open-Meteo; ERA5 by Copernicus Climate Change Service (C3S) / ECMWF","https://open-meteo.com/en/docs/historical-weather-api","https://archive-api.open-meteo.com/v1/archive?latitude=40.7128&longitude=-74.006&start_date=2020-03-01&end_date=2020-03-31&models=era5&hourly=temperature_2m%2Crelative_humidity_2m%2Cprecipitation%2Cwind_speed_10m%2Cdew_point_2m&timezone=GMT&timeformat=unixtime&temperature_unit=celsius&wind_speed_unit=ms&precipitation_unit=mm&cell_selection=land"
"new-york-march-2020",40.7128,-74.006,"2020-03-01","2020-03-31","2020-03-18T23:00:00.000Z",8.5,54,0,3.89,-0.3,"2020-03-18T22:00:00.000Z","2020-03-18T23:00:00.000Z",true,"","complete",744,744,744,"Open-Meteo","ERA5 (requested)","era5",,"modeled_reanalysis",40.75,-74,32,"2026-09-11T00:26:47.065Z",,,"land","provider default elevation adjustment","instant meteorology; precipitation sum over preceding hour ending at time","reanalysis-adapter-v1","Weather data by Open-Meteo; ERA5 by Copernicus Climate Change Service (C3S) / ECMWF","https://open-meteo.com/en/docs/historical-weather-api","https://archive-api.open-meteo.com/v1/archive?latitude=40.7128&longitude=-74.006&start_date=2020-03-01&end_date=2020-03-31&models=era5&hourly=temperature_2m%2Crelative_humidity_2m%2Cprecipitation%2Cwind_speed_10m%2Cdew_point_2m&timezone=GMT&timeformat=unixtime&temperature_unit=celsius&wind_speed_unit=ms&precipitation_unit=mm&cell_selection=land"
"new-york-march-2020",40.7128,-74.006,"2020-03-01","2020-03-31","2020-03-19T00:00:00.000Z",8,57,0,3.89,-0.1,"2020-03-18T23:00:00.000Z","2020-03-19T00:00:00.000Z",true,"","complete",744,744,744,"Open-Meteo","ERA5 (requested)","era5",,"modeled_reanalysis",40.75,-74,32,"2026-09-11T00:26:47.065Z",,,"land","provider default elevation adjustment","instant meteorology; precipitation sum over preceding hour ending at time","reanalysis-adapter-v1","Weather data by Open-Meteo; ERA5 by Copernicus Climate Change Service (C3S) / ECMWF","https://open-meteo.com/en/docs/historical-weather-api","https://archive-api.open-meteo.com/v1/archive?latitude=40.7128&longitude=-74.006&start_date=2020-03-01&end_date=2020-03-31&models=era5&hourly=temperature_2m%2Crelative_humidity_2m%2Cprecipitation%2Cwind_speed_10m%2Cdew_point_2m&timezone=GMT&timeformat=unixtime&temperature_unit=celsius&wind_speed_unit=ms&precipitation_unit=mm&cell_selection=land"
"new-york-march-2020",40.7128,-74.006,"2020-03-01","2020-03-31","2020-03-19T01:00:00.000Z",8,57,0,3.22,-0.1,"2020-03-19T00:00:00.000Z","2020-03-19T01:00:00.000Z",true,"","complete",744,744,744,"Open-Meteo","ERA5 (requested)","era5",,"modeled_reanalysis",40.75,-74,32,"2026-09-11T00:26:47.065Z",,,"land","provider default elevation adjustment","instant meteorology; precipitation sum over preceding hour ending at time","reanalysis-adapter-v1","Weather data by Open-Meteo; ERA5 by Copernicus Climate Change Service (C3S) / ECMWF","https://open-meteo.com/en/docs/historical-weather-api","https://archive-api.open-meteo.com/v1/archive?latitude=40.7128&longitude=-74.006&start_date=2020-03-01&end_date=2020-03-31&models=era5&hourly=temperature_2m%2Crelative_humidity_2m%2Cprecipitation%2Cwind_speed_10m%2Cdew_point_2m&timezone=GMT&timeformat=unixtime&temperature_unit=celsius&wind_speed_unit=ms&precipitation_unit=mm&cell_selection=land"
"new-york-march-2020",40.7128,-74.006,"2020-03-01","2020-03-31","2020-03-19T02:00:00.000Z",7.9,57,0,3.49,-0.1,"2020-03-19T01:00:00.000Z","2020-03-19T02:00:00.000Z",true,"","complete",744,744,744,"Open-Meteo","ERA5 (requested)","era5",,"modeled_reanalysis",40.75,-74,32,"2026-09-11T00:26:47.065Z",,,"land","provider default elevation adjustment","instant meteorology; precipitation sum over preceding hour ending at time","reanalysis-adapter-v1","Weather data by Open-Meteo; ERA5 by Copernicus Climate Change Service (C3S) / ECMWF","https://open-meteo.com/en/docs/historical-weather-api","https://archive-api.open-meteo.com/v1/archive?latitude=40.7128&longitude=-74.006&start_date=2020-03-01&end_date=2020-03-31&models=era5&hourly=temperature_2m%2Crelative_humidity_2m%2Cprecipitation%2Cwind_speed_10m%2Cdew_point_2m&timezone=GMT&timeformat=unixtime&temperature_unit=celsius&wind_speed_unit=ms&precipitation_unit=mm&cell_selection=land"
"new-york-march-2020",40.7128,-74.006,"2020-03-01","2020-03-31","2020-03-19T03:00:00.000Z",7.3,62,0,3.67,0.6,"2020-03-19T02:00:00.000Z","2020-03-19T03:00:00.000Z",true,"","complete",744,744,744,"Open-Meteo","ERA5 (requested)","era5",,"modeled_reanalysis",40.75,-74,32,"2026-09-11T00:26:47.065Z",,,"land","provider default elevation adjustment","instant meteorology; precipitation sum over preceding hour ending at time","reanalysis-adapter-v1","Weather data by Open-Meteo; ERA5 by Copernicus Climate Change Service (C3S) / ECMWF","https://open-meteo.com/en/docs/historical-weather-api","https://archive-api.open-meteo.com/v1/archive?latitude=40.7128&longitude=-74.006&start_date=2020-03-01&end_date=2020-03-31&models=era5&hourly=temperature_2m%2Crelative_humidity_2m%2Cprecipitation%2Cwind_speed_10m%2Cdew_point_2m&timezone=GMT&timeformat=unixtime&temperature_unit=celsius&wind_speed_unit=ms&precipitation_unit=mm&cell_selection=land"
"new-york-march-2020",40.7128,-74.006,"2020-03-01","2020-03-31","2020-03-19T04:00:00.000Z",7.4,62,0,3.16,0.5,"2020-03-19T03:00:00.000Z","2020-03-19T04:00:00.000Z",true,"","complete",744,744,744,"Open-Meteo","ERA5 (requested)","era5",,"modeled_reanalysis",40.75,-74,32,"2026-09-11T00:26:47.065Z",,,"land","provider default elevation adjustment","instant meteorology; precipitation sum over preceding hour ending at time","reanalysis-adapter-v1","Weather data by Open-Meteo; ERA5 by Copernicus Climate Change Service (C3S) / ECMWF","https://open-meteo.com/en/docs/historical-weather-api","https://archive-api.open-meteo.com/v1/archive?latitude=40.7128&longitude=-74.006&start_date=2020-03-01&end_date=2020-03-31&models=era5&hourly=temperature_2m%2Crelative_humidity_2m%2Cprecipitation%2Cwind_speed_10m%2Cdew_point_2m&timezone=GMT&timeformat=unixtime&temperature_unit=celsius&wind_speed_unit=ms&precipitation_unit=mm&cell_selection=land"
"new-york-march-2020",40.7128,-74.006,"2020-03-01","2020-03-31","2020-03-19T05:00:00.000Z",6.9,67,0.1,3.05,1.2,"2020-03-19T04:00:00.000Z","2020-03-19T05:00:00.000Z",true,"","complete",744,744,744,"Open-Meteo","ERA5 (requested)","era5",,"modeled_reanalysis",40.75,-74,32,"2026-09-11T00:26:47.065Z",,,"land","provider default elevation adjustment","instant meteorology; precipitation sum over preceding hour ending at time","reanalysis-adapter-v1","Weather data by Open-Meteo; ERA5 by Copernicus Climate Change Service (C3S) / ECMWF","https://open-meteo.com/en/docs/historical-weather-api","https://archive-api.open-meteo.com/v1/archive?latitude=40.7128&longitude=-74.006&start_date=2020-03-01&end_date=2020-03-31&models=era5&hourly=temperature_2m%2Crelative_humidity_2m%2Cprecipitation%2Cwind_speed_10m%2Cdew_point_2m&timezone=GMT&timeformat=unixtime&temperature_unit=celsius&wind_speed_unit=ms&precipitation_unit=mm&cell_selection=land"
"new-york-march-2020",40.7128,-74.006,"2020-03-01","2020-03-31","2020-03-19T06:00:00.000Z",6.4,71,1.3,2.55,1.6,"2020-03-19T05:00:00.000Z","2020-03-19T06:00:00.000Z",true,"","complete",744,744,744,"Open-Meteo","ERA5 (requested)","era5",,"modeled_reanalysis",40.75,-74,32,"2026-09-11T00:26:47.065Z",,,"land","provider default elevation adjustment","instant meteorology; precipitation sum over preceding hour ending at time","reanalysis-adapter-v1","Weather data by Open-Meteo; ERA5 by Copernicus Climate Change Service (C3S) / ECMWF","https://open-meteo.com/en/docs/historical-weather-api","https://archive-api.open-meteo.com/v1/archive?latitude=40.7128&longitude=-74.006&start_date=2020-03-01&end_date=2020-03-31&models=era5&hourly=temperature_2m%2Crelative_humidity_2m%2Cprecipitation%2Cwind_speed_10m%2Cdew_point_2m&timezone=GMT&timeformat=unixtime&temperature_unit=celsius&wind_speed_unit=ms&precipitation_unit=mm&cell_selection=land"
"new-york-march-2020",40.7128,-74.006,"2020-03-01","2020-03-31","2020-03-19T07:00:00.000Z",6,79,2,3.1,2.6,"2020-03-19T06:00:00.000Z","2020-03-19T07:00:00.000Z",true,"","complete",744,744,744,"Open-Meteo","ERA5 (requested)","era5",,"modeled_reanalysis",40.75,-74,32,"2026-09-11T00:26:47.065Z",,,"land","provider default elevation adjustment","instant meteorology; precipitation sum over preceding hour ending at time","reanalysis-adapter-v1","Weather data by Open-Meteo; ERA5 by Copernicus Climate Change Service (C3S) / ECMWF","https://open-meteo.com/en/docs/historical-weather-api","https://archive-api.open-meteo.com/v1/archive?latitude=40.7128&longitude=-74.006&start_date=2020-03-01&end_date=2020-03-31&models=era5&hourly=temperature_2m%2Crelative_humidity_2m%2Cprecipitation%2Cwind_speed_10m%2Cdew_point_2m&timezone=GMT&timeformat=unixtime&temperature_unit=celsius&wind_speed_unit=ms&precipitation_unit=mm&cell_selection=land"
"new-york-march-2020",40.7128,-74.006,"2020-03-01","2020-03-31","2020-03-19T08:00:00.000Z",5.7,84,2.7,3.71,3.1,"2020-03-19T07:00:00.000Z","2020-03-19T08:00:00.000Z",true,"","complete",744,744,744,"Open-Meteo","ERA5 (requested)","era5",,"modeled_reanalysis",40.75,-74,32,"2026-09-11T00:26:47.065Z",,,"land","provider default elevation adjustment","instant meteorology; precipitation sum over preceding hour ending at time","reanalysis-adapter-v1","Weather data by Open-Meteo; ERA5 by Copernicus Climate Change Service (C3S) / ECMWF","https://open-meteo.com/en/docs/historical-weather-api","https://archive-api.open-meteo.com/v1/archive?latitude=40.7128&longitude=-74.006&start_date=2020-03-01&end_date=2020-03-31&models=era5&hourly=temperature_2m%2Crelative_humidity_2m%2Cprecipitation%2Cwind_speed_10m%2Cdew_point_2m&timezone=GMT&timeformat=unixtime&temperature_unit=celsius&wind_speed_unit=ms&precipitation_unit=mm&cell_selection=land"
"new-york-march-2020",40.7128,-74.006,"2020-03-01","2020-03-31","2020-03-19T09:00:00.000Z",5.7,87,3.4,4.14,3.7,"2020-03-19T08:00:00.000Z","2020-03-19T09:00:00.000Z",true,"","complete",744,744,744,"Open-Meteo","ERA5 (requested)","era5",,"modeled_reanalysis",40.75,-74,32,"2026-09-11T00:26:47.065Z",,,"land","provider default elevation adjustment","instant meteorology; precipitation sum over preceding hour ending at time","reanalysis-adapter-v1","Weather data by Open-Meteo; ERA5 by Copernicus Climate Change Service (C3S) / ECMWF","https://open-meteo.com/en/docs/historical-weather-api","https://archive-api.open-meteo.com/v1/archive?latitude=40.7128&longitude=-74.006&start_date=2020-03-01&end_date=2020-03-31&models=era5&hourly=temperature_2m%2Crelative_humidity_2m%2Cprecipitation%2Cwind_speed_10m%2Cdew_point_2m&timezone=GMT&timeformat=unixtime&temperature_unit=celsius&wind_speed_unit=ms&precipitation_unit=mm&cell_selection=land"
"new-york-march-2020",40.7128,-74.006,"2020-03-01","2020-03-31","2020-03-19T10:00:00.000Z",5.8,90,3.2,4.29,4.3,"2020-03-19T09:00:00.000Z","2020-03-19T10:00:00.000Z",true,"","complete",744,744,744,"Open-Meteo","ERA5 (requested)","era5",,"modeled_reanalysis",40.75,-74,32,"2026-09-11T00:26:47.065Z",,,"land","provider default elevation adjustment","instant meteorology; precipitation sum over preceding hour ending at time","reanalysis-adapter-v1","Weather data by Open-Meteo; ERA5 by Copernicus Climate Change Service (C3S) / ECMWF","https://open-meteo.com/en/docs/historical-weather-api","https://archive-api.open-meteo.com/v1/archive?latitude=40.7128&longitude=-74.006&start_date=2020-03-01&end_date=2020-03-31&models=era5&hourly=temperature_2m%2Crelative_humidity_2m%2Cprecipitation%2Cwind_speed_10m%2Cdew_point_2m&timezone=GMT&timeformat=unixtime&temperature_unit=celsius&wind_speed_unit=ms&precipitation_unit=mm&cell_selection=land"
"new-york-march-2020",40.7128,-74.006,"2020-03-01","2020-03-31","2020-03-19T11:00:00.000Z",6.1,89,2.4,3.54,4.5,"2020-03-19T10:00:00.000Z","2020-03-19T11:00:00.000Z",true,"","complete",744,744,744,"Open-Meteo","ERA5 (requested)","era5",,"modeled_reanalysis",40.75,-74,32,"2026-09-11T00:26:47.065Z",,,"land","provider default elevation adjustment","instant meteorology; precipitation sum over preceding hour ending at time","reanalysis-adapter-v1","Weather data by Open-Meteo; ERA5 by Copernicus Climate Change Service (C3S) / ECMWF","https://open-meteo.com/en/docs/historical-weather-api","https://archive-api.open-meteo.com/v1/archive?latitude=40.7128&longitude=-74.006&start_date=2020-03-01&end_date=2020-03-31&models=era5&hourly=temperature_2m%2Crelative_humidity_2m%2Cprecipitation%2Cwind_speed_10m%2Cdew_point_2m&timezone=GMT&timeformat=unixtime&temperature_unit=celsius&wind_speed_unit=ms&precipitation_unit=mm&cell_selection=land"
"new-york-march-2020",40.7128,-74.006,"2020-03-01","2020-03-31","2020-03-19T12:00:00.000Z",6.3,91,0.5,3.81,4.9,"2020-03-19T11:00:00.000Z","2020-03-19T12:00:00.000Z",true,"","complete",744,744,744,"Open-Meteo","ERA5 (requested)","era5",,"modeled_reanalysis",40.75,-74,32,"2026-09-11T00:26:47.065Z",,,"land","provider default elevation adjustment","instant meteorology; precipitation sum over preceding hour ending at time","reanalysis-adapter-v1","Weather data by Open-Meteo; ERA5 by Copernicus Climate Change Service (C3S) / ECMWF","https://open-meteo.com/en/docs/historical-weather-api","https://archive-api.open-meteo.com/v1/archive?latitude=40.7128&longitude=-74.006&start_date=2020-03-01&end_date=2020-03-31&models=era5&hourly=temperature_2m%2Crelative_humidity_2m%2Cprecipitation%2Cwind_speed_10m%2Cdew_point_2m&timezone=GMT&timeformat=unixtime&temperature_unit=celsius&wind_speed_unit=ms&precipitation_unit=mm&cell_selection=land"
"new-york-march-2020",40.7128,-74.006,"2020-03-01","2020-03-31","2020-03-19T13:00:00.000Z",6.4,91,0,4.07,5,"2020-03-19T12:00:00.000Z","2020-03-19T13:00:00.000Z",true,"","complete",744,744,744,"Open-Meteo","ERA5 (requested)","era5",,"modeled_reanalysis",40.75,-74,32,"2026-09-11T00:26:47.065Z",,,"land","provider default elevation adjustment","instant meteorology; precipitation sum over preceding hour ending at time","reanalysis-adapter-v1","Weather data by Open-Meteo; ERA5 by Copernicus Climate Change Service (C3S) / ECMWF","https://open-meteo.com/en/docs/historical-weather-api","https://archive-api.open-meteo.com/v1/archive?latitude=40.7128&longitude=-74.006&start_date=2020-03-01&end_date=2020-03-31&models=era5&hourly=temperature_2m%2Crelative_humidity_2m%2Cprecipitation%2Cwind_speed_10m%2Cdew_point_2m&timezone=GMT&timeformat=unixtime&temperature_unit=celsius&wind_speed_unit=ms&precipitation_unit=mm&cell_selection=land"
"new-york-march-2020",40.7128,-74.006,"2020-03-01","2020-03-31","2020-03-19T14:00:00.000Z",6.5,91,0,4.12,5.1,"2020-03-19T13:00:00.000Z","2020-03-19T14:00:00.000Z",true,"","complete",744,744,744,"Open-Meteo","ERA5 (requested)","era5",,"modeled_reanalysis",40.75,-74,32,"2026-09-11T00:26:47.065Z",,,"land","provider default elevation adjustment","instant meteorology; precipitation sum over preceding hour ending at time","reanalysis-adapter-v1","Weather data by Open-Meteo; ERA5 by Copernicus Climate Change Service (C3S) / ECMWF","https://open-meteo.com/en/docs/historical-weather-api","https://archive-api.open-meteo.com/v1/archive?latitude=40.7128&longitude=-74.006&start_date=2020-03-01&end_date=2020-03-31&models=era5&hourly=temperature_2m%2Crelative_humidity_2m%2Cprecipitation%2Cwind_speed_10m%2Cdew_point_2m&timezone=GMT&timeformat=unixtime&temperature_unit=celsius&wind_speed_unit=ms&precipitation_unit=mm&cell_selection=land"
"new-york-march-2020",40.7128,-74.006,"2020-03-01","2020-03-31","2020-03-19T15:00:00.000Z",7.3,85,0,3.98,5,"2020-03-19T14:00:00.000Z","2020-03-19T15:00:00.000Z",true,"","complete",744,744,744,"Open-Meteo","ERA5 (requested)","era5",,"modeled_reanalysis",40.75,-74,32,"2026-09-11T00:26:47.065Z",,,"land","provider default elevation adjustment","instant meteorology; precipitation sum over preceding hour ending at time","reanalysis-adapter-v1","Weather data by Open-Meteo; ERA5 by Copernicus Climate Change Service (C3S) / ECMWF","https://open-meteo.com/en/docs/historical-weather-api","https://archive-api.open-meteo.com/v1/archive?latitude=40.7128&longitude=-74.006&start_date=2020-03-01&end_date=2020-03-31&models=era5&hourly=temperature_2m%2Crelative_humidity_2m%2Cprecipitation%2Cwind_speed_10m%2Cdew_point_2m&timezone=GMT&timeformat=unixtime&temperature_unit=celsius&wind_speed_unit=ms&precipitation_unit=mm&cell_selection=land"
"new-york-march-2020",40.7128,-74.006,"2020-03-01","2020-03-31","2020-03-19T16:00:00.000Z",7.9,85,0,3.67,5.4,"2020-03-19T15:00:00.000Z","2020-03-19T16:00:00.000Z",true,"","complete",744,744,744,"Open-Meteo","ERA5 (requested)","era5",,"modeled_reanalysis",40.75,-74,32,"2026-09-11T00:26:47.065Z",,,"land","provider default elevation adjustment","instant meteorology; precipitation sum over preceding hour ending at time","reanalysis-adapter-v1","Weather data by Open-Meteo; ERA5 by Copernicus Climate Change Service (C3S) / ECMWF","https://open-meteo.com/en/docs/historical-weather-api","https://archive-api.open-meteo.com/v1/archive?latitude=40.7128&longitude=-74.006&start_date=2020-03-01&end_date=2020-03-31&models=era5&hourly=temperature_2m%2Crelative_humidity_2m%2Cprecipitation%2Cwind_speed_10m%2Cdew_point_2m&timezone=GMT&timeformat=unixtime&temperature_unit=celsius&wind_speed_unit=ms&precipitation_unit=mm&cell_selection=land"
"new-york-march-2020",40.7128,-74.006,"2020-03-01","2020-03-31","2020-03-19T17:00:00.000Z",8.2,83,0,3.09,5.5,"2020-03-19T16:00:00.000Z","2020-03-19T17:00:00.000Z",true,"","complete",744,744,744,"Open-Meteo","ERA5 (requested)","era5",,"modeled_reanalysis",40.75,-74,32,"2026-09-11T00:26:47.065Z",,,"land","provider default elevation adjustment","instant meteorology; precipitation sum over preceding hour ending at time","reanalysis-adapter-v1","Weather data by Open-Meteo; ERA5 by Copernicus Climate Change Service (C3S) / ECMWF","https://open-meteo.com/en/docs/historical-weather-api","https://archive-api.open-meteo.com/v1/archive?latitude=40.7128&longitude=-74.006&start_date=2020-03-01&end_date=2020-03-31&models=era5&hourly=temperature_2m%2Crelative_humidity_2m%2Cprecipitation%2Cwind_speed_10m%2Cdew_point_2m&timezone=GMT&timeformat=unixtime&temperature_unit=celsius&wind_speed_unit=ms&precipitation_unit=mm&cell_selection=land"
"new-york-march-2020",40.7128,-74.006,"2020-03-01","2020-03-31","2020-03-19T18:00:00.000Z",8.5,82,0,2.42,5.7,"2020-03-19T17:00:00.000Z","2020-03-19T18:00:00.000Z",true,"","complete",744,744,744,"Open-Meteo","ERA5 (requested)","era5",,"modeled_reanalysis",40.75,-74,32,"2026-09-11T00:26:47.065Z",,,"land","provider default elevation adjustment","instant meteorology; precipitation sum over preceding hour ending at time","reanalysis-adapter-v1","Weather data by Open-Meteo; ERA5 by Copernicus Climate Change Service (C3S) / ECMWF","https://open-meteo.com/en/docs/historical-weather-api","https://archive-api.open-meteo.com/v1/archive?latitude=40.7128&longitude=-74.006&start_date=2020-03-01&end_date=2020-03-31&models=era5&hourly=temperature_2m%2Crelative_humidity_2m%2Cprecipitation%2Cwind_speed_10m%2Cdew_point_2m&timezone=GMT&timeformat=unixtime&temperature_unit=celsius&wind_speed_unit=ms&precipitation_unit=mm&cell_selection=land"
"new-york-march-2020",40.7128,-74.006,"2020-03-01","2020-03-31","2020-03-19T19:00:00.000Z",9,81,0,1.97,5.9,"2020-03-19T18:00:00.000Z","2020-03-19T19:00:00.000Z",true,"","complete",744,744,744,"Open-Meteo","ERA5 (requested)","era5",,"modeled_reanalysis",40.75,-74,32,"2026-09-11T00:26:47.065Z",,,"land","provider default elevation adjustment","instant meteorology; precipitation sum over preceding hour ending at time","reanalysis-adapter-v1","Weather data by Open-Meteo; ERA5 by Copernicus Climate Change Service (C3S) / ECMWF","https://open-meteo.com/en/docs/historical-weather-api","https://archive-api.open-meteo.com/v1/archive?latitude=40.7128&longitude=-74.006&start_date=2020-03-01&end_date=2020-03-31&models=era5&hourly=temperature_2m%2Crelative_humidity_2m%2Cprecipitation%2Cwind_speed_10m%2Cdew_point_2m&timezone=GMT&timeformat=unixtime&temperature_unit=celsius&wind_speed_unit=ms&precipitation_unit=mm&cell_selection=land"
"new-york-march-2020",40.7128,-74.006,"2020-03-01","2020-03-31","2020-03-19T20:00:00.000Z",9.1,80,0,1.58,5.8,"2020-03-19T19:00:00.000Z","2020-03-19T20:00:00.000Z",true,"","complete",744,744,744,"Open-Meteo","ERA5 (requested)","era5",,"modeled_reanalysis",40.75,-74,32,"2026-09-11T00:26:47.065Z",,,"land","provider default elevation adjustment","instant meteorology; precipitation sum over preceding hour ending at time","reanalysis-adapter-v1","Weather data by Open-Meteo; ERA5 by Copernicus Climate Change Service (C3S) / ECMWF","https://open-meteo.com/en/docs/historical-weather-api","https://archive-api.open-meteo.com/v1/archive?latitude=40.7128&longitude=-74.006&start_date=2020-03-01&end_date=2020-03-31&models=era5&hourly=temperature_2m%2Crelative_humidity_2m%2Cprecipitation%2Cwind_speed_10m%2Cdew_point_2m&timezone=GMT&timeformat=unixtime&temperature_unit=celsius&wind_speed_unit=ms&precipitation_unit=mm&cell_selection=land"
"new-york-march-2020",40.7128,-74.006,"2020-03-01","2020-03-31","2020-03-19T21:00:00.000Z",9.3,78,0,1.84,5.7,"2020-03-19T20:00:00.000Z","2020-03-19T21:00:00.000Z",true,"","complete",744,744,744,"Open-Meteo","ERA5 (requested)","era5",,"modeled_reanalysis",40.75,-74,32,"2026-09-11T00:26:47.065Z",,,"land","provider default elevation adjustment","instant meteorology; precipitation sum over preceding hour ending at time","reanalysis-adapter-v1","Weather data by Open-Meteo; ERA5 by Copernicus Climate Change Service (C3S) / ECMWF","https://open-meteo.com/en/docs/historical-weather-api","https://archive-api.open-meteo.com/v1/archive?latitude=40.7128&longitude=-74.006&start_date=2020-03-01&end_date=2020-03-31&models=era5&hourly=temperature_2m%2Crelative_humidity_2m%2Cprecipitation%2Cwind_speed_10m%2Cdew_point_2m&timezone=GMT&timeformat=unixtime&temperature_unit=celsius&wind_speed_unit=ms&precipitation_unit=mm&cell_selection=land"
"new-york-march-2020",40.7128,-74.006,"2020-03-01","2020-03-31","2020-03-19T22:00:00.000Z",8.9,83,0,0.8,6.3,"2020-03-19T21:00:00.000Z","2020-03-19T22:00:00.000Z",true,"","complete",744,744,744,"Open-Meteo","ERA5 (requested)","era5",,"modeled_reanalysis",40.75,-74,32,"2026-09-11T00:26:47.065Z",,,"land","provider default elevation adjustment","instant meteorology; precipitation sum over preceding hour ending at time","reanalysis-adapter-v1","Weather data by Open-Meteo; ERA5 by Copernicus Climate Change Service (C3S) / ECMWF","https://open-meteo.com/en/docs/historical-weather-api","https://archive-api.open-meteo.com/v1/archive?latitude=40.7128&longitude=-74.006&start_date=2020-03-01&end_date=2020-03-31&models=era5&hourly=temperature_2m%2Crelative_humidity_2m%2Cprecipitation%2Cwind_speed_10m%2Cdew_point_2m&timezone=GMT&timeformat=unixtime&temperature_unit=celsius&wind_speed_unit=ms&precipitation_unit=mm&cell_selection=land"
"new-york-march-2020",40.7128,-74.006,"2020-03-01","2020-03-31","2020-03-19T23:00:00.000Z",9.1,82,0,1.21,6.3,"2020-03-19T22:00:00.000Z","2020-03-19T23:00:00.000Z",true,"","complete",744,744,744,"Open-Meteo","ERA5 (requested)","era5",,"modeled_reanalysis",40.75,-74,32,"2026-09-11T00:26:47.065Z",,,"land","provider default elevation adjustment","instant meteorology; precipitation sum over preceding hour ending at time","reanalysis-adapter-v1","Weather data by Open-Meteo; ERA5 by Copernicus Climate Change Service (C3S) / ECMWF","https://open-meteo.com/en/docs/historical-weather-api","https://archive-api.open-meteo.com/v1/archive?latitude=40.7128&longitude=-74.006&start_date=2020-03-01&end_date=2020-03-31&models=era5&hourly=temperature_2m%2Crelative_humidity_2m%2Cprecipitation%2Cwind_speed_10m%2Cdew_point_2m&timezone=GMT&timeformat=unixtime&temperature_unit=celsius&wind_speed_unit=ms&precipitation_unit=mm&cell_selection=land"
"new-york-march-2020",40.7128,-74.006,"2020-03-01","2020-03-31","2020-03-20T00:00:00.000Z",9.1,83,0,0.7,6.4,"2020-03-19T23:00:00.000Z","2020-03-20T00:00:00.000Z",true,"","complete",744,744,744,"Open-Meteo","ERA5 (requested)","era5",,"modeled_reanalysis",40.75,-74,32,"2026-09-11T00:26:47.065Z",,,"land","provider default elevation adjustment","instant meteorology; precipitation sum over preceding hour ending at time","reanalysis-adapter-v1","Weather data by Open-Meteo; ERA5 by Copernicus Climate Change Service (C3S) / ECMWF","https://open-meteo.com/en/docs/historical-weather-api","https://archive-api.open-meteo.com/v1/archive?latitude=40.7128&longitude=-74.006&start_date=2020-03-01&end_date=2020-03-31&models=era5&hourly=temperature_2m%2Crelative_humidity_2m%2Cprecipitation%2Cwind_speed_10m%2Cdew_point_2m&timezone=GMT&timeformat=unixtime&temperature_unit=celsius&wind_speed_unit=ms&precipitation_unit=mm&cell_selection=land"
"new-york-march-2020",40.7128,-74.006,"2020-03-01","2020-03-31","2020-03-20T01:00:00.000Z",9.1,84,0,1.22,6.5,"2020-03-20T00:00:00.000Z","2020-03-20T01:00:00.000Z",true,"","complete",744,744,744,"Open-Meteo","ERA5 (requested)","era5",,"modeled_reanalysis",40.75,-74,32,"2026-09-11T00:26:47.065Z",,,"land","provider default elevation adjustment","instant meteorology; precipitation sum over preceding hour ending at time","reanalysis-adapter-v1","Weather data by Open-Meteo; ERA5 by Copernicus Climate Change Service (C3S) / ECMWF","https://open-meteo.com/en/docs/historical-weather-api","https://archive-api.open-meteo.com/v1/archive?latitude=40.7128&longitude=-74.006&start_date=2020-03-01&end_date=2020-03-31&models=era5&hourly=temperature_2m%2Crelative_humidity_2m%2Cprecipitation%2Cwind_speed_10m%2Cdew_point_2m&timezone=GMT&timeformat=unixtime&temperature_unit=celsius&wind_speed_unit=ms&precipitation_unit=mm&cell_selection=land"
"new-york-march-2020",40.7128,-74.006,"2020-03-01","2020-03-31","2020-03-20T02:00:00.000Z",9,85,0,1.63,6.6,"2020-03-20T01:00:00.000Z","2020-03-20T02:00:00.000Z",true,"","complete",744,744,744,"Open-Meteo","ERA5 (requested)","era5",,"modeled_reanalysis",40.75,-74,32,"2026-09-11T00:26:47.065Z",,,"land","provider default elevation adjustment","instant meteorology; precipitation sum over preceding hour ending at time","reanalysis-adapter-v1","Weather data by Open-Meteo; ERA5 by Copernicus Climate Change Service (C3S) / ECMWF","https://open-meteo.com/en/docs/historical-weather-api","https://archive-api.open-meteo.com/v1/archive?latitude=40.7128&longitude=-74.006&start_date=2020-03-01&end_date=2020-03-31&models=era5&hourly=temperature_2m%2Crelative_humidity_2m%2Cprecipitation%2Cwind_speed_10m%2Cdew_point_2m&timezone=GMT&timeformat=unixtime&temperature_unit=celsius&wind_speed_unit=ms&precipitation_unit=mm&cell_selection=land"
"new-york-march-2020",40.7128,-74.006,"2020-03-01","2020-03-31","2020-03-20T03:00:00.000Z",8.7,87,0,1.49,6.7,"2020-03-20T02:00:00.000Z","2020-03-20T03:00:00.000Z",true,"","complete",744,744,744,"Open-Meteo","ERA5 (requested)","era5",,"modeled_reanalysis",40.75,-74,32,"2026-09-11T00:26:47.065Z",,,"land","provider default elevation adjustment","instant meteorology; precipitation sum over preceding hour ending at time","reanalysis-adapter-v1","Weather data by Open-Meteo; ERA5 by Copernicus Climate Change Service (C3S) / ECMWF","https://open-meteo.com/en/docs/historical-weather-api","https://archive-api.open-meteo.com/v1/archive?latitude=40.7128&longitude=-74.006&start_date=2020-03-01&end_date=2020-03-31&models=era5&hourly=temperature_2m%2Crelative_humidity_2m%2Cprecipitation%2Cwind_speed_10m%2Cdew_point_2m&timezone=GMT&timeformat=unixtime&temperature_unit=celsius&wind_speed_unit=ms&precipitation_unit=mm&cell_selection=land"
"new-york-march-2020",40.7128,-74.006,"2020-03-01","2020-03-31","2020-03-20T04:00:00.000Z",8.6,88,0,1.89,6.7,"2020-03-20T03:00:00.000Z","2020-03-20T04:00:00.000Z",true,"","complete",744,744,744,"Open-Meteo","ERA5 (requested)","era5",,"modeled_reanalysis",40.75,-74,32,"2026-09-11T00:26:47.065Z",,,"land","provider default elevation adjustment","instant meteorology; precipitation sum over preceding hour ending at time","reanalysis-adapter-v1","Weather data by Open-Meteo; ERA5 by Copernicus Climate Change Service (C3S) / ECMWF","https://open-meteo.com/en/docs/historical-weather-api","https://archive-api.open-meteo.com/v1/archive?latitude=40.7128&longitude=-74.006&start_date=2020-03-01&end_date=2020-03-31&models=era5&hourly=temperature_2m%2Crelative_humidity_2m%2Cprecipitation%2Cwind_speed_10m%2Cdew_point_2m&timezone=GMT&timeformat=unixtime&temperature_unit=celsius&wind_speed_unit=ms&precipitation_unit=mm&cell_selection=land"
"new-york-march-2020",40.7128,-74.006,"2020-03-01","2020-03-31","2020-03-20T05:00:00.000Z",8.3,88,0,2.8,6.5,"2020-03-20T04:00:00.000Z","2020-03-20T05:00:00.000Z",true,"","complete",744,744,744,"Open-Meteo","ERA5 (requested)","era5",,"modeled_reanalysis",40.75,-74,32,"2026-09-11T00:26:47.065Z",,,"land","provider default elevation adjustment","instant meteorology; precipitation sum over preceding hour ending at time","reanalysis-adapter-v1","Weather data by Open-Meteo; ERA5 by Copernicus Climate Change Service (C3S) / ECMWF","https://open-meteo.com/en/docs/historical-weather-api","https://archive-api.open-meteo.com/v1/archive?latitude=40.7128&longitude=-74.006&start_date=2020-03-01&end_date=2020-03-31&models=era5&hourly=temperature_2m%2Crelative_humidity_2m%2Cprecipitation%2Cwind_speed_10m%2Cdew_point_2m&timezone=GMT&timeformat=unixtime&temperature_unit=celsius&wind_speed_unit=ms&precipitation_unit=mm&cell_selection=land"
"new-york-march-2020",40.7128,-74.006,"2020-03-01","2020-03-31","2020-03-20T06:00:00.000Z",8.3,87,0,3.18,6.2,"2020-03-20T05:00:00.000Z","2020-03-20T06:00:00.000Z",true,"","complete",744,744,744,"Open-Meteo","ERA5 (requested)","era5",,"modeled_reanalysis",40.75,-74,32,"2026-09-11T00:26:47.065Z",,,"land","provider default elevation adjustment","instant meteorology; precipitation sum over preceding hour ending at time","reanalysis-adapter-v1","Weather data by Open-Meteo; ERA5 by Copernicus Climate Change Service (C3S) / ECMWF","https://open-meteo.com/en/docs/historical-weather-api","https://archive-api.open-meteo.com/v1/archive?latitude=40.7128&longitude=-74.006&start_date=2020-03-01&end_date=2020-03-31&models=era5&hourly=temperature_2m%2Crelative_humidity_2m%2Cprecipitation%2Cwind_speed_10m%2Cdew_point_2m&timezone=GMT&timeformat=unixtime&temperature_unit=celsius&wind_speed_unit=ms&precipitation_unit=mm&cell_selection=land"
"new-york-march-2020",40.7128,-74.006,"2020-03-01","2020-03-31","2020-03-20T07:00:00.000Z",7.9,87,0,2.73,5.8,"2020-03-20T06:00:00.000Z","2020-03-20T07:00:00.000Z",true,"","complete",744,744,744,"Open-Meteo","ERA5 (requested)","era5",,"modeled_reanalysis",40.75,-74,32,"2026-09-11T00:26:47.065Z",,,"land","provider default elevation adjustment","instant meteorology; precipitation sum over preceding hour ending at time","reanalysis-adapter-v1","Weather data by Open-Meteo; ERA5 by Copernicus Climate Change Service (C3S) / ECMWF","https://open-meteo.com/en/docs/historical-weather-api","https://archive-api.open-meteo.com/v1/archive?latitude=40.7128&longitude=-74.006&start_date=2020-03-01&end_date=2020-03-31&models=era5&hourly=temperature_2m%2Crelative_humidity_2m%2Cprecipitation%2Cwind_speed_10m%2Cdew_point_2m&timezone=GMT&timeformat=unixtime&temperature_unit=celsius&wind_speed_unit=ms&precipitation_unit=mm&cell_selection=land"
"new-york-march-2020",40.7128,-74.006,"2020-03-01","2020-03-31","2020-03-20T08:00:00.000Z",7.5,88,0.1,2.42,5.7,"2020-03-20T07:00:00.000Z","2020-03-20T08:00:00.000Z",true,"","complete",744,744,744,"Open-Meteo","ERA5 (requested)","era5",,"modeled_reanalysis",40.75,-74,32,"2026-09-11T00:26:47.065Z",,,"land","provider default elevation adjustment","instant meteorology; precipitation sum over preceding hour ending at time","reanalysis-adapter-v1","Weather data by Open-Meteo; ERA5 by Copernicus Climate Change Service (C3S) / ECMWF","https://open-meteo.com/en/docs/historical-weather-api","https://archive-api.open-meteo.com/v1/archive?latitude=40.7128&longitude=-74.006&start_date=2020-03-01&end_date=2020-03-31&models=era5&hourly=temperature_2m%2Crelative_humidity_2m%2Cprecipitation%2Cwind_speed_10m%2Cdew_point_2m&timezone=GMT&timeformat=unixtime&temperature_unit=celsius&wind_speed_unit=ms&precipitation_unit=mm&cell_selection=land"
"new-york-march-2020",40.7128,-74.006,"2020-03-01","2020-03-31","2020-03-20T09:00:00.000Z",7.6,91,0.4,2.31,6.2,"2020-03-20T08:00:00.000Z","2020-03-20T09:00:00.000Z",true,"","complete",744,744,744,"Open-Meteo","ERA5 (requested)","era5",,"modeled_reanalysis",40.75,-74,32,"2026-09-11T00:26:47.065Z",,,"land","provider default elevation adjustment","instant meteorology; precipitation sum over preceding hour ending at time","reanalysis-adapter-v1","Weather data by Open-Meteo; ERA5 by Copernicus Climate Change Service (C3S) / ECMWF","https://open-meteo.com/en/docs/historical-weather-api","https://archive-api.open-meteo.com/v1/archive?latitude=40.7128&longitude=-74.006&start_date=2020-03-01&end_date=2020-03-31&models=era5&hourly=temperature_2m%2Crelative_humidity_2m%2Cprecipitation%2Cwind_speed_10m%2Cdew_point_2m&timezone=GMT&timeformat=unixtime&temperature_unit=celsius&wind_speed_unit=ms&precipitation_unit=mm&cell_selection=land"
"new-york-march-2020",40.7128,-74.006,"2020-03-01","2020-03-31","2020-03-20T10:00:00.000Z",7.6,94,0,0.82,6.7,"2020-03-20T09:00:00.000Z","2020-03-20T10:00:00.000Z",true,"","complete",744,744,744,"Open-Meteo","ERA5 (requested)","era5",,"modeled_reanalysis",40.75,-74,32,"2026-09-11T00:26:47.065Z",,,"land","provider default elevation adjustment","instant meteorology; precipitation sum over preceding hour ending at time","reanalysis-adapter-v1","Weather data by Open-Meteo; ERA5 by Copernicus Climate Change Service (C3S) / ECMWF","https://open-meteo.com/en/docs/historical-weather-api","https://archive-api.open-meteo.com/v1/archive?latitude=40.7128&longitude=-74.006&start_date=2020-03-01&end_date=2020-03-31&models=era5&hourly=temperature_2m%2Crelative_humidity_2m%2Cprecipitation%2Cwind_speed_10m%2Cdew_point_2m&timezone=GMT&timeformat=unixtime&temperature_unit=celsius&wind_speed_unit=ms&precipitation_unit=mm&cell_selection=land"
"new-york-march-2020",40.7128,-74.006,"2020-03-01","2020-03-31","2020-03-20T11:00:00.000Z",7.4,95,0,0.78,6.6,"2020-03-20T10:00:00.000Z","2020-03-20T11:00:00.000Z",true,"","complete",744,744,744,"Open-Meteo","ERA5 (requested)","era5",,"modeled_reanalysis",40.75,-74,32,"2026-09-11T00:26:47.065Z",,,"land","provider default elevation adjustment","instant meteorology; precipitation sum over preceding hour ending at time","reanalysis-adapter-v1","Weather data by Open-Meteo; ERA5 by Copernicus Climate Change Service (C3S) / ECMWF","https://open-meteo.com/en/docs/historical-weather-api","https://archive-api.open-meteo.com/v1/archive?latitude=40.7128&longitude=-74.006&start_date=2020-03-01&end_date=2020-03-31&models=era5&hourly=temperature_2m%2Crelative_humidity_2m%2Cprecipitation%2Cwind_speed_10m%2Cdew_point_2m&timezone=GMT&timeformat=unixtime&temperature_unit=celsius&wind_speed_unit=ms&precipitation_unit=mm&cell_selection=land"
"new-york-march-2020",40.7128,-74.006,"2020-03-01","2020-03-31","2020-03-20T12:00:00.000Z",8,93,0,1.21,7,"2020-03-20T11:00:00.000Z","2020-03-20T12:00:00.000Z",true,"","complete",744,744,744,"Open-Meteo","ERA5 (requested)","era5",,"modeled_reanalysis",40.75,-74,32,"2026-09-11T00:26:47.065Z",,,"land","provider default elevation adjustment","instant meteorology; precipitation sum over preceding hour ending at time","reanalysis-adapter-v1","Weather data by Open-Meteo; ERA5 by Copernicus Climate Change Service (C3S) / ECMWF","https://open-meteo.com/en/docs/historical-weather-api","https://archive-api.open-meteo.com/v1/archive?latitude=40.7128&longitude=-74.006&start_date=2020-03-01&end_date=2020-03-31&models=era5&hourly=temperature_2m%2Crelative_humidity_2m%2Cprecipitation%2Cwind_speed_10m%2Cdew_point_2m&timezone=GMT&timeformat=unixtime&temperature_unit=celsius&wind_speed_unit=ms&precipitation_unit=mm&cell_selection=land"
"new-york-march-2020",40.7128,-74.006,"2020-03-01","2020-03-31","2020-03-20T13:00:00.000Z",8.8,92,0,1.94,7.6,"2020-03-20T12:00:00.000Z","2020-03-20T13:00:00.000Z",true,"","complete",744,744,744,"Open-Meteo","ERA5 (requested)","era5",,"modeled_reanalysis",40.75,-74,32,"2026-09-11T00:26:47.065Z",,,"land","provider default elevation adjustment","instant meteorology; precipitation sum over preceding hour ending at time","reanalysis-adapter-v1","Weather data by Open-Meteo; ERA5 by Copernicus Climate Change Service (C3S) / ECMWF","https://open-meteo.com/en/docs/historical-weather-api","https://archive-api.open-meteo.com/v1/archive?latitude=40.7128&longitude=-74.006&start_date=2020-03-01&end_date=2020-03-31&models=era5&hourly=temperature_2m%2Crelative_humidity_2m%2Cprecipitation%2Cwind_speed_10m%2Cdew_point_2m&timezone=GMT&timeformat=unixtime&temperature_unit=celsius&wind_speed_unit=ms&precipitation_unit=mm&cell_selection=land"
"new-york-march-2020",40.7128,-74.006,"2020-03-01","2020-03-31","2020-03-20T14:00:00.000Z",10.8,89,0.5,2.14,9.1,"2020-03-20T13:00:00.000Z","2020-03-20T14:00:00.000Z",true,"","complete",744,744,744,"Open-Meteo","ERA5 (requested)","era5",,"modeled_reanalysis",40.75,-74,32,"2026-09-11T00:26:47.065Z",,,"land","provider default elevation adjustment","instant meteorology; precipitation sum over preceding hour ending at time","reanalysis-adapter-v1","Weather data by Open-Meteo; ERA5 by Copernicus Climate Change Service (C3S) / ECMWF","https://open-meteo.com/en/docs/historical-weather-api","https://archive-api.open-meteo.com/v1/archive?latitude=40.7128&longitude=-74.006&start_date=2020-03-01&end_date=2020-03-31&models=era5&hourly=temperature_2m%2Crelative_humidity_2m%2Cprecipitation%2Cwind_speed_10m%2Cdew_point_2m&timezone=GMT&timeformat=unixtime&temperature_unit=celsius&wind_speed_unit=ms&precipitation_unit=mm&cell_selection=land"
"new-york-march-2020",40.7128,-74.006,"2020-03-01","2020-03-31","2020-03-20T15:00:00.000Z",14.6,78,0.9,2.41,10.9,"2020-03-20T14:00:00.000Z","2020-03-20T15:00:00.000Z",true,"","complete",744,744,744,"Open-Meteo","ERA5 (requested)","era5",,"modeled_reanalysis",40.75,-74,32,"2026-09-11T00:26:47.065Z",,,"land","provider default elevation adjustment","instant meteorology; precipitation sum over preceding hour ending at time","reanalysis-adapter-v1","Weather data by Open-Meteo; ERA5 by Copernicus Climate Change Service (C3S) / ECMWF","https://open-meteo.com/en/docs/historical-weather-api","https://archive-api.open-meteo.com/v1/archive?latitude=40.7128&longitude=-74.006&start_date=2020-03-01&end_date=2020-03-31&models=era5&hourly=temperature_2m%2Crelative_humidity_2m%2Cprecipitation%2Cwind_speed_10m%2Cdew_point_2m&timezone=GMT&timeformat=unixtime&temperature_unit=celsius&wind_speed_unit=ms&precipitation_unit=mm&cell_selection=land"
"new-york-march-2020",40.7128,-74.006,"2020-03-01","2020-03-31","2020-03-20T16:00:00.000Z",15.5,77,0.3,2.48,11.5,"2020-03-20T15:00:00.000Z","2020-03-20T16:00:00.000Z",true,"","complete",744,744,744,"Open-Meteo","ERA5 (requested)","era5",,"modeled_reanalysis",40.75,-74,32,"2026-09-11T00:26:47.065Z",,,"land","provider default elevation adjustment","instant meteorology; precipitation sum over preceding hour ending at time","reanalysis-adapter-v1","Weather data by Open-Meteo; ERA5 by Copernicus Climate Change Service (C3S) / ECMWF","https://open-meteo.com/en/docs/historical-weather-api","https://archive-api.open-meteo.com/v1/archive?latitude=40.7128&longitude=-74.006&start_date=2020-03-01&end_date=2020-03-31&models=era5&hourly=temperature_2m%2Crelative_humidity_2m%2Cprecipitation%2Cwind_speed_10m%2Cdew_point_2m&timezone=GMT&timeformat=unixtime&temperature_unit=celsius&wind_speed_unit=ms&precipitation_unit=mm&cell_selection=land"
"new-york-march-2020",40.7128,-74.006,"2020-03-01","2020-03-31","2020-03-20T17:00:00.000Z",16.5,76,0.7,4.7,12.3,"2020-03-20T16:00:00.000Z","2020-03-20T17:00:00.000Z",true,"","complete",744,744,744,"Open-Meteo","ERA5 (requested)","era5",,"modeled_reanalysis",40.75,-74,32,"2026-09-11T00:26:47.065Z",,,"land","provider default elevation adjustment","instant meteorology; precipitation sum over preceding hour ending at time","reanalysis-adapter-v1","Weather data by Open-Meteo; ERA5 by Copernicus Climate Change Service (C3S) / ECMWF","https://open-meteo.com/en/docs/historical-weather-api","https://archive-api.open-meteo.com/v1/archive?latitude=40.7128&longitude=-74.006&start_date=2020-03-01&end_date=2020-03-31&models=era5&hourly=temperature_2m%2Crelative_humidity_2m%2Cprecipitation%2Cwind_speed_10m%2Cdew_point_2m&timezone=GMT&timeformat=unixtime&temperature_unit=celsius&wind_speed_unit=ms&precipitation_unit=mm&cell_selection=land"
"new-york-march-2020",40.7128,-74.006,"2020-03-01","2020-03-31","2020-03-20T18:00:00.000Z",17.2,73,0,5.12,12.3,"2020-03-20T17:00:00.000Z","2020-03-20T18:00:00.000Z",true,"","complete",744,744,744,"Open-Meteo","ERA5 (requested)","era5",,"modeled_reanalysis",40.75,-74,32,"2026-09-11T00:26:47.065Z",,,"land","provider default elevation adjustment","instant meteorology; precipitation sum over preceding hour ending at time","reanalysis-adapter-v1","Weather data by Open-Meteo; ERA5 by Copernicus Climate Change Service (C3S) / ECMWF","https://open-meteo.com/en/docs/historical-weather-api","https://archive-api.open-meteo.com/v1/archive?latitude=40.7128&longitude=-74.006&start_date=2020-03-01&end_date=2020-03-31&models=era5&hourly=temperature_2m%2Crelative_humidity_2m%2Cprecipitation%2Cwind_speed_10m%2Cdew_point_2m&timezone=GMT&timeformat=unixtime&temperature_unit=celsius&wind_speed_unit=ms&precipitation_unit=mm&cell_selection=land"
"new-york-march-2020",40.7128,-74.006,"2020-03-01","2020-03-31","2020-03-20T19:00:00.000Z",18.5,69,0,5.39,12.8,"2020-03-20T18:00:00.000Z","2020-03-20T19:00:00.000Z",true,"","complete",744,744,744,"Open-Meteo","ERA5 (requested)","era5",,"modeled_reanalysis",40.75,-74,32,"2026-09-11T00:26:47.065Z",,,"land","provider default elevation adjustment","instant meteorology; precipitation sum over preceding hour ending at time","reanalysis-adapter-v1","Weather data by Open-Meteo; ERA5 by Copernicus Climate Change Service (C3S) / ECMWF","https://open-meteo.com/en/docs/historical-weather-api","https://archive-api.open-meteo.com/v1/archive?latitude=40.7128&longitude=-74.006&start_date=2020-03-01&end_date=2020-03-31&models=era5&hourly=temperature_2m%2Crelative_humidity_2m%2Cprecipitation%2Cwind_speed_10m%2Cdew_point_2m&timezone=GMT&timeformat=unixtime&temperature_unit=celsius&wind_speed_unit=ms&precipitation_unit=mm&cell_selection=land"
"new-york-march-2020",40.7128,-74.006,"2020-03-01","2020-03-31","2020-03-20T20:00:00.000Z",20.6,63,0,5.59,13.3,"2020-03-20T19:00:00.000Z","2020-03-20T20:00:00.000Z",true,"","complete",744,744,744,"Open-Meteo","ERA5 (requested)","era5",,"modeled_reanalysis",40.75,-74,32,"2026-09-11T00:26:47.065Z",,,"land","provider default elevation adjustment","instant meteorology; precipitation sum over preceding hour ending at time","reanalysis-adapter-v1","Weather data by Open-Meteo; ERA5 by Copernicus Climate Change Service (C3S) / ECMWF","https://open-meteo.com/en/docs/historical-weather-api","https://archive-api.open-meteo.com/v1/archive?latitude=40.7128&longitude=-74.006&start_date=2020-03-01&end_date=2020-03-31&models=era5&hourly=temperature_2m%2Crelative_humidity_2m%2Cprecipitation%2Cwind_speed_10m%2Cdew_point_2m&timezone=GMT&timeformat=unixtime&temperature_unit=celsius&wind_speed_unit=ms&precipitation_unit=mm&cell_selection=land"
"new-york-march-2020",40.7128,-74.006,"2020-03-01","2020-03-31","2020-03-20T21:00:00.000Z",21.7,63,0,6.16,14.4,"2020-03-20T20:00:00.000Z","2020-03-20T21:00:00.000Z",true,"","complete",744,744,744,"Open-Meteo","ERA5 (requested)","era5",,"modeled_reanalysis",40.75,-74,32,"2026-09-11T00:26:47.065Z",,,"land","provider default elevation adjustment","instant meteorology; precipitation sum over preceding hour ending at time","reanalysis-adapter-v1","Weather data by Open-Meteo; ERA5 by Copernicus Climate Change Service (C3S) / ECMWF","https://open-meteo.com/en/docs/historical-weather-api","https://archive-api.open-meteo.com/v1/archive?latitude=40.7128&longitude=-74.006&start_date=2020-03-01&end_date=2020-03-31&models=era5&hourly=temperature_2m%2Crelative_humidity_2m%2Cprecipitation%2Cwind_speed_10m%2Cdew_point_2m&timezone=GMT&timeformat=unixtime&temperature_unit=celsius&wind_speed_unit=ms&precipitation_unit=mm&cell_selection=land"
"new-york-march-2020",40.7128,-74.006,"2020-03-01","2020-03-31","2020-03-20T22:00:00.000Z",21.6,56,0.1,3.72,12.6,"2020-03-20T21:00:00.000Z","2020-03-20T22:00:00.000Z",true,"","complete",744,744,744,"Open-Meteo","ERA5 (requested)","era5",,"modeled_reanalysis",40.75,-74,32,"2026-09-11T00:26:47.065Z",,,"land","provider default elevation adjustment","instant meteorology; precipitation sum over preceding hour ending at time","reanalysis-adapter-v1","Weather data by Open-Meteo; ERA5 by Copernicus Climate Change Service (C3S) / ECMWF","https://open-meteo.com/en/docs/historical-weather-api","https://archive-api.open-meteo.com/v1/archive?latitude=40.7128&longitude=-74.006&start_date=2020-03-01&end_date=2020-03-31&models=era5&hourly=temperature_2m%2Crelative_humidity_2m%2Cprecipitation%2Cwind_speed_10m%2Cdew_point_2m&timezone=GMT&timeformat=unixtime&temperature_unit=celsius&wind_speed_unit=ms&precipitation_unit=mm&cell_selection=land"
"new-york-march-2020",40.7128,-74.006,"2020-03-01","2020-03-31","2020-03-20T23:00:00.000Z",20.6,60,0,3.45,12.4,"2020-03-20T22:00:00.000Z","2020-03-20T23:00:00.000Z",true,"","complete",744,744,744,"Open-Meteo","ERA5 (requested)","era5",,"modeled_reanalysis",40.75,-74,32,"2026-09-11T00:26:47.065Z",,,"land","provider default elevation adjustment","instant meteorology; precipitation sum over preceding hour ending at time","reanalysis-adapter-v1","Weather data by Open-Meteo; ERA5 by Copernicus Climate Change Service (C3S) / ECMWF","https://open-meteo.com/en/docs/historical-weather-api","https://archive-api.open-meteo.com/v1/archive?latitude=40.7128&longitude=-74.006&start_date=2020-03-01&end_date=2020-03-31&models=era5&hourly=temperature_2m%2Crelative_humidity_2m%2Cprecipitation%2Cwind_speed_10m%2Cdew_point_2m&timezone=GMT&timeformat=unixtime&temperature_unit=celsius&wind_speed_unit=ms&precipitation_unit=mm&cell_selection=land"
"new-york-march-2020",40.7128,-74.006,"2020-03-01","2020-03-31","2020-03-21T00:00:00.000Z",19.8,63,0,4,12.4,"2020-03-20T23:00:00.000Z","2020-03-21T00:00:00.000Z",true,"","complete",744,744,744,"Open-Meteo","ERA5 (requested)","era5",,"modeled_reanalysis",40.75,-74,32,"2026-09-11T00:26:47.065Z",,,"land","provider default elevation adjustment","instant meteorology; precipitation sum over preceding hour ending at time","reanalysis-adapter-v1","Weather data by Open-Meteo; ERA5 by Copernicus Climate Change Service (C3S) / ECMWF","https://open-meteo.com/en/docs/historical-weather-api","https://archive-api.open-meteo.com/v1/archive?latitude=40.7128&longitude=-74.006&start_date=2020-03-01&end_date=2020-03-31&models=era5&hourly=temperature_2m%2Crelative_humidity_2m%2Cprecipitation%2Cwind_speed_10m%2Cdew_point_2m&timezone=GMT&timeformat=unixtime&temperature_unit=celsius&wind_speed_unit=ms&precipitation_unit=mm&cell_selection=land"
"new-york-march-2020",40.7128,-74.006,"2020-03-01","2020-03-31","2020-03-21T01:00:00.000Z",19.7,63,0,4.41,12.5,"2020-03-21T00:00:00.000Z","2020-03-21T01:00:00.000Z",true,"","complete",744,744,744,"Open-Meteo","ERA5 (requested)","era5",,"modeled_reanalysis",40.75,-74,32,"2026-09-11T00:26:47.065Z",,,"land","provider default elevation adjustment","instant meteorology; precipitation sum over preceding hour ending at time","reanalysis-adapter-v1","Weather data by Open-Meteo; ERA5 by Copernicus Climate Change Service (C3S) / ECMWF","https://open-meteo.com/en/docs/historical-weather-api","https://archive-api.open-meteo.com/v1/archive?latitude=40.7128&longitude=-74.006&start_date=2020-03-01&end_date=2020-03-31&models=era5&hourly=temperature_2m%2Crelative_humidity_2m%2Cprecipitation%2Cwind_speed_10m%2Cdew_point_2m&timezone=GMT&timeformat=unixtime&temperature_unit=celsius&wind_speed_unit=ms&precipitation_unit=mm&cell_selection=land"
"new-york-march-2020",40.7128,-74.006,"2020-03-01","2020-03-31","2020-03-21T02:00:00.000Z",19.5,63,0,4.75,12.2,"2020-03-21T01:00:00.000Z","2020-03-21T02:00:00.000Z",true,"","complete",744,744,744,"Open-Meteo","ERA5 (requested)","era5",,"modeled_reanalysis",40.75,-74,32,"2026-09-11T00:26:47.065Z",,,"land","provider default elevation adjustment","instant meteorology; precipitation sum over preceding hour ending at time","reanalysis-adapter-v1","Weather data by Open-Meteo; ERA5 by Copernicus Climate Change Service (C3S) / ECMWF","https://open-meteo.com/en/docs/historical-weather-api","https://archive-api.open-meteo.com/v1/archive?latitude=40.7128&longitude=-74.006&start_date=2020-03-01&end_date=2020-03-31&models=era5&hourly=temperature_2m%2Crelative_humidity_2m%2Cprecipitation%2Cwind_speed_10m%2Cdew_point_2m&timezone=GMT&timeformat=unixtime&temperature_unit=celsius&wind_speed_unit=ms&precipitation_unit=mm&cell_selection=land"
"new-york-march-2020",40.7128,-74.006,"2020-03-01","2020-03-31","2020-03-21T03:00:00.000Z",18.6,60,0,4.81,10.8,"2020-03-21T02:00:00.000Z","2020-03-21T03:00:00.000Z",true,"","complete",744,744,744,"Open-Meteo","ERA5 (requested)","era5",,"modeled_reanalysis",40.75,-74,32,"2026-09-11T00:26:47.065Z",,,"land","provider default elevation adjustment","instant meteorology; precipitation sum over preceding hour ending at time","reanalysis-adapter-v1","Weather data by Open-Meteo; ERA5 by Copernicus Climate Change Service (C3S) / ECMWF","https://open-meteo.com/en/docs/historical-weather-api","https://archive-api.open-meteo.com/v1/archive?latitude=40.7128&longitude=-74.006&start_date=2020-03-01&end_date=2020-03-31&models=era5&hourly=temperature_2m%2Crelative_humidity_2m%2Cprecipitation%2Cwind_speed_10m%2Cdew_point_2m&timezone=GMT&timeformat=unixtime&temperature_unit=celsius&wind_speed_unit=ms&precipitation_unit=mm&cell_selection=land"
"new-york-march-2020",40.7128,-74.006,"2020-03-01","2020-03-31","2020-03-21T04:00:00.000Z",17.9,57,0,4.21,9.4,"2020-03-21T03:00:00.000Z","2020-03-21T04:00:00.000Z",true,"","complete",744,744,744,"Open-Meteo","ERA5 (requested)","era5",,"modeled_reanalysis",40.75,-74,32,"2026-09-11T00:26:47.065Z",,,"land","provider default elevation adjustment","instant meteorology; precipitation sum over preceding hour ending at time","reanalysis-adapter-v1","Weather data by Open-Meteo; ERA5 by Copernicus Climate Change Service (C3S) / ECMWF","https://open-meteo.com/en/docs/historical-weather-api","https://archive-api.open-meteo.com/v1/archive?latitude=40.7128&longitude=-74.006&start_date=2020-03-01&end_date=2020-03-31&models=era5&hourly=temperature_2m%2Crelative_humidity_2m%2Cprecipitation%2Cwind_speed_10m%2Cdew_point_2m&timezone=GMT&timeformat=unixtime&temperature_unit=celsius&wind_speed_unit=ms&precipitation_unit=mm&cell_selection=land"
"new-york-march-2020",40.7128,-74.006,"2020-03-01","2020-03-31","2020-03-21T05:00:00.000Z",16.3,60,0,4.06,8.4,"2020-03-21T04:00:00.000Z","2020-03-21T05:00:00.000Z",true,"","complete",744,744,744,"Open-Meteo","ERA5 (requested)","era5",,"modeled_reanalysis",40.75,-74,32,"2026-09-11T00:26:47.065Z",,,"land","provider default elevation adjustment","instant meteorology; precipitation sum over preceding hour ending at time","reanalysis-adapter-v1","Weather data by Open-Meteo; ERA5 by Copernicus Climate Change Service (C3S) / ECMWF","https://open-meteo.com/en/docs/historical-weather-api","https://archive-api.open-meteo.com/v1/archive?latitude=40.7128&longitude=-74.006&start_date=2020-03-01&end_date=2020-03-31&models=era5&hourly=temperature_2m%2Crelative_humidity_2m%2Cprecipitation%2Cwind_speed_10m%2Cdew_point_2m&timezone=GMT&timeformat=unixtime&temperature_unit=celsius&wind_speed_unit=ms&precipitation_unit=mm&cell_selection=land"
"new-york-march-2020",40.7128,-74.006,"2020-03-01","2020-03-31","2020-03-21T06:00:00.000Z",15.1,57,0,5.27,6.6,"2020-03-21T05:00:00.000Z","2020-03-21T06:00:00.000Z",true,"","complete",744,744,744,"Open-Meteo","ERA5 (requested)","era5",,"modeled_reanalysis",40.75,-74,32,"2026-09-11T00:26:47.065Z",,,"land","provider default elevation adjustment","instant meteorology; precipitation sum over preceding hour ending at time","reanalysis-adapter-v1","Weather data by Open-Meteo; ERA5 by Copernicus Climate Change Service (C3S) / ECMWF","https://open-meteo.com/en/docs/historical-weather-api","https://archive-api.open-meteo.com/v1/archive?latitude=40.7128&longitude=-74.006&start_date=2020-03-01&end_date=2020-03-31&models=era5&hourly=temperature_2m%2Crelative_humidity_2m%2Cprecipitation%2Cwind_speed_10m%2Cdew_point_2m&timezone=GMT&timeformat=unixtime&temperature_unit=celsius&wind_speed_unit=ms&precipitation_unit=mm&cell_selection=land"
"new-york-march-2020",40.7128,-74.006,"2020-03-01","2020-03-31","2020-03-21T07:00:00.000Z",13.8,56,0,5.91,5.2,"2020-03-21T06:00:00.000Z","2020-03-21T07:00:00.000Z",true,"","complete",744,744,744,"Open-Meteo","ERA5 (requested)","era5",,"modeled_reanalysis",40.75,-74,32,"2026-09-11T00:26:47.065Z",,,"land","provider default elevation adjustment","instant meteorology; precipitation sum over preceding hour ending at time","reanalysis-adapter-v1","Weather data by Open-Meteo; ERA5 by Copernicus Climate Change Service (C3S) / ECMWF","https://open-meteo.com/en/docs/historical-weather-api","https://archive-api.open-meteo.com/v1/archive?latitude=40.7128&longitude=-74.006&start_date=2020-03-01&end_date=2020-03-31&models=era5&hourly=temperature_2m%2Crelative_humidity_2m%2Cprecipitation%2Cwind_speed_10m%2Cdew_point_2m&timezone=GMT&timeformat=unixtime&temperature_unit=celsius&wind_speed_unit=ms&precipitation_unit=mm&cell_selection=land"
"new-york-march-2020",40.7128,-74.006,"2020-03-01","2020-03-31","2020-03-21T08:00:00.000Z",11.7,56,0,6.48,3.3,"2020-03-21T07:00:00.000Z","2020-03-21T08:00:00.000Z",true,"","complete",744,744,744,"Open-Meteo","ERA5 (requested)","era5",,"modeled_reanalysis",40.75,-74,32,"2026-09-11T00:26:47.065Z",,,"land","provider default elevation adjustment","instant meteorology; precipitation sum over preceding hour ending at time","reanalysis-adapter-v1","Weather data by Open-Meteo; ERA5 by Copernicus Climate Change Service (C3S) / ECMWF","https://open-meteo.com/en/docs/historical-weather-api","https://archive-api.open-meteo.com/v1/archive?latitude=40.7128&longitude=-74.006&start_date=2020-03-01&end_date=2020-03-31&models=era5&hourly=temperature_2m%2Crelative_humidity_2m%2Cprecipitation%2Cwind_speed_10m%2Cdew_point_2m&timezone=GMT&timeformat=unixtime&temperature_unit=celsius&wind_speed_unit=ms&precipitation_unit=mm&cell_selection=land"
"new-york-march-2020",40.7128,-74.006,"2020-03-01","2020-03-31","2020-03-21T09:00:00.000Z",9.8,57,0,6.41,1.6,"2020-03-21T08:00:00.000Z","2020-03-21T09:00:00.000Z",true,"","complete",744,744,744,"Open-Meteo","ERA5 (requested)","era5",,"modeled_reanalysis",40.75,-74,32,"2026-09-11T00:26:47.065Z",,,"land","provider default elevation adjustment","instant meteorology; precipitation sum over preceding hour ending at time","reanalysis-adapter-v1","Weather data by Open-Meteo; ERA5 by Copernicus Climate Change Service (C3S) / ECMWF","https://open-meteo.com/en/docs/historical-weather-api","https://archive-api.open-meteo.com/v1/archive?latitude=40.7128&longitude=-74.006&start_date=2020-03-01&end_date=2020-03-31&models=era5&hourly=temperature_2m%2Crelative_humidity_2m%2Cprecipitation%2Cwind_speed_10m%2Cdew_point_2m&timezone=GMT&timeformat=unixtime&temperature_unit=celsius&wind_speed_unit=ms&precipitation_unit=mm&cell_selection=land"
"new-york-march-2020",40.7128,-74.006,"2020-03-01","2020-03-31","2020-03-21T10:00:00.000Z",7.3,56,0,5.22,-0.9,"2020-03-21T09:00:00.000Z","2020-03-21T10:00:00.000Z",true,"","complete",744,744,744,"Open-Meteo","ERA5 (requested)","era5",,"modeled_reanalysis",40.75,-74,32,"2026-09-11T00:26:47.065Z",,,"land","provider default elevation adjustment","instant meteorology; precipitation sum over preceding hour ending at time","reanalysis-adapter-v1","Weather data by Open-Meteo; ERA5 by Copernicus Climate Change Service (C3S) / ECMWF","https://open-meteo.com/en/docs/historical-weather-api","https://archive-api.open-meteo.com/v1/archive?latitude=40.7128&longitude=-74.006&start_date=2020-03-01&end_date=2020-03-31&models=era5&hourly=temperature_2m%2Crelative_humidity_2m%2Cprecipitation%2Cwind_speed_10m%2Cdew_point_2m&timezone=GMT&timeformat=unixtime&temperature_unit=celsius&wind_speed_unit=ms&precipitation_unit=mm&cell_selection=land"
"new-york-march-2020",40.7128,-74.006,"2020-03-01","2020-03-31","2020-03-21T11:00:00.000Z",6.6,57,0,5,-1.3,"2020-03-21T10:00:00.000Z","2020-03-21T11:00:00.000Z",true,"","complete",744,744,744,"Open-Meteo","ERA5 (requested)","era5",,"modeled_reanalysis",40.75,-74,32,"2026-09-11T00:26:47.065Z",,,"land","provider default elevation adjustment","instant meteorology; precipitation sum over preceding hour ending at time","reanalysis-adapter-v1","Weather data by Open-Meteo; ERA5 by Copernicus Climate Change Service (C3S) / ECMWF","https://open-meteo.com/en/docs/historical-weather-api","https://archive-api.open-meteo.com/v1/archive?latitude=40.7128&longitude=-74.006&start_date=2020-03-01&end_date=2020-03-31&models=era5&hourly=temperature_2m%2Crelative_humidity_2m%2Cprecipitation%2Cwind_speed_10m%2Cdew_point_2m&timezone=GMT&timeformat=unixtime&temperature_unit=celsius&wind_speed_unit=ms&precipitation_unit=mm&cell_selection=land"
"new-york-march-2020",40.7128,-74.006,"2020-03-01","2020-03-31","2020-03-21T12:00:00.000Z",6.3,58,0,4.88,-1.4,"2020-03-21T11:00:00.000Z","2020-03-21T12:00:00.000Z",true,"","complete",744,744,744,"Open-Meteo","ERA5 (requested)","era5",,"modeled_reanalysis",40.75,-74,32,"2026-09-11T00:26:47.065Z",,,"land","provider default elevation adjustment","instant meteorology; precipitation sum over preceding hour ending at time","reanalysis-adapter-v1","Weather data by Open-Meteo; ERA5 by Copernicus Climate Change Service (C3S) / ECMWF","https://open-meteo.com/en/docs/historical-weather-api","https://archive-api.open-meteo.com/v1/archive?latitude=40.7128&longitude=-74.006&start_date=2020-03-01&end_date=2020-03-31&models=era5&hourly=temperature_2m%2Crelative_humidity_2m%2Cprecipitation%2Cwind_speed_10m%2Cdew_point_2m&timezone=GMT&timeformat=unixtime&temperature_unit=celsius&wind_speed_unit=ms&precipitation_unit=mm&cell_selection=land"
"new-york-march-2020",40.7128,-74.006,"2020-03-01","2020-03-31","2020-03-21T13:00:00.000Z",6.1,59,0,4.54,-1.4,"2020-03-21T12:00:00.000Z","2020-03-21T13:00:00.000Z",true,"","complete",744,744,744,"Open-Meteo","ERA5 (requested)","era5",,"modeled_reanalysis",40.75,-74,32,"2026-09-11T00:26:47.065Z",,,"land","provider default elevation adjustment","instant meteorology; precipitation sum over preceding hour ending at time","reanalysis-adapter-v1","Weather data by Open-Meteo; ERA5 by Copernicus Climate Change Service (C3S) / ECMWF","https://open-meteo.com/en/docs/historical-weather-api","https://archive-api.open-meteo.com/v1/archive?latitude=40.7128&longitude=-74.006&start_date=2020-03-01&end_date=2020-03-31&models=era5&hourly=temperature_2m%2Crelative_humidity_2m%2Cprecipitation%2Cwind_speed_10m%2Cdew_point_2m&timezone=GMT&timeformat=unixtime&temperature_unit=celsius&wind_speed_unit=ms&precipitation_unit=mm&cell_selection=land"
"new-york-march-2020",40.7128,-74.006,"2020-03-01","2020-03-31","2020-03-21T14:00:00.000Z",6.1,57,0,4.46,-1.8,"2020-03-21T13:00:00.000Z","2020-03-21T14:00:00.000Z",true,"","complete",744,744,744,"Open-Meteo","ERA5 (requested)","era5",,"modeled_reanalysis",40.75,-74,32,"2026-09-11T00:26:47.065Z",,,"land","provider default elevation adjustment","instant meteorology; precipitation sum over preceding hour ending at time","reanalysis-adapter-v1","Weather data by Open-Meteo; ERA5 by Copernicus Climate Change Service (C3S) / ECMWF","https://open-meteo.com/en/docs/historical-weather-api","https://archive-api.open-meteo.com/v1/archive?latitude=40.7128&longitude=-74.006&start_date=2020-03-01&end_date=2020-03-31&models=era5&hourly=temperature_2m%2Crelative_humidity_2m%2Cprecipitation%2Cwind_speed_10m%2Cdew_point_2m&timezone=GMT&timeformat=unixtime&temperature_unit=celsius&wind_speed_unit=ms&precipitation_unit=mm&cell_selection=land"
"new-york-march-2020",40.7128,-74.006,"2020-03-01","2020-03-31","2020-03-21T15:00:00.000Z",7.2,50,0,4.51,-2.6,"2020-03-21T14:00:00.000Z","2020-03-21T15:00:00.000Z",true,"","complete",744,744,744,"Open-Meteo","ERA5 (requested)","era5",,"modeled_reanalysis",40.75,-74,32,"2026-09-11T00:26:47.065Z",,,"land","provider default elevation adjustment","instant meteorology; precipitation sum over preceding hour ending at time","reanalysis-adapter-v1","Weather data by Open-Meteo; ERA5 by Copernicus Climate Change Service (C3S) / ECMWF","https://open-meteo.com/en/docs/historical-weather-api","https://archive-api.open-meteo.com/v1/archive?latitude=40.7128&longitude=-74.006&start_date=2020-03-01&end_date=2020-03-31&models=era5&hourly=temperature_2m%2Crelative_humidity_2m%2Cprecipitation%2Cwind_speed_10m%2Cdew_point_2m&timezone=GMT&timeformat=unixtime&temperature_unit=celsius&wind_speed_unit=ms&precipitation_unit=mm&cell_selection=land"
"new-york-march-2020",40.7128,-74.006,"2020-03-01","2020-03-31","2020-03-21T16:00:00.000Z",7.8,47,0,4.43,-2.9,"2020-03-21T15:00:00.000Z","2020-03-21T16:00:00.000Z",true,"","complete",744,744,744,"Open-Meteo","ERA5 (requested)","era5",,"modeled_reanalysis",40.75,-74,32,"2026-09-11T00:26:47.065Z",,,"land","provider default elevation adjustment","instant meteorology; precipitation sum over preceding hour ending at time","reanalysis-adapter-v1","Weather data by Open-Meteo; ERA5 by Copernicus Climate Change Service (C3S) / ECMWF","https://open-meteo.com/en/docs/historical-weather-api","https://archive-api.open-meteo.com/v1/archive?latitude=40.7128&longitude=-74.006&start_date=2020-03-01&end_date=2020-03-31&models=era5&hourly=temperature_2m%2Crelative_humidity_2m%2Cprecipitation%2Cwind_speed_10m%2Cdew_point_2m&timezone=GMT&timeformat=unixtime&temperature_unit=celsius&wind_speed_unit=ms&precipitation_unit=mm&cell_selection=land"
"new-york-march-2020",40.7128,-74.006,"2020-03-01","2020-03-31","2020-03-21T17:00:00.000Z",8.5,42,0,4.06,-3.7,"2020-03-21T16:00:00.000Z","2020-03-21T17:00:00.000Z",true,"","complete",744,744,744,"Open-Meteo","ERA5 (requested)","era5",,"modeled_reanalysis",40.75,-74,32,"2026-09-11T00:26:47.065Z",,,"land","provider default elevation adjustment","instant meteorology; precipitation sum over preceding hour ending at time","reanalysis-adapter-v1","Weather data by Open-Meteo; ERA5 by Copernicus Climate Change Service (C3S) / ECMWF","https://open-meteo.com/en/docs/historical-weather-api","https://archive-api.open-meteo.com/v1/archive?latitude=40.7128&longitude=-74.006&start_date=2020-03-01&end_date=2020-03-31&models=era5&hourly=temperature_2m%2Crelative_humidity_2m%2Cprecipitation%2Cwind_speed_10m%2Cdew_point_2m&timezone=GMT&timeformat=unixtime&temperature_unit=celsius&wind_speed_unit=ms&precipitation_unit=mm&cell_selection=land"
"new-york-march-2020",40.7128,-74.006,"2020-03-01","2020-03-31","2020-03-21T18:00:00.000Z",9.2,39,0,3.47,-4.2,"2020-03-21T17:00:00.000Z","2020-03-21T18:00:00.000Z",true,"","complete",744,744,744,"Open-Meteo","ERA5 (requested)","era5",,"modeled_reanalysis",40.75,-74,32,"2026-09-11T00:26:47.065Z",,,"land","provider default elevation adjustment","instant meteorology; precipitation sum over preceding hour ending at time","reanalysis-adapter-v1","Weather data by Open-Meteo; ERA5 by Copernicus Climate Change Service (C3S) / ECMWF","https://open-meteo.com/en/docs/historical-weather-api","https://archive-api.open-meteo.com/v1/archive?latitude=40.7128&longitude=-74.006&start_date=2020-03-01&end_date=2020-03-31&models=era5&hourly=temperature_2m%2Crelative_humidity_2m%2Cprecipitation%2Cwind_speed_10m%2Cdew_point_2m&timezone=GMT&timeformat=unixtime&temperature_unit=celsius&wind_speed_unit=ms&precipitation_unit=mm&cell_selection=land"
"new-york-march-2020",40.7128,-74.006,"2020-03-01","2020-03-31","2020-03-21T19:00:00.000Z",9.5,37,0,2.89,-4.7,"2020-03-21T18:00:00.000Z","2020-03-21T19:00:00.000Z",true,"","complete",744,744,744,"Open-Meteo","ERA5 (requested)","era5",,"modeled_reanalysis",40.75,-74,32,"2026-09-11T00:26:47.065Z",,,"land","provider default elevation adjustment","instant meteorology; precipitation sum over preceding hour ending at time","reanalysis-adapter-v1","Weather data by Open-Meteo; ERA5 by Copernicus Climate Change Service (C3S) / ECMWF","https://open-meteo.com/en/docs/historical-weather-api","https://archive-api.open-meteo.com/v1/archive?latitude=40.7128&longitude=-74.006&start_date=2020-03-01&end_date=2020-03-31&models=era5&hourly=temperature_2m%2Crelative_humidity_2m%2Cprecipitation%2Cwind_speed_10m%2Cdew_point_2m&timezone=GMT&timeformat=unixtime&temperature_unit=celsius&wind_speed_unit=ms&precipitation_unit=mm&cell_selection=land"
"new-york-march-2020",40.7128,-74.006,"2020-03-01","2020-03-31","2020-03-21T20:00:00.000Z",10,34,0,2.47,-5,"2020-03-21T19:00:00.000Z","2020-03-21T20:00:00.000Z",true,"","complete",744,744,744,"Open-Meteo","ERA5 (requested)","era5",,"modeled_reanalysis",40.75,-74,32,"2026-09-11T00:26:47.065Z",,,"land","provider default elevation adjustment","instant meteorology; precipitation sum over preceding hour ending at time","reanalysis-adapter-v1","Weather data by Open-Meteo; ERA5 by Copernicus Climate Change Service (C3S) / ECMWF","https://open-meteo.com/en/docs/historical-weather-api","https://archive-api.open-meteo.com/v1/archive?latitude=40.7128&longitude=-74.006&start_date=2020-03-01&end_date=2020-03-31&models=era5&hourly=temperature_2m%2Crelative_humidity_2m%2Cprecipitation%2Cwind_speed_10m%2Cdew_point_2m&timezone=GMT&timeformat=unixtime&temperature_unit=celsius&wind_speed_unit=ms&precipitation_unit=mm&cell_selection=land"
"new-york-march-2020",40.7128,-74.006,"2020-03-01","2020-03-31","2020-03-21T21:00:00.000Z",10.1,33,0,2.26,-5.4,"2020-03-21T20:00:00.000Z","2020-03-21T21:00:00.000Z",true,"","complete",744,744,744,"Open-Meteo","ERA5 (requested)","era5",,"modeled_reanalysis",40.75,-74,32,"2026-09-11T00:26:47.065Z",,,"land","provider default elevation adjustment","instant meteorology; precipitation sum over preceding hour ending at time","reanalysis-adapter-v1","Weather data by Open-Meteo; ERA5 by Copernicus Climate Change Service (C3S) / ECMWF","https://open-meteo.com/en/docs/historical-weather-api","https://archive-api.open-meteo.com/v1/archive?latitude=40.7128&longitude=-74.006&start_date=2020-03-01&end_date=2020-03-31&models=era5&hourly=temperature_2m%2Crelative_humidity_2m%2Cprecipitation%2Cwind_speed_10m%2Cdew_point_2m&timezone=GMT&timeformat=unixtime&temperature_unit=celsius&wind_speed_unit=ms&precipitation_unit=mm&cell_selection=land"
"new-york-march-2020",40.7128,-74.006,"2020-03-01","2020-03-31","2020-03-21T22:00:00.000Z",9.5,33,0,2.02,-6,"2020-03-21T21:00:00.000Z","2020-03-21T22:00:00.000Z",true,"","complete",744,744,744,"Open-Meteo","ERA5 (requested)","era5",,"modeled_reanalysis",40.75,-74,32,"2026-09-11T00:26:47.065Z",,,"land","provider default elevation adjustment","instant meteorology; precipitation sum over preceding hour ending at time","reanalysis-adapter-v1","Weather data by Open-Meteo; ERA5 by Copernicus Climate Change Service (C3S) / ECMWF","https://open-meteo.com/en/docs/historical-weather-api","https://archive-api.open-meteo.com/v1/archive?latitude=40.7128&longitude=-74.006&start_date=2020-03-01&end_date=2020-03-31&models=era5&hourly=temperature_2m%2Crelative_humidity_2m%2Cprecipitation%2Cwind_speed_10m%2Cdew_point_2m&timezone=GMT&timeformat=unixtime&temperature_unit=celsius&wind_speed_unit=ms&precipitation_unit=mm&cell_selection=land"
"new-york-march-2020",40.7128,-74.006,"2020-03-01","2020-03-31","2020-03-21T23:00:00.000Z",9.2,34,0,1.77,-6,"2020-03-21T22:00:00.000Z","2020-03-21T23:00:00.000Z",true,"","complete",744,744,744,"Open-Meteo","ERA5 (requested)","era5",,"modeled_reanalysis",40.75,-74,32,"2026-09-11T00:26:47.065Z",,,"land","provider default elevation adjustment","instant meteorology; precipitation sum over preceding hour ending at time","reanalysis-adapter-v1","Weather data by Open-Meteo; ERA5 by Copernicus Climate Change Service (C3S) / ECMWF","https://open-meteo.com/en/docs/historical-weather-api","https://archive-api.open-meteo.com/v1/archive?latitude=40.7128&longitude=-74.006&start_date=2020-03-01&end_date=2020-03-31&models=era5&hourly=temperature_2m%2Crelative_humidity_2m%2Cprecipitation%2Cwind_speed_10m%2Cdew_point_2m&timezone=GMT&timeformat=unixtime&temperature_unit=celsius&wind_speed_unit=ms&precipitation_unit=mm&cell_selection=land"
"new-york-march-2020",40.7128,-74.006,"2020-03-01","2020-03-31","2020-03-22T00:00:00.000Z",8.1,42,0,1.63,-3.9,"2020-03-21T23:00:00.000Z","2020-03-22T00:00:00.000Z",true,"","complete",744,744,744,"Open-Meteo","ERA5 (requested)","era5",,"modeled_reanalysis",40.75,-74,32,"2026-09-11T00:26:47.065Z",,,"land","provider default elevation adjustment","instant meteorology; precipitation sum over preceding hour ending at time","reanalysis-adapter-v1","Weather data by Open-Meteo; ERA5 by Copernicus Climate Change Service (C3S) / ECMWF","https://open-meteo.com/en/docs/historical-weather-api","https://archive-api.open-meteo.com/v1/archive?latitude=40.7128&longitude=-74.006&start_date=2020-03-01&end_date=2020-03-31&models=era5&hourly=temperature_2m%2Crelative_humidity_2m%2Cprecipitation%2Cwind_speed_10m%2Cdew_point_2m&timezone=GMT&timeformat=unixtime&temperature_unit=celsius&wind_speed_unit=ms&precipitation_unit=mm&cell_selection=land"
"new-york-march-2020",40.7128,-74.006,"2020-03-01","2020-03-31","2020-03-22T01:00:00.000Z",7.3,46,0,1.98,-3.5,"2020-03-22T00:00:00.000Z","2020-03-22T01:00:00.000Z",true,"","complete",744,744,744,"Open-Meteo","ERA5 (requested)","era5",,"modeled_reanalysis",40.75,-74,32,"2026-09-11T00:26:47.065Z",,,"land","provider default elevation adjustment","instant meteorology; precipitation sum over preceding hour ending at time","reanalysis-adapter-v1","Weather data by Open-Meteo; ERA5 by Copernicus Climate Change Service (C3S) / ECMWF","https://open-meteo.com/en/docs/historical-weather-api","https://archive-api.open-meteo.com/v1/archive?latitude=40.7128&longitude=-74.006&start_date=2020-03-01&end_date=2020-03-31&models=era5&hourly=temperature_2m%2Crelative_humidity_2m%2Cprecipitation%2Cwind_speed_10m%2Cdew_point_2m&timezone=GMT&timeformat=unixtime&temperature_unit=celsius&wind_speed_unit=ms&precipitation_unit=mm&cell_selection=land"
"new-york-march-2020",40.7128,-74.006,"2020-03-01","2020-03-31","2020-03-22T02:00:00.000Z",6.4,48,0,2.56,-3.8,"2020-03-22T01:00:00.000Z","2020-03-22T02:00:00.000Z",true,"","complete",744,744,744,"Open-Meteo","ERA5 (requested)","era5",,"modeled_reanalysis",40.75,-74,32,"2026-09-11T00:26:47.065Z",,,"land","provider default elevation adjustment","instant meteorology; precipitation sum over preceding hour ending at time","reanalysis-adapter-v1","Weather data by Open-Meteo; ERA5 by Copernicus Climate Change Service (C3S) / ECMWF","https://open-meteo.com/en/docs/historical-weather-api","https://archive-api.open-meteo.com/v1/archive?latitude=40.7128&longitude=-74.006&start_date=2020-03-01&end_date=2020-03-31&models=era5&hourly=temperature_2m%2Crelative_humidity_2m%2Cprecipitation%2Cwind_speed_10m%2Cdew_point_2m&timezone=GMT&timeformat=unixtime&temperature_unit=celsius&wind_speed_unit=ms&precipitation_unit=mm&cell_selection=land"
"new-york-march-2020",40.7128,-74.006,"2020-03-01","2020-03-31","2020-03-22T03:00:00.000Z",5.1,50,0,3.21,-4.4,"2020-03-22T02:00:00.000Z","2020-03-22T03:00:00.000Z",true,"","complete",744,744,744,"Open-Meteo","ERA5 (requested)","era5",,"modeled_reanalysis",40.75,-74,32,"2026-09-11T00:26:47.065Z",,,"land","provider default elevation adjustment","instant meteorology; precipitation sum over preceding hour ending at time","reanalysis-adapter-v1","Weather data by Open-Meteo; ERA5 by Copernicus Climate Change Service (C3S) / ECMWF","https://open-meteo.com/en/docs/historical-weather-api","https://archive-api.open-meteo.com/v1/archive?latitude=40.7128&longitude=-74.006&start_date=2020-03-01&end_date=2020-03-31&models=era5&hourly=temperature_2m%2Crelative_humidity_2m%2Cprecipitation%2Cwind_speed_10m%2Cdew_point_2m&timezone=GMT&timeformat=unixtime&temperature_unit=celsius&wind_speed_unit=ms&precipitation_unit=mm&cell_selection=land"
"new-york-march-2020",40.7128,-74.006,"2020-03-01","2020-03-31","2020-03-22T04:00:00.000Z",4.6,50,0,4.18,-4.9,"2020-03-22T03:00:00.000Z","2020-03-22T04:00:00.000Z",true,"","complete",744,744,744,"Open-Meteo","ERA5 (requested)","era5",,"modeled_reanalysis",40.75,-74,32,"2026-09-11T00:26:47.065Z",,,"land","provider default elevation adjustment","instant meteorology; precipitation sum over preceding hour ending at time","reanalysis-adapter-v1","Weather data by Open-Meteo; ERA5 by Copernicus Climate Change Service (C3S) / ECMWF","https://open-meteo.com/en/docs/historical-weather-api","https://archive-api.open-meteo.com/v1/archive?latitude=40.7128&longitude=-74.006&start_date=2020-03-01&end_date=2020-03-31&models=era5&hourly=temperature_2m%2Crelative_humidity_2m%2Cprecipitation%2Cwind_speed_10m%2Cdew_point_2m&timezone=GMT&timeformat=unixtime&temperature_unit=celsius&wind_speed_unit=ms&precipitation_unit=mm&cell_selection=land"
"new-york-march-2020",40.7128,-74.006,"2020-03-01","2020-03-31","2020-03-22T05:00:00.000Z",3.7,50,0,4.63,-5.7,"2020-03-22T04:00:00.000Z","2020-03-22T05:00:00.000Z",true,"","complete",744,744,744,"Open-Meteo","ERA5 (requested)","era5",,"modeled_reanalysis",40.75,-74,32,"2026-09-11T00:26:47.065Z",,,"land","provider default elevation adjustment","instant meteorology; precipitation sum over preceding hour ending at time","reanalysis-adapter-v1","Weather data by Open-Meteo; ERA5 by Copernicus Climate Change Service (C3S) / ECMWF","https://open-meteo.com/en/docs/historical-weather-api","https://archive-api.open-meteo.com/v1/archive?latitude=40.7128&longitude=-74.006&start_date=2020-03-01&end_date=2020-03-31&models=era5&hourly=temperature_2m%2Crelative_humidity_2m%2Cprecipitation%2Cwind_speed_10m%2Cdew_point_2m&timezone=GMT&timeformat=unixtime&temperature_unit=celsius&wind_speed_unit=ms&precipitation_unit=mm&cell_selection=land"
"new-york-march-2020",40.7128,-74.006,"2020-03-01","2020-03-31","2020-03-22T06:00:00.000Z",3.8,49,0,4.85,-6,"2020-03-22T05:00:00.000Z","2020-03-22T06:00:00.000Z",true,"","complete",744,744,744,"Open-Meteo","ERA5 (requested)","era5",,"modeled_reanalysis",40.75,-74,32,"2026-09-11T00:26:47.065Z",,,"land","provider default elevation adjustment","instant meteorology; precipitation sum over preceding hour ending at time","reanalysis-adapter-v1","Weather data by Open-Meteo; ERA5 by Copernicus Climate Change Service (C3S) / ECMWF","https://open-meteo.com/en/docs/historical-weather-api","https://archive-api.open-meteo.com/v1/archive?latitude=40.7128&longitude=-74.006&start_date=2020-03-01&end_date=2020-03-31&models=era5&hourly=temperature_2m%2Crelative_humidity_2m%2Cprecipitation%2Cwind_speed_10m%2Cdew_point_2m&timezone=GMT&timeformat=unixtime&temperature_unit=celsius&wind_speed_unit=ms&precipitation_unit=mm&cell_selection=land"
"new-york-march-2020",40.7128,-74.006,"2020-03-01","2020-03-31","2020-03-22T07:00:00.000Z",3.1,51,0,5.1,-6.1,"2020-03-22T06:00:00.000Z","2020-03-22T07:00:00.000Z",true,"","complete",744,744,744,"Open-Meteo","ERA5 (requested)","era5",,"modeled_reanalysis",40.75,-74,32,"2026-09-11T00:26:47.065Z",,,"land","provider default elevation adjustment","instant meteorology; precipitation sum over preceding hour ending at time","reanalysis-adapter-v1","Weather data by Open-Meteo; ERA5 by Copernicus Climate Change Service (C3S) / ECMWF","https://open-meteo.com/en/docs/historical-weather-api","https://archive-api.open-meteo.com/v1/archive?latitude=40.7128&longitude=-74.006&start_date=2020-03-01&end_date=2020-03-31&models=era5&hourly=temperature_2m%2Crelative_humidity_2m%2Cprecipitation%2Cwind_speed_10m%2Cdew_point_2m&timezone=GMT&timeformat=unixtime&temperature_unit=celsius&wind_speed_unit=ms&precipitation_unit=mm&cell_selection=land"
"new-york-march-2020",40.7128,-74.006,"2020-03-01","2020-03-31","2020-03-22T08:00:00.000Z",2.6,53,0,4.98,-6.1,"2020-03-22T07:00:00.000Z","2020-03-22T08:00:00.000Z",true,"","complete",744,744,744,"Open-Meteo","ERA5 (requested)","era5",,"modeled_reanalysis",40.75,-74,32,"2026-09-11T00:26:47.065Z",,,"land","provider default elevation adjustment","instant meteorology; precipitation sum over preceding hour ending at time","reanalysis-adapter-v1","Weather data by Open-Meteo; ERA5 by Copernicus Climate Change Service (C3S) / ECMWF","https://open-meteo.com/en/docs/historical-weather-api","https://archive-api.open-meteo.com/v1/archive?latitude=40.7128&longitude=-74.006&start_date=2020-03-01&end_date=2020-03-31&models=era5&hourly=temperature_2m%2Crelative_humidity_2m%2Cprecipitation%2Cwind_speed_10m%2Cdew_point_2m&timezone=GMT&timeformat=unixtime&temperature_unit=celsius&wind_speed_unit=ms&precipitation_unit=mm&cell_selection=land"
"new-york-march-2020",40.7128,-74.006,"2020-03-01","2020-03-31","2020-03-22T09:00:00.000Z",1.8,54,0,5.05,-6.5,"2020-03-22T08:00:00.000Z","2020-03-22T09:00:00.000Z",true,"","complete",744,744,744,"Open-Meteo","ERA5 (requested)","era5",,"modeled_reanalysis",40.75,-74,32,"2026-09-11T00:26:47.065Z",,,"land","provider default elevation adjustment","instant meteorology; precipitation sum over preceding hour ending at time","reanalysis-adapter-v1","Weather data by Open-Meteo; ERA5 by Copernicus Climate Change Service (C3S) / ECMWF","https://open-meteo.com/en/docs/historical-weather-api","https://archive-api.open-meteo.com/v1/archive?latitude=40.7128&longitude=-74.006&start_date=2020-03-01&end_date=2020-03-31&models=era5&hourly=temperature_2m%2Crelative_humidity_2m%2Cprecipitation%2Cwind_speed_10m%2Cdew_point_2m&timezone=GMT&timeformat=unixtime&temperature_unit=celsius&wind_speed_unit=ms&precipitation_unit=mm&cell_selection=land"
"new-york-march-2020",40.7128,-74.006,"2020-03-01","2020-03-31","2020-03-22T10:00:00.000Z",1.1,54,0,4.52,-7.2,"2020-03-22T09:00:00.000Z","2020-03-22T10:00:00.000Z",true,"","complete",744,744,744,"Open-Meteo","ERA5 (requested)","era5",,"modeled_reanalysis",40.75,-74,32,"2026-09-11T00:26:47.065Z",,,"land","provider default elevation adjustment","instant meteorology; precipitation sum over preceding hour ending at time","reanalysis-adapter-v1","Weather data by Open-Meteo; ERA5 by Copernicus Climate Change Service (C3S) / ECMWF","https://open-meteo.com/en/docs/historical-weather-api","https://archive-api.open-meteo.com/v1/archive?latitude=40.7128&longitude=-74.006&start_date=2020-03-01&end_date=2020-03-31&models=era5&hourly=temperature_2m%2Crelative_humidity_2m%2Cprecipitation%2Cwind_speed_10m%2Cdew_point_2m&timezone=GMT&timeformat=unixtime&temperature_unit=celsius&wind_speed_unit=ms&precipitation_unit=mm&cell_selection=land"
"new-york-march-2020",40.7128,-74.006,"2020-03-01","2020-03-31","2020-03-22T11:00:00.000Z",0.9,53,0,4.74,-7.6,"2020-03-22T10:00:00.000Z","2020-03-22T11:00:00.000Z",true,"","complete",744,744,744,"Open-Meteo","ERA5 (requested)","era5",,"modeled_reanalysis",40.75,-74,32,"2026-09-11T00:26:47.065Z",,,"land","provider default elevation adjustment","instant meteorology; precipitation sum over preceding hour ending at time","reanalysis-adapter-v1","Weather data by Open-Meteo; ERA5 by Copernicus Climate Change Service (C3S) / ECMWF","https://open-meteo.com/en/docs/historical-weather-api","https://archive-api.open-meteo.com/v1/archive?latitude=40.7128&longitude=-74.006&start_date=2020-03-01&end_date=2020-03-31&models=era5&hourly=temperature_2m%2Crelative_humidity_2m%2Cprecipitation%2Cwind_speed_10m%2Cdew_point_2m&timezone=GMT&timeformat=unixtime&temperature_unit=celsius&wind_speed_unit=ms&precipitation_unit=mm&cell_selection=land"
"new-york-march-2020",40.7128,-74.006,"2020-03-01","2020-03-31","2020-03-22T12:00:00.000Z",1,51,0,4.91,-8,"2020-03-22T11:00:00.000Z","2020-03-22T12:00:00.000Z",true,"","complete",744,744,744,"Open-Meteo","ERA5 (requested)","era5",,"modeled_reanalysis",40.75,-74,32,"2026-09-11T00:26:47.065Z",,,"land","provider default elevation adjustment","instant meteorology; precipitation sum over preceding hour ending at time","reanalysis-adapter-v1","Weather data by Open-Meteo; ERA5 by Copernicus Climate Change Service (C3S) / ECMWF","https://open-meteo.com/en/docs/historical-weather-api","https://archive-api.open-meteo.com/v1/archive?latitude=40.7128&longitude=-74.006&start_date=2020-03-01&end_date=2020-03-31&models=era5&hourly=temperature_2m%2Crelative_humidity_2m%2Cprecipitation%2Cwind_speed_10m%2Cdew_point_2m&timezone=GMT&timeformat=unixtime&temperature_unit=celsius&wind_speed_unit=ms&precipitation_unit=mm&cell_selection=land"
"new-york-march-2020",40.7128,-74.006,"2020-03-01","2020-03-31","2020-03-22T13:00:00.000Z",1.1,50,0,4.84,-8.3,"2020-03-22T12:00:00.000Z","2020-03-22T13:00:00.000Z",true,"","complete",744,744,744,"Open-Meteo","ERA5 (requested)","era5",,"modeled_reanalysis",40.75,-74,32,"2026-09-11T00:26:47.065Z",,,"land","provider default elevation adjustment","instant meteorology; precipitation sum over preceding hour ending at time","reanalysis-adapter-v1","Weather data by Open-Meteo; ERA5 by Copernicus Climate Change Service (C3S) / ECMWF","https://open-meteo.com/en/docs/historical-weather-api","https://archive-api.open-meteo.com/v1/archive?latitude=40.7128&longitude=-74.006&start_date=2020-03-01&end_date=2020-03-31&models=era5&hourly=temperature_2m%2Crelative_humidity_2m%2Cprecipitation%2Cwind_speed_10m%2Cdew_point_2m&timezone=GMT&timeformat=unixtime&temperature_unit=celsius&wind_speed_unit=ms&precipitation_unit=mm&cell_selection=land"
"new-york-march-2020",40.7128,-74.006,"2020-03-01","2020-03-31","2020-03-22T14:00:00.000Z",1.5,47,0,4.6,-8.5,"2020-03-22T13:00:00.000Z","2020-03-22T14:00:00.000Z",true,"","complete",744,744,744,"Open-Meteo","ERA5 (requested)","era5",,"modeled_reanalysis",40.75,-74,32,"2026-09-11T00:26:47.065Z",,,"land","provider default elevation adjustment","instant meteorology; precipitation sum over preceding hour ending at time","reanalysis-adapter-v1","Weather data by Open-Meteo; ERA5 by Copernicus Climate Change Service (C3S) / ECMWF","https://open-meteo.com/en/docs/historical-weather-api","https://archive-api.open-meteo.com/v1/archive?latitude=40.7128&longitude=-74.006&start_date=2020-03-01&end_date=2020-03-31&models=era5&hourly=temperature_2m%2Crelative_humidity_2m%2Cprecipitation%2Cwind_speed_10m%2Cdew_point_2m&timezone=GMT&timeformat=unixtime&temperature_unit=celsius&wind_speed_unit=ms&precipitation_unit=mm&cell_selection=land"
"new-york-march-2020",40.7128,-74.006,"2020-03-01","2020-03-31","2020-03-22T15:00:00.000Z",2.9,44,0,4.1,-8,"2020-03-22T14:00:00.000Z","2020-03-22T15:00:00.000Z",true,"","complete",744,744,744,"Open-Meteo","ERA5 (requested)","era5",,"modeled_reanalysis",40.75,-74,32,"2026-09-11T00:26:47.065Z",,,"land","provider default elevation adjustment","instant meteorology; precipitation sum over preceding hour ending at time","reanalysis-adapter-v1","Weather data by Open-Meteo; ERA5 by Copernicus Climate Change Service (C3S) / ECMWF","https://open-meteo.com/en/docs/historical-weather-api","https://archive-api.open-meteo.com/v1/archive?latitude=40.7128&longitude=-74.006&start_date=2020-03-01&end_date=2020-03-31&models=era5&hourly=temperature_2m%2Crelative_humidity_2m%2Cprecipitation%2Cwind_speed_10m%2Cdew_point_2m&timezone=GMT&timeformat=unixtime&temperature_unit=celsius&wind_speed_unit=ms&precipitation_unit=mm&cell_selection=land"
"new-york-march-2020",40.7128,-74.006,"2020-03-01","2020-03-31","2020-03-22T16:00:00.000Z",3.4,43,0,3.68,-7.9,"2020-03-22T15:00:00.000Z","2020-03-22T16:00:00.000Z",true,"","complete",744,744,744,"Open-Meteo","ERA5 (requested)","era5",,"modeled_reanalysis",40.75,-74,32,"2026-09-11T00:26:47.065Z",,,"land","provider default elevation adjustment","instant meteorology; precipitation sum over preceding hour ending at time","reanalysis-adapter-v1","Weather data by Open-Meteo; ERA5 by Copernicus Climate Change Service (C3S) / ECMWF","https://open-meteo.com/en/docs/historical-weather-api","https://archive-api.open-meteo.com/v1/archive?latitude=40.7128&longitude=-74.006&start_date=2020-03-01&end_date=2020-03-31&models=era5&hourly=temperature_2m%2Crelative_humidity_2m%2Cprecipitation%2Cwind_speed_10m%2Cdew_point_2m&timezone=GMT&timeformat=unixtime&temperature_unit=celsius&wind_speed_unit=ms&precipitation_unit=mm&cell_selection=land"
"new-york-march-2020",40.7128,-74.006,"2020-03-01","2020-03-31","2020-03-22T17:00:00.000Z",4.1,43,0,3.03,-7.4,"2020-03-22T16:00:00.000Z","2020-03-22T17:00:00.000Z",true,"","complete",744,744,744,"Open-Meteo","ERA5 (requested)","era5",,"modeled_reanalysis",40.75,-74,32,"2026-09-11T00:26:47.065Z",,,"land","provider default elevation adjustment","instant meteorology; precipitation sum over preceding hour ending at time","reanalysis-adapter-v1","Weather data by Open-Meteo; ERA5 by Copernicus Climate Change Service (C3S) / ECMWF","https://open-meteo.com/en/docs/historical-weather-api","https://archive-api.open-meteo.com/v1/archive?latitude=40.7128&longitude=-74.006&start_date=2020-03-01&end_date=2020-03-31&models=era5&hourly=temperature_2m%2Crelative_humidity_2m%2Cprecipitation%2Cwind_speed_10m%2Cdew_point_2m&timezone=GMT&timeformat=unixtime&temperature_unit=celsius&wind_speed_unit=ms&precipitation_unit=mm&cell_selection=land"
"new-york-march-2020",40.7128,-74.006,"2020-03-01","2020-03-31","2020-03-22T18:00:00.000Z",4.5,44,0,2.91,-6.7,"2020-03-22T17:00:00.000Z","2020-03-22T18:00:00.000Z",true,"","complete",744,744,744,"Open-Meteo","ERA5 (requested)","era5",,"modeled_reanalysis",40.75,-74,32,"2026-09-11T00:26:47.065Z",,,"land","provider default elevation adjustment","instant meteorology; precipitation sum over preceding hour ending at time","reanalysis-adapter-v1","Weather data by Open-Meteo; ERA5 by Copernicus Climate Change Service (C3S) / ECMWF","https://open-meteo.com/en/docs/historical-weather-api","https://archive-api.open-meteo.com/v1/archive?latitude=40.7128&longitude=-74.006&start_date=2020-03-01&end_date=2020-03-31&models=era5&hourly=temperature_2m%2Crelative_humidity_2m%2Cprecipitation%2Cwind_speed_10m%2Cdew_point_2m&timezone=GMT&timeformat=unixtime&temperature_unit=celsius&wind_speed_unit=ms&precipitation_unit=mm&cell_selection=land"
"new-york-march-2020",40.7128,-74.006,"2020-03-01","2020-03-31","2020-03-22T19:00:00.000Z",5,46,0,2.98,-5.7,"2020-03-22T18:00:00.000Z","2020-03-22T19:00:00.000Z",true,"","complete",744,744,744,"Open-Meteo","ERA5 (requested)","era5",,"modeled_reanalysis",40.75,-74,32,"2026-09-11T00:26:47.065Z",,,"land","provider default elevation adjustment","instant meteorology; precipitation sum over preceding hour ending at time","reanalysis-adapter-v1","Weather data by Open-Meteo; ERA5 by Copernicus Climate Change Service (C3S) / ECMWF","https://open-meteo.com/en/docs/historical-weather-api","https://archive-api.open-meteo.com/v1/archive?latitude=40.7128&longitude=-74.006&start_date=2020-03-01&end_date=2020-03-31&models=era5&hourly=temperature_2m%2Crelative_humidity_2m%2Cprecipitation%2Cwind_speed_10m%2Cdew_point_2m&timezone=GMT&timeformat=unixtime&temperature_unit=celsius&wind_speed_unit=ms&precipitation_unit=mm&cell_selection=land"
"new-york-march-2020",40.7128,-74.006,"2020-03-01","2020-03-31","2020-03-22T20:00:00.000Z",5.4,47,0,3.07,-5.1,"2020-03-22T19:00:00.000Z","2020-03-22T20:00:00.000Z",true,"","complete",744,744,744,"Open-Meteo","ERA5 (requested)","era5",,"modeled_reanalysis",40.75,-74,32,"2026-09-11T00:26:47.065Z",,,"land","provider default elevation adjustment","instant meteorology; precipitation sum over preceding hour ending at time","reanalysis-adapter-v1","Weather data by Open-Meteo; ERA5 by Copernicus Climate Change Service (C3S) / ECMWF","https://open-meteo.com/en/docs/historical-weather-api","https://archive-api.open-meteo.com/v1/archive?latitude=40.7128&longitude=-74.006&start_date=2020-03-01&end_date=2020-03-31&models=era5&hourly=temperature_2m%2Crelative_humidity_2m%2Cprecipitation%2Cwind_speed_10m%2Cdew_point_2m&timezone=GMT&timeformat=unixtime&temperature_unit=celsius&wind_speed_unit=ms&precipitation_unit=mm&cell_selection=land"
"new-york-march-2020",40.7128,-74.006,"2020-03-01","2020-03-31","2020-03-22T21:00:00.000Z",5.4,49,0,3.49,-4.4,"2020-03-22T20:00:00.000Z","2020-03-22T21:00:00.000Z",true,"","complete",744,744,744,"Open-Meteo","ERA5 (requested)","era5",,"modeled_reanalysis",40.75,-74,32,"2026-09-11T00:26:47.065Z",,,"land","provider default elevation adjustment","instant meteorology; precipitation sum over preceding hour ending at time","reanalysis-adapter-v1","Weather data by Open-Meteo; ERA5 by Copernicus Climate Change Service (C3S) / ECMWF","https://open-meteo.com/en/docs/historical-weather-api","https://archive-api.open-meteo.com/v1/archive?latitude=40.7128&longitude=-74.006&start_date=2020-03-01&end_date=2020-03-31&models=era5&hourly=temperature_2m%2Crelative_humidity_2m%2Cprecipitation%2Cwind_speed_10m%2Cdew_point_2m&timezone=GMT&timeformat=unixtime&temperature_unit=celsius&wind_speed_unit=ms&precipitation_unit=mm&cell_selection=land"
"new-york-march-2020",40.7128,-74.006,"2020-03-01","2020-03-31","2020-03-22T22:00:00.000Z",4.8,52,0,3.76,-4.1,"2020-03-22T21:00:00.000Z","2020-03-22T22:00:00.000Z",true,"","complete",744,744,744,"Open-Meteo","ERA5 (requested)","era5",,"modeled_reanalysis",40.75,-74,32,"2026-09-11T00:26:47.065Z",,,"land","provider default elevation adjustment","instant meteorology; precipitation sum over preceding hour ending at time","reanalysis-adapter-v1","Weather data by Open-Meteo; ERA5 by Copernicus Climate Change Service (C3S) / ECMWF","https://open-meteo.com/en/docs/historical-weather-api","https://archive-api.open-meteo.com/v1/archive?latitude=40.7128&longitude=-74.006&start_date=2020-03-01&end_date=2020-03-31&models=era5&hourly=temperature_2m%2Crelative_humidity_2m%2Cprecipitation%2Cwind_speed_10m%2Cdew_point_2m&timezone=GMT&timeformat=unixtime&temperature_unit=celsius&wind_speed_unit=ms&precipitation_unit=mm&cell_selection=land"
"new-york-march-2020",40.7128,-74.006,"2020-03-01","2020-03-31","2020-03-22T23:00:00.000Z",4.5,55,0,3.97,-3.8,"2020-03-22T22:00:00.000Z","2020-03-22T23:00:00.000Z",true,"","complete",744,744,744,"Open-Meteo","ERA5 (requested)","era5",,"modeled_reanalysis",40.75,-74,32,"2026-09-11T00:26:47.065Z",,,"land","provider default elevation adjustment","instant meteorology; precipitation sum over preceding hour ending at time","reanalysis-adapter-v1","Weather data by Open-Meteo; ERA5 by Copernicus Climate Change Service (C3S) / ECMWF","https://open-meteo.com/en/docs/historical-weather-api","https://archive-api.open-meteo.com/v1/archive?latitude=40.7128&longitude=-74.006&start_date=2020-03-01&end_date=2020-03-31&models=era5&hourly=temperature_2m%2Crelative_humidity_2m%2Cprecipitation%2Cwind_speed_10m%2Cdew_point_2m&timezone=GMT&timeformat=unixtime&temperature_unit=celsius&wind_speed_unit=ms&precipitation_unit=mm&cell_selection=land"
"new-york-march-2020",40.7128,-74.006,"2020-03-01","2020-03-31","2020-03-23T00:00:00.000Z",3.8,60,0,4.33,-3.2,"2020-03-22T23:00:00.000Z","2020-03-23T00:00:00.000Z",true,"","complete",744,744,744,"Open-Meteo","ERA5 (requested)","era5",,"modeled_reanalysis",40.75,-74,32,"2026-09-11T00:26:47.065Z",,,"land","provider default elevation adjustment","instant meteorology; precipitation sum over preceding hour ending at time","reanalysis-adapter-v1","Weather data by Open-Meteo; ERA5 by Copernicus Climate Change Service (C3S) / ECMWF","https://open-meteo.com/en/docs/historical-weather-api","https://archive-api.open-meteo.com/v1/archive?latitude=40.7128&longitude=-74.006&start_date=2020-03-01&end_date=2020-03-31&models=era5&hourly=temperature_2m%2Crelative_humidity_2m%2Cprecipitation%2Cwind_speed_10m%2Cdew_point_2m&timezone=GMT&timeformat=unixtime&temperature_unit=celsius&wind_speed_unit=ms&precipitation_unit=mm&cell_selection=land"
"new-york-march-2020",40.7128,-74.006,"2020-03-01","2020-03-31","2020-03-23T01:00:00.000Z",3.6,61,0,4.14,-3.3,"2020-03-23T00:00:00.000Z","2020-03-23T01:00:00.000Z",true,"","complete",744,744,744,"Open-Meteo","ERA5 (requested)","era5",,"modeled_reanalysis",40.75,-74,32,"2026-09-11T00:26:47.065Z",,,"land","provider default elevation adjustment","instant meteorology; precipitation sum over preceding hour ending at time","reanalysis-adapter-v1","Weather data by Open-Meteo; ERA5 by Copernicus Climate Change Service (C3S) / ECMWF","https://open-meteo.com/en/docs/historical-weather-api","https://archive-api.open-meteo.com/v1/archive?latitude=40.7128&longitude=-74.006&start_date=2020-03-01&end_date=2020-03-31&models=era5&hourly=temperature_2m%2Crelative_humidity_2m%2Cprecipitation%2Cwind_speed_10m%2Cdew_point_2m&timezone=GMT&timeformat=unixtime&temperature_unit=celsius&wind_speed_unit=ms&precipitation_unit=mm&cell_selection=land"
"new-york-march-2020",40.7128,-74.006,"2020-03-01","2020-03-31","2020-03-23T02:00:00.000Z",3.6,61,0,4.12,-3.2,"2020-03-23T01:00:00.000Z","2020-03-23T02:00:00.000Z",true,"","complete",744,744,744,"Open-Meteo","ERA5 (requested)","era5",,"modeled_reanalysis",40.75,-74,32,"2026-09-11T00:26:47.065Z",,,"land","provider default elevation adjustment","instant meteorology; precipitation sum over preceding hour ending at time","reanalysis-adapter-v1","Weather data by Open-Meteo; ERA5 by Copernicus Climate Change Service (C3S) / ECMWF","https://open-meteo.com/en/docs/historical-weather-api","https://archive-api.open-meteo.com/v1/archive?latitude=40.7128&longitude=-74.006&start_date=2020-03-01&end_date=2020-03-31&models=era5&hourly=temperature_2m%2Crelative_humidity_2m%2Cprecipitation%2Cwind_speed_10m%2Cdew_point_2m&timezone=GMT&timeformat=unixtime&temperature_unit=celsius&wind_speed_unit=ms&precipitation_unit=mm&cell_selection=land"
"new-york-march-2020",40.7128,-74.006,"2020-03-01","2020-03-31","2020-03-23T03:00:00.000Z",3.4,62,0,4.16,-3.1,"2020-03-23T02:00:00.000Z","2020-03-23T03:00:00.000Z",true,"","complete",744,744,744,"Open-Meteo","ERA5 (requested)","era5",,"modeled_reanalysis",40.75,-74,32,"2026-09-11T00:26:47.065Z",,,"land","provider default elevation adjustment","instant meteorology; precipitation sum over preceding hour ending at time","reanalysis-adapter-v1","Weather data by Open-Meteo; ERA5 by Copernicus Climate Change Service (C3S) / ECMWF","https://open-meteo.com/en/docs/historical-weather-api","https://archive-api.open-meteo.com/v1/archive?latitude=40.7128&longitude=-74.006&start_date=2020-03-01&end_date=2020-03-31&models=era5&hourly=temperature_2m%2Crelative_humidity_2m%2Cprecipitation%2Cwind_speed_10m%2Cdew_point_2m&timezone=GMT&timeformat=unixtime&temperature_unit=celsius&wind_speed_unit=ms&precipitation_unit=mm&cell_selection=land"
"new-york-march-2020",40.7128,-74.006,"2020-03-01","2020-03-31","2020-03-23T04:00:00.000Z",3.4,61,0,3.85,-3.3,"2020-03-23T03:00:00.000Z","2020-03-23T04:00:00.000Z",true,"","complete",744,744,744,"Open-Meteo","ERA5 (requested)","era5",,"modeled_reanalysis",40.75,-74,32,"2026-09-11T00:26:47.065Z",,,"land","provider default elevation adjustment","instant meteorology; precipitation sum over preceding hour ending at time","reanalysis-adapter-v1","Weather data by Open-Meteo; ERA5 by Copernicus Climate Change Service (C3S) / ECMWF","https://open-meteo.com/en/docs/historical-weather-api","https://archive-api.open-meteo.com/v1/archive?latitude=40.7128&longitude=-74.006&start_date=2020-03-01&end_date=2020-03-31&models=era5&hourly=temperature_2m%2Crelative_humidity_2m%2Cprecipitation%2Cwind_speed_10m%2Cdew_point_2m&timezone=GMT&timeformat=unixtime&temperature_unit=celsius&wind_speed_unit=ms&precipitation_unit=mm&cell_selection=land"
"new-york-march-2020",40.7128,-74.006,"2020-03-01","2020-03-31","2020-03-23T05:00:00.000Z",3.3,64,0,4.3,-2.8,"2020-03-23T04:00:00.000Z","2020-03-23T05:00:00.000Z",true,"","complete",744,744,744,"Open-Meteo","ERA5 (requested)","era5",,"modeled_reanalysis",40.75,-74,32,"2026-09-11T00:26:47.065Z",,,"land","provider default elevation adjustment","instant meteorology; precipitation sum over preceding hour ending at time","reanalysis-adapter-v1","Weather data by Open-Meteo; ERA5 by Copernicus Climate Change Service (C3S) / ECMWF","https://open-meteo.com/en/docs/historical-weather-api","https://archive-api.open-meteo.com/v1/archive?latitude=40.7128&longitude=-74.006&start_date=2020-03-01&end_date=2020-03-31&models=era5&hourly=temperature_2m%2Crelative_humidity_2m%2Cprecipitation%2Cwind_speed_10m%2Cdew_point_2m&timezone=GMT&timeformat=unixtime&temperature_unit=celsius&wind_speed_unit=ms&precipitation_unit=mm&cell_selection=land"
"new-york-march-2020",40.7128,-74.006,"2020-03-01","2020-03-31","2020-03-23T06:00:00.000Z",3.6,63,0,4.24,-2.7,"2020-03-23T05:00:00.000Z","2020-03-23T06:00:00.000Z",true,"","complete",744,744,744,"Open-Meteo","ERA5 (requested)","era5",,"modeled_reanalysis",40.75,-74,32,"2026-09-11T00:26:47.065Z",,,"land","provider default elevation adjustment","instant meteorology; precipitation sum over preceding hour ending at time","reanalysis-adapter-v1","Weather data by Open-Meteo; ERA5 by Copernicus Climate Change Service (C3S) / ECMWF","https://open-meteo.com/en/docs/historical-weather-api","https://archive-api.open-meteo.com/v1/archive?latitude=40.7128&longitude=-74.006&start_date=2020-03-01&end_date=2020-03-31&models=era5&hourly=temperature_2m%2Crelative_humidity_2m%2Cprecipitation%2Cwind_speed_10m%2Cdew_point_2m&timezone=GMT&timeformat=unixtime&temperature_unit=celsius&wind_speed_unit=ms&precipitation_unit=mm&cell_selection=land"
"new-york-march-2020",40.7128,-74.006,"2020-03-01","2020-03-31","2020-03-23T07:00:00.000Z",3.6,63,0,4.03,-2.8,"2020-03-23T06:00:00.000Z","2020-03-23T07:00:00.000Z",true,"","complete",744,744,744,"Open-Meteo","ERA5 (requested)","era5",,"modeled_reanalysis",40.75,-74,32,"2026-09-11T00:26:47.065Z",,,"land","provider default elevation adjustment","instant meteorology; precipitation sum over preceding hour ending at time","reanalysis-adapter-v1","Weather data by Open-Meteo; ERA5 by Copernicus Climate Change Service (C3S) / ECMWF","https://open-meteo.com/en/docs/historical-weather-api","https://archive-api.open-meteo.com/v1/archive?latitude=40.7128&longitude=-74.006&start_date=2020-03-01&end_date=2020-03-31&models=era5&hourly=temperature_2m%2Crelative_humidity_2m%2Cprecipitation%2Cwind_speed_10m%2Cdew_point_2m&timezone=GMT&timeformat=unixtime&temperature_unit=celsius&wind_speed_unit=ms&precipitation_unit=mm&cell_selection=land"
"new-york-march-2020",40.7128,-74.006,"2020-03-01","2020-03-31","2020-03-23T08:00:00.000Z",3.6,68,0,3.86,-1.8,"2020-03-23T07:00:00.000Z","2020-03-23T08:00:00.000Z",true,"","complete",744,744,744,"Open-Meteo","ERA5 (requested)","era5",,"modeled_reanalysis",40.75,-74,32,"2026-09-11T00:26:47.065Z",,,"land","provider default elevation adjustment","instant meteorology; precipitation sum over preceding hour ending at time","reanalysis-adapter-v1","Weather data by Open-Meteo; ERA5 by Copernicus Climate Change Service (C3S) / ECMWF","https://open-meteo.com/en/docs/historical-weather-api","https://archive-api.open-meteo.com/v1/archive?latitude=40.7128&longitude=-74.006&start_date=2020-03-01&end_date=2020-03-31&models=era5&hourly=temperature_2m%2Crelative_humidity_2m%2Cprecipitation%2Cwind_speed_10m%2Cdew_point_2m&timezone=GMT&timeformat=unixtime&temperature_unit=celsius&wind_speed_unit=ms&precipitation_unit=mm&cell_selection=land"
"new-york-march-2020",40.7128,-74.006,"2020-03-01","2020-03-31","2020-03-23T09:00:00.000Z",3.2,74,0.2,4.55,-1,"2020-03-23T08:00:00.000Z","2020-03-23T09:00:00.000Z",true,"","complete",744,744,744,"Open-Meteo","ERA5 (requested)","era5",,"modeled_reanalysis",40.75,-74,32,"2026-09-11T00:26:47.065Z",,,"land","provider default elevation adjustment","instant meteorology; precipitation sum over preceding hour ending at time","reanalysis-adapter-v1","Weather data by Open-Meteo; ERA5 by Copernicus Climate Change Service (C3S) / ECMWF","https://open-meteo.com/en/docs/historical-weather-api","https://archive-api.open-meteo.com/v1/archive?latitude=40.7128&longitude=-74.006&start_date=2020-03-01&end_date=2020-03-31&models=era5&hourly=temperature_2m%2Crelative_humidity_2m%2Cprecipitation%2Cwind_speed_10m%2Cdew_point_2m&timezone=GMT&timeformat=unixtime&temperature_unit=celsius&wind_speed_unit=ms&precipitation_unit=mm&cell_selection=land"
"new-york-march-2020",40.7128,-74.006,"2020-03-01","2020-03-31","2020-03-23T10:00:00.000Z",3.3,79,0.3,4.26,0,"2020-03-23T09:00:00.000Z","2020-03-23T10:00:00.000Z",true,"","complete",744,744,744,"Open-Meteo","ERA5 (requested)","era5",,"modeled_reanalysis",40.75,-74,32,"2026-09-11T00:26:47.065Z",,,"land","provider default elevation adjustment","instant meteorology; precipitation sum over preceding hour ending at time","reanalysis-adapter-v1","Weather data by Open-Meteo; ERA5 by Copernicus Climate Change Service (C3S) / ECMWF","https://open-meteo.com/en/docs/historical-weather-api","https://archive-api.open-meteo.com/v1/archive?latitude=40.7128&longitude=-74.006&start_date=2020-03-01&end_date=2020-03-31&models=era5&hourly=temperature_2m%2Crelative_humidity_2m%2Cprecipitation%2Cwind_speed_10m%2Cdew_point_2m&timezone=GMT&timeformat=unixtime&temperature_unit=celsius&wind_speed_unit=ms&precipitation_unit=mm&cell_selection=land"
"new-york-march-2020",40.7128,-74.006,"2020-03-01","2020-03-31","2020-03-23T11:00:00.000Z",3.1,81,0.2,5.4,0.1,"2020-03-23T10:00:00.000Z","2020-03-23T11:00:00.000Z",true,"","complete",744,744,744,"Open-Meteo","ERA5 (requested)","era5",,"modeled_reanalysis",40.75,-74,32,"2026-09-11T00:26:47.065Z",,,"land","provider default elevation adjustment","instant meteorology; precipitation sum over preceding hour ending at time","reanalysis-adapter-v1","Weather data by Open-Meteo; ERA5 by Copernicus Climate Change Service (C3S) / ECMWF","https://open-meteo.com/en/docs/historical-weather-api","https://archive-api.open-meteo.com/v1/archive?latitude=40.7128&longitude=-74.006&start_date=2020-03-01&end_date=2020-03-31&models=era5&hourly=temperature_2m%2Crelative_humidity_2m%2Cprecipitation%2Cwind_speed_10m%2Cdew_point_2m&timezone=GMT&timeformat=unixtime&temperature_unit=celsius&wind_speed_unit=ms&precipitation_unit=mm&cell_selection=land"
"new-york-march-2020",40.7128,-74.006,"2020-03-01","2020-03-31","2020-03-23T12:00:00.000Z",3.1,81,0.4,6.12,0.2,"2020-03-23T11:00:00.000Z","2020-03-23T12:00:00.000Z",true,"","complete",744,744,744,"Open-Meteo","ERA5 (requested)","era5",,"modeled_reanalysis",40.75,-74,32,"2026-09-11T00:26:47.065Z",,,"land","provider default elevation adjustment","instant meteorology; precipitation sum over preceding hour ending at time","reanalysis-adapter-v1","Weather data by Open-Meteo; ERA5 by Copernicus Climate Change Service (C3S) / ECMWF","https://open-meteo.com/en/docs/historical-weather-api","https://archive-api.open-meteo.com/v1/archive?latitude=40.7128&longitude=-74.006&start_date=2020-03-01&end_date=2020-03-31&models=era5&hourly=temperature_2m%2Crelative_humidity_2m%2Cprecipitation%2Cwind_speed_10m%2Cdew_point_2m&timezone=GMT&timeformat=unixtime&temperature_unit=celsius&wind_speed_unit=ms&precipitation_unit=mm&cell_selection=land"
"new-york-march-2020",40.7128,-74.006,"2020-03-01","2020-03-31","2020-03-23T13:00:00.000Z",3.2,84,0.5,6.51,0.7,"2020-03-23T12:00:00.000Z","2020-03-23T13:00:00.000Z",true,"","complete",744,744,744,"Open-Meteo","ERA5 (requested)","era5",,"modeled_reanalysis",40.75,-74,32,"2026-09-11T00:26:47.065Z",,,"land","provider default elevation adjustment","instant meteorology; precipitation sum over preceding hour ending at time","reanalysis-adapter-v1","Weather data by Open-Meteo; ERA5 by Copernicus Climate Change Service (C3S) / ECMWF","https://open-meteo.com/en/docs/historical-weather-api","https://archive-api.open-meteo.com/v1/archive?latitude=40.7128&longitude=-74.006&start_date=2020-03-01&end_date=2020-03-31&models=era5&hourly=temperature_2m%2Crelative_humidity_2m%2Cprecipitation%2Cwind_speed_10m%2Cdew_point_2m&timezone=GMT&timeformat=unixtime&temperature_unit=celsius&wind_speed_unit=ms&precipitation_unit=mm&cell_selection=land"
"new-york-march-2020",40.7128,-74.006,"2020-03-01","2020-03-31","2020-03-23T14:00:00.000Z",3.4,84,1,6.13,0.9,"2020-03-23T13:00:00.000Z","2020-03-23T14:00:00.000Z",true,"","complete",744,744,744,"Open-Meteo","ERA5 (requested)","era5",,"modeled_reanalysis",40.75,-74,32,"2026-09-11T00:26:47.065Z",,,"land","provider default elevation adjustment","instant meteorology; precipitation sum over preceding hour ending at time","reanalysis-adapter-v1","Weather data by Open-Meteo; ERA5 by Copernicus Climate Change Service (C3S) / ECMWF","https://open-meteo.com/en/docs/historical-weather-api","https://archive-api.open-meteo.com/v1/archive?latitude=40.7128&longitude=-74.006&start_date=2020-03-01&end_date=2020-03-31&models=era5&hourly=temperature_2m%2Crelative_humidity_2m%2Cprecipitation%2Cwind_speed_10m%2Cdew_point_2m&timezone=GMT&timeformat=unixtime&temperature_unit=celsius&wind_speed_unit=ms&precipitation_unit=mm&cell_selection=land"
"new-york-march-2020",40.7128,-74.006,"2020-03-01","2020-03-31","2020-03-23T15:00:00.000Z",3.8,87,0.8,6.6,1.9,"2020-03-23T14:00:00.000Z","2020-03-23T15:00:00.000Z",true,"","complete",744,744,744,"Open-Meteo","ERA5 (requested)","era5",,"modeled_reanalysis",40.75,-74,32,"2026-09-11T00:26:47.065Z",,,"land","provider default elevation adjustment","instant meteorology; precipitation sum over preceding hour ending at time","reanalysis-adapter-v1","Weather data by Open-Meteo; ERA5 by Copernicus Climate Change Service (C3S) / ECMWF","https://open-meteo.com/en/docs/historical-weather-api","https://archive-api.open-meteo.com/v1/archive?latitude=40.7128&longitude=-74.006&start_date=2020-03-01&end_date=2020-03-31&models=era5&hourly=temperature_2m%2Crelative_humidity_2m%2Cprecipitation%2Cwind_speed_10m%2Cdew_point_2m&timezone=GMT&timeformat=unixtime&temperature_unit=celsius&wind_speed_unit=ms&precipitation_unit=mm&cell_selection=land"
"new-york-march-2020",40.7128,-74.006,"2020-03-01","2020-03-31","2020-03-23T16:00:00.000Z",4.2,86,1.3,6.49,2.1,"2020-03-23T15:00:00.000Z","2020-03-23T16:00:00.000Z",true,"","complete",744,744,744,"Open-Meteo","ERA5 (requested)","era5",,"modeled_reanalysis",40.75,-74,32,"2026-09-11T00:26:47.065Z",,,"land","provider default elevation adjustment","instant meteorology; precipitation sum over preceding hour ending at time","reanalysis-adapter-v1","Weather data by Open-Meteo; ERA5 by Copernicus Climate Change Service (C3S) / ECMWF","https://open-meteo.com/en/docs/historical-weather-api","https://archive-api.open-meteo.com/v1/archive?latitude=40.7128&longitude=-74.006&start_date=2020-03-01&end_date=2020-03-31&models=era5&hourly=temperature_2m%2Crelative_humidity_2m%2Cprecipitation%2Cwind_speed_10m%2Cdew_point_2m&timezone=GMT&timeformat=unixtime&temperature_unit=celsius&wind_speed_unit=ms&precipitation_unit=mm&cell_selection=land"
"new-york-march-2020",40.7128,-74.006,"2020-03-01","2020-03-31","2020-03-23T17:00:00.000Z",3.9,91,1.7,6.45,2.5,"2020-03-23T16:00:00.000Z","2020-03-23T17:00:00.000Z",true,"","complete",744,744,744,"Open-Meteo","ERA5 (requested)","era5",,"modeled_reanalysis",40.75,-74,32,"2026-09-11T00:26:47.065Z",,,"land","provider default elevation adjustment","instant meteorology; precipitation sum over preceding hour ending at time","reanalysis-adapter-v1","Weather data by Open-Meteo; ERA5 by Copernicus Climate Change Service (C3S) / ECMWF","https://open-meteo.com/en/docs/historical-weather-api","https://archive-api.open-meteo.com/v1/archive?latitude=40.7128&longitude=-74.006&start_date=2020-03-01&end_date=2020-03-31&models=era5&hourly=temperature_2m%2Crelative_humidity_2m%2Cprecipitation%2Cwind_speed_10m%2Cdew_point_2m&timezone=GMT&timeformat=unixtime&temperature_unit=celsius&wind_speed_unit=ms&precipitation_unit=mm&cell_selection=land"
"new-york-march-2020",40.7128,-74.006,"2020-03-01","2020-03-31","2020-03-23T18:00:00.000Z",4.1,92,1.7,6.45,2.9,"2020-03-23T17:00:00.000Z","2020-03-23T18:00:00.000Z",true,"","complete",744,744,744,"Open-Meteo","ERA5 (requested)","era5",,"modeled_reanalysis",40.75,-74,32,"2026-09-11T00:26:47.065Z",,,"land","provider default elevation adjustment","instant meteorology; precipitation sum over preceding hour ending at time","reanalysis-adapter-v1","Weather data by Open-Meteo; ERA5 by Copernicus Climate Change Service (C3S) / ECMWF","https://open-meteo.com/en/docs/historical-weather-api","https://archive-api.open-meteo.com/v1/archive?latitude=40.7128&longitude=-74.006&start_date=2020-03-01&end_date=2020-03-31&models=era5&hourly=temperature_2m%2Crelative_humidity_2m%2Cprecipitation%2Cwind_speed_10m%2Cdew_point_2m&timezone=GMT&timeformat=unixtime&temperature_unit=celsius&wind_speed_unit=ms&precipitation_unit=mm&cell_selection=land"
"new-york-march-2020",40.7128,-74.006,"2020-03-01","2020-03-31","2020-03-23T19:00:00.000Z",4.5,90,1.5,6.69,3,"2020-03-23T18:00:00.000Z","2020-03-23T19:00:00.000Z",true,"","complete",744,744,744,"Open-Meteo","ERA5 (requested)","era5",,"modeled_reanalysis",40.75,-74,32,"2026-09-11T00:26:47.065Z",,,"land","provider default elevation adjustment","instant meteorology; precipitation sum over preceding hour ending at time","reanalysis-adapter-v1","Weather data by Open-Meteo; ERA5 by Copernicus Climate Change Service (C3S) / ECMWF","https://open-meteo.com/en/docs/historical-weather-api","https://archive-api.open-meteo.com/v1/archive?latitude=40.7128&longitude=-74.006&start_date=2020-03-01&end_date=2020-03-31&models=era5&hourly=temperature_2m%2Crelative_humidity_2m%2Cprecipitation%2Cwind_speed_10m%2Cdew_point_2m&timezone=GMT&timeformat=unixtime&temperature_unit=celsius&wind_speed_unit=ms&precipitation_unit=mm&cell_selection=land"
"new-york-march-2020",40.7128,-74.006,"2020-03-01","2020-03-31","2020-03-23T20:00:00.000Z",4.9,90,1.4,6.63,3.4,"2020-03-23T19:00:00.000Z","2020-03-23T20:00:00.000Z",true,"","complete",744,744,744,"Open-Meteo","ERA5 (requested)","era5",,"modeled_reanalysis",40.75,-74,32,"2026-09-11T00:26:47.065Z",,,"land","provider default elevation adjustment","instant meteorology; precipitation sum over preceding hour ending at time","reanalysis-adapter-v1","Weather data by Open-Meteo; ERA5 by Copernicus Climate Change Service (C3S) / ECMWF","https://open-meteo.com/en/docs/historical-weather-api","https://archive-api.open-meteo.com/v1/archive?latitude=40.7128&longitude=-74.006&start_date=2020-03-01&end_date=2020-03-31&models=era5&hourly=temperature_2m%2Crelative_humidity_2m%2Cprecipitation%2Cwind_speed_10m%2Cdew_point_2m&timezone=GMT&timeformat=unixtime&temperature_unit=celsius&wind_speed_unit=ms&precipitation_unit=mm&cell_selection=land"
"new-york-march-2020",40.7128,-74.006,"2020-03-01","2020-03-31","2020-03-23T21:00:00.000Z",5.3,90,2.2,6.56,3.8,"2020-03-23T20:00:00.000Z","2020-03-23T21:00:00.000Z",true,"","complete",744,744,744,"Open-Meteo","ERA5 (requested)","era5",,"modeled_reanalysis",40.75,-74,32,"2026-09-11T00:26:47.065Z",,,"land","provider default elevation adjustment","instant meteorology; precipitation sum over preceding hour ending at time","reanalysis-adapter-v1","Weather data by Open-Meteo; ERA5 by Copernicus Climate Change Service (C3S) / ECMWF","https://open-meteo.com/en/docs/historical-weather-api","https://archive-api.open-meteo.com/v1/archive?latitude=40.7128&longitude=-74.006&start_date=2020-03-01&end_date=2020-03-31&models=era5&hourly=temperature_2m%2Crelative_humidity_2m%2Cprecipitation%2Cwind_speed_10m%2Cdew_point_2m&timezone=GMT&timeformat=unixtime&temperature_unit=celsius&wind_speed_unit=ms&precipitation_unit=mm&cell_selection=land"
"new-york-march-2020",40.7128,-74.006,"2020-03-01","2020-03-31","2020-03-23T22:00:00.000Z",5.1,88,1.7,4.46,3.4,"2020-03-23T21:00:00.000Z","2020-03-23T22:00:00.000Z",true,"","complete",744,744,744,"Open-Meteo","ERA5 (requested)","era5",,"modeled_reanalysis",40.75,-74,32,"2026-09-11T00:26:47.065Z",,,"land","provider default elevation adjustment","instant meteorology; precipitation sum over preceding hour ending at time","reanalysis-adapter-v1","Weather data by Open-Meteo; ERA5 by Copernicus Climate Change Service (C3S) / ECMWF","https://open-meteo.com/en/docs/historical-weather-api","https://archive-api.open-meteo.com/v1/archive?latitude=40.7128&longitude=-74.006&start_date=2020-03-01&end_date=2020-03-31&models=era5&hourly=temperature_2m%2Crelative_humidity_2m%2Cprecipitation%2Cwind_speed_10m%2Cdew_point_2m&timezone=GMT&timeformat=unixtime&temperature_unit=celsius&wind_speed_unit=ms&precipitation_unit=mm&cell_selection=land"
"new-york-march-2020",40.7128,-74.006,"2020-03-01","2020-03-31","2020-03-23T23:00:00.000Z",5,90,1.3,5.55,3.4,"2020-03-23T22:00:00.000Z","2020-03-23T23:00:00.000Z",true,"","complete",744,744,744,"Open-Meteo","ERA5 (requested)","era5",,"modeled_reanalysis",40.75,-74,32,"2026-09-11T00:26:47.065Z",,,"land","provider default elevation adjustment","instant meteorology; precipitation sum over preceding hour ending at time","reanalysis-adapter-v1","Weather data by Open-Meteo; ERA5 by Copernicus Climate Change Service (C3S) / ECMWF","https://open-meteo.com/en/docs/historical-weather-api","https://archive-api.open-meteo.com/v1/archive?latitude=40.7128&longitude=-74.006&start_date=2020-03-01&end_date=2020-03-31&models=era5&hourly=temperature_2m%2Crelative_humidity_2m%2Cprecipitation%2Cwind_speed_10m%2Cdew_point_2m&timezone=GMT&timeformat=unixtime&temperature_unit=celsius&wind_speed_unit=ms&precipitation_unit=mm&cell_selection=land"
"new-york-march-2020",40.7128,-74.006,"2020-03-01","2020-03-31","2020-03-24T00:00:00.000Z",5,90,0.5,6.2,3.5,"2020-03-23T23:00:00.000Z","2020-03-24T00:00:00.000Z",true,"","complete",744,744,744,"Open-Meteo","ERA5 (requested)","era5",,"modeled_reanalysis",40.75,-74,32,"2026-09-11T00:26:47.065Z",,,"land","provider default elevation adjustment","instant meteorology; precipitation sum over preceding hour ending at time","reanalysis-adapter-v1","Weather data by Open-Meteo; ERA5 by Copernicus Climate Change Service (C3S) / ECMWF","https://open-meteo.com/en/docs/historical-weather-api","https://archive-api.open-meteo.com/v1/archive?latitude=40.7128&longitude=-74.006&start_date=2020-03-01&end_date=2020-03-31&models=era5&hourly=temperature_2m%2Crelative_humidity_2m%2Cprecipitation%2Cwind_speed_10m%2Cdew_point_2m&timezone=GMT&timeformat=unixtime&temperature_unit=celsius&wind_speed_unit=ms&precipitation_unit=mm&cell_selection=land"
"new-york-march-2020",40.7128,-74.006,"2020-03-01","2020-03-31","2020-03-24T01:00:00.000Z",4.4,90,0.6,5.71,2.9,"2020-03-24T00:00:00.000Z","2020-03-24T01:00:00.000Z",true,"","complete",744,744,744,"Open-Meteo","ERA5 (requested)","era5",,"modeled_reanalysis",40.75,-74,32,"2026-09-11T00:26:47.065Z",,,"land","provider default elevation adjustment","instant meteorology; precipitation sum over preceding hour ending at time","reanalysis-adapter-v1","Weather data by Open-Meteo; ERA5 by Copernicus Climate Change Service (C3S) / ECMWF","https://open-meteo.com/en/docs/historical-weather-api","https://archive-api.open-meteo.com/v1/archive?latitude=40.7128&longitude=-74.006&start_date=2020-03-01&end_date=2020-03-31&models=era5&hourly=temperature_2m%2Crelative_humidity_2m%2Cprecipitation%2Cwind_speed_10m%2Cdew_point_2m&timezone=GMT&timeformat=unixtime&temperature_unit=celsius&wind_speed_unit=ms&precipitation_unit=mm&cell_selection=land"
"new-york-march-2020",40.7128,-74.006,"2020-03-01","2020-03-31","2020-03-24T02:00:00.000Z",3.7,88,0,5.18,2,"2020-03-24T01:00:00.000Z","2020-03-24T02:00:00.000Z",true,"","complete",744,744,744,"Open-Meteo","ERA5 (requested)","era5",,"modeled_reanalysis",40.75,-74,32,"2026-09-11T00:26:47.065Z",,,"land","provider default elevation adjustment","instant meteorology; precipitation sum over preceding hour ending at time","reanalysis-adapter-v1","Weather data by Open-Meteo; ERA5 by Copernicus Climate Change Service (C3S) / ECMWF","https://open-meteo.com/en/docs/historical-weather-api","https://archive-api.open-meteo.com/v1/archive?latitude=40.7128&longitude=-74.006&start_date=2020-03-01&end_date=2020-03-31&models=era5&hourly=temperature_2m%2Crelative_humidity_2m%2Cprecipitation%2Cwind_speed_10m%2Cdew_point_2m&timezone=GMT&timeformat=unixtime&temperature_unit=celsius&wind_speed_unit=ms&precipitation_unit=mm&cell_selection=land"
"new-york-march-2020",40.7128,-74.006,"2020-03-01","2020-03-31","2020-03-24T03:00:00.000Z",3.3,87,0,5.29,1.4,"2020-03-24T02:00:00.000Z","2020-03-24T03:00:00.000Z",true,"","complete",744,744,744,"Open-Meteo","ERA5 (requested)","era5",,"modeled_reanalysis",40.75,-74,32,"2026-09-11T00:26:47.065Z",,,"land","provider default elevation adjustment","instant meteorology; precipitation sum over preceding hour ending at time","reanalysis-adapter-v1","Weather data by Open-Meteo; ERA5 by Copernicus Climate Change Service (C3S) / ECMWF","https://open-meteo.com/en/docs/historical-weather-api","https://archive-api.open-meteo.com/v1/archive?latitude=40.7128&longitude=-74.006&start_date=2020-03-01&end_date=2020-03-31&models=era5&hourly=temperature_2m%2Crelative_humidity_2m%2Cprecipitation%2Cwind_speed_10m%2Cdew_point_2m&timezone=GMT&timeformat=unixtime&temperature_unit=celsius&wind_speed_unit=ms&precipitation_unit=mm&cell_selection=land"
"new-york-march-2020",40.7128,-74.006,"2020-03-01","2020-03-31","2020-03-24T04:00:00.000Z",3.3,85,0,5.07,1.1,"2020-03-24T03:00:00.000Z","2020-03-24T04:00:00.000Z",true,"","complete",744,744,744,"Open-Meteo","ERA5 (requested)","era5",,"modeled_reanalysis",40.75,-74,32,"2026-09-11T00:26:47.065Z",,,"land","provider default elevation adjustment","instant meteorology; precipitation sum over preceding hour ending at time","reanalysis-adapter-v1","Weather data by Open-Meteo; ERA5 by Copernicus Climate Change Service (C3S) / ECMWF","https://open-meteo.com/en/docs/historical-weather-api","https://archive-api.open-meteo.com/v1/archive?latitude=40.7128&longitude=-74.006&start_date=2020-03-01&end_date=2020-03-31&models=era5&hourly=temperature_2m%2Crelative_humidity_2m%2Cprecipitation%2Cwind_speed_10m%2Cdew_point_2m&timezone=GMT&timeformat=unixtime&temperature_unit=celsius&wind_speed_unit=ms&precipitation_unit=mm&cell_selection=land"
"new-york-march-2020",40.7128,-74.006,"2020-03-01","2020-03-31","2020-03-24T05:00:00.000Z",3.2,85,0,4.27,1,"2020-03-24T04:00:00.000Z","2020-03-24T05:00:00.000Z",true,"","complete",744,744,744,"Open-Meteo","ERA5 (requested)","era5",,"modeled_reanalysis",40.75,-74,32,"2026-09-11T00:26:47.065Z",,,"land","provider default elevation adjustment","instant meteorology; precipitation sum over preceding hour ending at time","reanalysis-adapter-v1","Weather data by Open-Meteo; ERA5 by Copernicus Climate Change Service (C3S) / ECMWF","https://open-meteo.com/en/docs/historical-weather-api","https://archive-api.open-meteo.com/v1/archive?latitude=40.7128&longitude=-74.006&start_date=2020-03-01&end_date=2020-03-31&models=era5&hourly=temperature_2m%2Crelative_humidity_2m%2Cprecipitation%2Cwind_speed_10m%2Cdew_point_2m&timezone=GMT&timeformat=unixtime&temperature_unit=celsius&wind_speed_unit=ms&precipitation_unit=mm&cell_selection=land"
"new-york-march-2020",40.7128,-74.006,"2020-03-01","2020-03-31","2020-03-24T06:00:00.000Z",3.2,86,0,3.78,1.1,"2020-03-24T05:00:00.000Z","2020-03-24T06:00:00.000Z",true,"","complete",744,744,744,"Open-Meteo","ERA5 (requested)","era5",,"modeled_reanalysis",40.75,-74,32,"2026-09-11T00:26:47.065Z",,,"land","provider default elevation adjustment","instant meteorology; precipitation sum over preceding hour ending at time","reanalysis-adapter-v1","Weather data by Open-Meteo; ERA5 by Copernicus Climate Change Service (C3S) / ECMWF","https://open-meteo.com/en/docs/historical-weather-api","https://archive-api.open-meteo.com/v1/archive?latitude=40.7128&longitude=-74.006&start_date=2020-03-01&end_date=2020-03-31&models=era5&hourly=temperature_2m%2Crelative_humidity_2m%2Cprecipitation%2Cwind_speed_10m%2Cdew_point_2m&timezone=GMT&timeformat=unixtime&temperature_unit=celsius&wind_speed_unit=ms&precipitation_unit=mm&cell_selection=land"
"new-york-march-2020",40.7128,-74.006,"2020-03-01","2020-03-31","2020-03-24T07:00:00.000Z",3,88,0,3.47,1.1,"2020-03-24T06:00:00.000Z","2020-03-24T07:00:00.000Z",true,"","complete",744,744,744,"Open-Meteo","ERA5 (requested)","era5",,"modeled_reanalysis",40.75,-74,32,"2026-09-11T00:26:47.065Z",,,"land","provider default elevation adjustment","instant meteorology; precipitation sum over preceding hour ending at time","reanalysis-adapter-v1","Weather data by Open-Meteo; ERA5 by Copernicus Climate Change Service (C3S) / ECMWF","https://open-meteo.com/en/docs/historical-weather-api","https://archive-api.open-meteo.com/v1/archive?latitude=40.7128&longitude=-74.006&start_date=2020-03-01&end_date=2020-03-31&models=era5&hourly=temperature_2m%2Crelative_humidity_2m%2Cprecipitation%2Cwind_speed_10m%2Cdew_point_2m&timezone=GMT&timeformat=unixtime&temperature_unit=celsius&wind_speed_unit=ms&precipitation_unit=mm&cell_selection=land"
"new-york-march-2020",40.7128,-74.006,"2020-03-01","2020-03-31","2020-03-24T08:00:00.000Z",2.8,89,0,3.06,1.2,"2020-03-24T07:00:00.000Z","2020-03-24T08:00:00.000Z",true,"","complete",744,744,744,"Open-Meteo","ERA5 (requested)","era5",,"modeled_reanalysis",40.75,-74,32,"2026-09-11T00:26:47.065Z",,,"land","provider default elevation adjustment","instant meteorology; precipitation sum over preceding hour ending at time","reanalysis-adapter-v1","Weather data by Open-Meteo; ERA5 by Copernicus Climate Change Service (C3S) / ECMWF","https://open-meteo.com/en/docs/historical-weather-api","https://archive-api.open-meteo.com/v1/archive?latitude=40.7128&longitude=-74.006&start_date=2020-03-01&end_date=2020-03-31&models=era5&hourly=temperature_2m%2Crelative_humidity_2m%2Cprecipitation%2Cwind_speed_10m%2Cdew_point_2m&timezone=GMT&timeformat=unixtime&temperature_unit=celsius&wind_speed_unit=ms&precipitation_unit=mm&cell_selection=land"
"new-york-march-2020",40.7128,-74.006,"2020-03-01","2020-03-31","2020-03-24T09:00:00.000Z",3,89,0,3.28,1.4,"2020-03-24T08:00:00.000Z","2020-03-24T09:00:00.000Z",true,"","complete",744,744,744,"Open-Meteo","ERA5 (requested)","era5",,"modeled_reanalysis",40.75,-74,32,"2026-09-11T00:26:47.065Z",,,"land","provider default elevation adjustment","instant meteorology; precipitation sum over preceding hour ending at time","reanalysis-adapter-v1","Weather data by Open-Meteo; ERA5 by Copernicus Climate Change Service (C3S) / ECMWF","https://open-meteo.com/en/docs/historical-weather-api","https://archive-api.open-meteo.com/v1/archive?latitude=40.7128&longitude=-74.006&start_date=2020-03-01&end_date=2020-03-31&models=era5&hourly=temperature_2m%2Crelative_humidity_2m%2Cprecipitation%2Cwind_speed_10m%2Cdew_point_2m&timezone=GMT&timeformat=unixtime&temperature_unit=celsius&wind_speed_unit=ms&precipitation_unit=mm&cell_selection=land"
"new-york-march-2020",40.7128,-74.006,"2020-03-01","2020-03-31","2020-03-24T10:00:00.000Z",3,85,0,1.92,0.8,"2020-03-24T09:00:00.000Z","2020-03-24T10:00:00.000Z",true,"","complete",744,744,744,"Open-Meteo","ERA5 (requested)","era5",,"modeled_reanalysis",40.75,-74,32,"2026-09-11T00:26:47.065Z",,,"land","provider default elevation adjustment","instant meteorology; precipitation sum over preceding hour ending at time","reanalysis-adapter-v1","Weather data by Open-Meteo; ERA5 by Copernicus Climate Change Service (C3S) / ECMWF","https://open-meteo.com/en/docs/historical-weather-api","https://archive-api.open-meteo.com/v1/archive?latitude=40.7128&longitude=-74.006&start_date=2020-03-01&end_date=2020-03-31&models=era5&hourly=temperature_2m%2Crelative_humidity_2m%2Cprecipitation%2Cwind_speed_10m%2Cdew_point_2m&timezone=GMT&timeformat=unixtime&temperature_unit=celsius&wind_speed_unit=ms&precipitation_unit=mm&cell_selection=land"
"new-york-march-2020",40.7128,-74.006,"2020-03-01","2020-03-31","2020-03-24T11:00:00.000Z",3,85,0,2.66,0.7,"2020-03-24T10:00:00.000Z","2020-03-24T11:00:00.000Z",true,"","complete",744,744,744,"Open-Meteo","ERA5 (requested)","era5",,"modeled_reanalysis",40.75,-74,32,"2026-09-11T00:26:47.065Z",,,"land","provider default elevation adjustment","instant meteorology; precipitation sum over preceding hour ending at time","reanalysis-adapter-v1","Weather data by Open-Meteo; ERA5 by Copernicus Climate Change Service (C3S) / ECMWF","https://open-meteo.com/en/docs/historical-weather-api","https://archive-api.open-meteo.com/v1/archive?latitude=40.7128&longitude=-74.006&start_date=2020-03-01&end_date=2020-03-31&models=era5&hourly=temperature_2m%2Crelative_humidity_2m%2Cprecipitation%2Cwind_speed_10m%2Cdew_point_2m&timezone=GMT&timeformat=unixtime&temperature_unit=celsius&wind_speed_unit=ms&precipitation_unit=mm&cell_selection=land"
"new-york-march-2020",40.7128,-74.006,"2020-03-01","2020-03-31","2020-03-24T12:00:00.000Z",4,81,0,3.08,1.1,"2020-03-24T11:00:00.000Z","2020-03-24T12:00:00.000Z",true,"","complete",744,744,744,"Open-Meteo","ERA5 (requested)","era5",,"modeled_reanalysis",40.75,-74,32,"2026-09-11T00:26:47.065Z",,,"land","provider default elevation adjustment","instant meteorology; precipitation sum over preceding hour ending at time","reanalysis-adapter-v1","Weather data by Open-Meteo; ERA5 by Copernicus Climate Change Service (C3S) / ECMWF","https://open-meteo.com/en/docs/historical-weather-api","https://archive-api.open-meteo.com/v1/archive?latitude=40.7128&longitude=-74.006&start_date=2020-03-01&end_date=2020-03-31&models=era5&hourly=temperature_2m%2Crelative_humidity_2m%2Cprecipitation%2Cwind_speed_10m%2Cdew_point_2m&timezone=GMT&timeformat=unixtime&temperature_unit=celsius&wind_speed_unit=ms&precipitation_unit=mm&cell_selection=land"
"new-york-march-2020",40.7128,-74.006,"2020-03-01","2020-03-31","2020-03-24T13:00:00.000Z",5,77,0,3.36,1.2,"2020-03-24T12:00:00.000Z","2020-03-24T13:00:00.000Z",true,"","complete",744,744,744,"Open-Meteo","ERA5 (requested)","era5",,"modeled_reanalysis",40.75,-74,32,"2026-09-11T00:26:47.065Z",,,"land","provider default elevation adjustment","instant meteorology; precipitation sum over preceding hour ending at time","reanalysis-adapter-v1","Weather data by Open-Meteo; ERA5 by Copernicus Climate Change Service (C3S) / ECMWF","https://open-meteo.com/en/docs/historical-weather-api","https://archive-api.open-meteo.com/v1/archive?latitude=40.7128&longitude=-74.006&start_date=2020-03-01&end_date=2020-03-31&models=era5&hourly=temperature_2m%2Crelative_humidity_2m%2Cprecipitation%2Cwind_speed_10m%2Cdew_point_2m&timezone=GMT&timeformat=unixtime&temperature_unit=celsius&wind_speed_unit=ms&precipitation_unit=mm&cell_selection=land"
"new-york-march-2020",40.7128,-74.006,"2020-03-01","2020-03-31","2020-03-24T14:00:00.000Z",6,73,0,4.34,1.6,"2020-03-24T13:00:00.000Z","2020-03-24T14:00:00.000Z",true,"","complete",744,744,744,"Open-Meteo","ERA5 (requested)","era5",,"modeled_reanalysis",40.75,-74,32,"2026-09-11T00:26:47.065Z",,,"land","provider default elevation adjustment","instant meteorology; precipitation sum over preceding hour ending at time","reanalysis-adapter-v1","Weather data by Open-Meteo; ERA5 by Copernicus Climate Change Service (C3S) / ECMWF","https://open-meteo.com/en/docs/historical-weather-api","https://archive-api.open-meteo.com/v1/archive?latitude=40.7128&longitude=-74.006&start_date=2020-03-01&end_date=2020-03-31&models=era5&hourly=temperature_2m%2Crelative_humidity_2m%2Cprecipitation%2Cwind_speed_10m%2Cdew_point_2m&timezone=GMT&timeformat=unixtime&temperature_unit=celsius&wind_speed_unit=ms&precipitation_unit=mm&cell_selection=land"
"new-york-march-2020",40.7128,-74.006,"2020-03-01","2020-03-31","2020-03-24T15:00:00.000Z",8.1,60,0,4.1,0.8,"2020-03-24T14:00:00.000Z","2020-03-24T15:00:00.000Z",true,"","complete",744,744,744,"Open-Meteo","ERA5 (requested)","era5",,"modeled_reanalysis",40.75,-74,32,"2026-09-11T00:26:47.065Z",,,"land","provider default elevation adjustment","instant meteorology; precipitation sum over preceding hour ending at time","reanalysis-adapter-v1","Weather data by Open-Meteo; ERA5 by Copernicus Climate Change Service (C3S) / ECMWF","https://open-meteo.com/en/docs/historical-weather-api","https://archive-api.open-meteo.com/v1/archive?latitude=40.7128&longitude=-74.006&start_date=2020-03-01&end_date=2020-03-31&models=era5&hourly=temperature_2m%2Crelative_humidity_2m%2Cprecipitation%2Cwind_speed_10m%2Cdew_point_2m&timezone=GMT&timeformat=unixtime&temperature_unit=celsius&wind_speed_unit=ms&precipitation_unit=mm&cell_selection=land"
"new-york-march-2020",40.7128,-74.006,"2020-03-01","2020-03-31","2020-03-24T16:00:00.000Z",8.7,61,0,3,1.6,"2020-03-24T15:00:00.000Z","2020-03-24T16:00:00.000Z",true,"","complete",744,744,744,"Open-Meteo","ERA5 (requested)","era5",,"modeled_reanalysis",40.75,-74,32,"2026-09-11T00:26:47.065Z",,,"land","provider default elevation adjustment","instant meteorology; precipitation sum over preceding hour ending at time","reanalysis-adapter-v1","Weather data by Open-Meteo; ERA5 by Copernicus Climate Change Service (C3S) / ECMWF","https://open-meteo.com/en/docs/historical-weather-api","https://archive-api.open-meteo.com/v1/archive?latitude=40.7128&longitude=-74.006&start_date=2020-03-01&end_date=2020-03-31&models=era5&hourly=temperature_2m%2Crelative_humidity_2m%2Cprecipitation%2Cwind_speed_10m%2Cdew_point_2m&timezone=GMT&timeformat=unixtime&temperature_unit=celsius&wind_speed_unit=ms&precipitation_unit=mm&cell_selection=land"
"new-york-march-2020",40.7128,-74.006,"2020-03-01","2020-03-31","2020-03-24T17:00:00.000Z",9.5,58,0,2.56,1.6,"2020-03-24T16:00:00.000Z","2020-03-24T17:00:00.000Z",true,"","complete",744,744,744,"Open-Meteo","ERA5 (requested)","era5",,"modeled_reanalysis",40.75,-74,32,"2026-09-11T00:26:47.065Z",,,"land","provider default elevation adjustment","instant meteorology; precipitation sum over preceding hour ending at time","reanalysis-adapter-v1","Weather data by Open-Meteo; ERA5 by Copernicus Climate Change Service (C3S) / ECMWF","https://open-meteo.com/en/docs/historical-weather-api","https://archive-api.open-meteo.com/v1/archive?latitude=40.7128&longitude=-74.006&start_date=2020-03-01&end_date=2020-03-31&models=era5&hourly=temperature_2m%2Crelative_humidity_2m%2Cprecipitation%2Cwind_speed_10m%2Cdew_point_2m&timezone=GMT&timeformat=unixtime&temperature_unit=celsius&wind_speed_unit=ms&precipitation_unit=mm&cell_selection=land"
"new-york-march-2020",40.7128,-74.006,"2020-03-01","2020-03-31","2020-03-24T18:00:00.000Z",10.1,57,0,2.61,1.9,"2020-03-24T17:00:00.000Z","2020-03-24T18:00:00.000Z",true,"","complete",744,744,744,"Open-Meteo","ERA5 (requested)","era5",,"modeled_reanalysis",40.75,-74,32,"2026-09-11T00:26:47.065Z",,,"land","provider default elevation adjustment","instant meteorology; precipitation sum over preceding hour ending at time","reanalysis-adapter-v1","Weather data by Open-Meteo; ERA5 by Copernicus Climate Change Service (C3S) / ECMWF","https://open-meteo.com/en/docs/historical-weather-api","https://archive-api.open-meteo.com/v1/archive?latitude=40.7128&longitude=-74.006&start_date=2020-03-01&end_date=2020-03-31&models=era5&hourly=temperature_2m%2Crelative_humidity_2m%2Cprecipitation%2Cwind_speed_10m%2Cdew_point_2m&timezone=GMT&timeformat=unixtime&temperature_unit=celsius&wind_speed_unit=ms&precipitation_unit=mm&cell_selection=land"
"new-york-march-2020",40.7128,-74.006,"2020-03-01","2020-03-31","2020-03-24T19:00:00.000Z",10.6,54,0,2.82,1.6,"2020-03-24T18:00:00.000Z","2020-03-24T19:00:00.000Z",true,"","complete",744,744,744,"Open-Meteo","ERA5 (requested)","era5",,"modeled_reanalysis",40.75,-74,32,"2026-09-11T00:26:47.065Z",,,"land","provider default elevation adjustment","instant meteorology; precipitation sum over preceding hour ending at time","reanalysis-adapter-v1","Weather data by Open-Meteo; ERA5 by Copernicus Climate Change Service (C3S) / ECMWF","https://open-meteo.com/en/docs/historical-weather-api","https://archive-api.open-meteo.com/v1/archive?latitude=40.7128&longitude=-74.006&start_date=2020-03-01&end_date=2020-03-31&models=era5&hourly=temperature_2m%2Crelative_humidity_2m%2Cprecipitation%2Cwind_speed_10m%2Cdew_point_2m&timezone=GMT&timeformat=unixtime&temperature_unit=celsius&wind_speed_unit=ms&precipitation_unit=mm&cell_selection=land"
"new-york-march-2020",40.7128,-74.006,"2020-03-01","2020-03-31","2020-03-24T20:00:00.000Z",11.3,52,0,2.64,1.7,"2020-03-24T19:00:00.000Z","2020-03-24T20:00:00.000Z",true,"","complete",744,744,744,"Open-Meteo","ERA5 (requested)","era5",,"modeled_reanalysis",40.75,-74,32,"2026-09-11T00:26:47.065Z",,,"land","provider default elevation adjustment","instant meteorology; precipitation sum over preceding hour ending at time","reanalysis-adapter-v1","Weather data by Open-Meteo; ERA5 by Copernicus Climate Change Service (C3S) / ECMWF","https://open-meteo.com/en/docs/historical-weather-api","https://archive-api.open-meteo.com/v1/archive?latitude=40.7128&longitude=-74.006&start_date=2020-03-01&end_date=2020-03-31&models=era5&hourly=temperature_2m%2Crelative_humidity_2m%2Cprecipitation%2Cwind_speed_10m%2Cdew_point_2m&timezone=GMT&timeformat=unixtime&temperature_unit=celsius&wind_speed_unit=ms&precipitation_unit=mm&cell_selection=land"
"new-york-march-2020",40.7128,-74.006,"2020-03-01","2020-03-31","2020-03-24T21:00:00.000Z",11.7,50,0,2.38,1.6,"2020-03-24T20:00:00.000Z","2020-03-24T21:00:00.000Z",true,"","complete",744,744,744,"Open-Meteo","ERA5 (requested)","era5",,"modeled_reanalysis",40.75,-74,32,"2026-09-11T00:26:47.065Z",,,"land","provider default elevation adjustment","instant meteorology; precipitation sum over preceding hour ending at time","reanalysis-adapter-v1","Weather data by Open-Meteo; ERA5 by Copernicus Climate Change Service (C3S) / ECMWF","https://open-meteo.com/en/docs/historical-weather-api","https://archive-api.open-meteo.com/v1/archive?latitude=40.7128&longitude=-74.006&start_date=2020-03-01&end_date=2020-03-31&models=era5&hourly=temperature_2m%2Crelative_humidity_2m%2Cprecipitation%2Cwind_speed_10m%2Cdew_point_2m&timezone=GMT&timeformat=unixtime&temperature_unit=celsius&wind_speed_unit=ms&precipitation_unit=mm&cell_selection=land"
"new-york-march-2020",40.7128,-74.006,"2020-03-01","2020-03-31","2020-03-24T22:00:00.000Z",10.5,55,0,1.62,1.7,"2020-03-24T21:00:00.000Z","2020-03-24T22:00:00.000Z",true,"","complete",744,744,744,"Open-Meteo","ERA5 (requested)","era5",,"modeled_reanalysis",40.75,-74,32,"2026-09-11T00:26:47.065Z",,,"land","provider default elevation adjustment","instant meteorology; precipitation sum over preceding hour ending at time","reanalysis-adapter-v1","Weather data by Open-Meteo; ERA5 by Copernicus Climate Change Service (C3S) / ECMWF","https://open-meteo.com/en/docs/historical-weather-api","https://archive-api.open-meteo.com/v1/archive?latitude=40.7128&longitude=-74.006&start_date=2020-03-01&end_date=2020-03-31&models=era5&hourly=temperature_2m%2Crelative_humidity_2m%2Cprecipitation%2Cwind_speed_10m%2Cdew_point_2m&timezone=GMT&timeformat=unixtime&temperature_unit=celsius&wind_speed_unit=ms&precipitation_unit=mm&cell_selection=land"
"new-york-march-2020",40.7128,-74.006,"2020-03-01","2020-03-31","2020-03-24T23:00:00.000Z",10.5,54,0,1.72,1.6,"2020-03-24T22:00:00.000Z","2020-03-24T23:00:00.000Z",true,"","complete",744,744,744,"Open-Meteo","ERA5 (requested)","era5",,"modeled_reanalysis",40.75,-74,32,"2026-09-11T00:26:47.065Z",,,"land","provider default elevation adjustment","instant meteorology; precipitation sum over preceding hour ending at time","reanalysis-adapter-v1","Weather data by Open-Meteo; ERA5 by Copernicus Climate Change Service (C3S) / ECMWF","https://open-meteo.com/en/docs/historical-weather-api","https://archive-api.open-meteo.com/v1/archive?latitude=40.7128&longitude=-74.006&start_date=2020-03-01&end_date=2020-03-31&models=era5&hourly=temperature_2m%2Crelative_humidity_2m%2Cprecipitation%2Cwind_speed_10m%2Cdew_point_2m&timezone=GMT&timeformat=unixtime&temperature_unit=celsius&wind_speed_unit=ms&precipitation_unit=mm&cell_selection=land"
"new-york-march-2020",40.7128,-74.006,"2020-03-01","2020-03-31","2020-03-25T00:00:00.000Z",9.5,59,0,1.97,1.8,"2020-03-24T23:00:00.000Z","2020-03-25T00:00:00.000Z",true,"","complete",744,744,744,"Open-Meteo","ERA5 (requested)","era5",,"modeled_reanalysis",40.75,-74,32,"2026-09-11T00:26:47.065Z",,,"land","provider default elevation adjustment","instant meteorology; precipitation sum over preceding hour ending at time","reanalysis-adapter-v1","Weather data by Open-Meteo; ERA5 by Copernicus Climate Change Service (C3S) / ECMWF","https://open-meteo.com/en/docs/historical-weather-api","https://archive-api.open-meteo.com/v1/archive?latitude=40.7128&longitude=-74.006&start_date=2020-03-01&end_date=2020-03-31&models=era5&hourly=temperature_2m%2Crelative_humidity_2m%2Cprecipitation%2Cwind_speed_10m%2Cdew_point_2m&timezone=GMT&timeformat=unixtime&temperature_unit=celsius&wind_speed_unit=ms&precipitation_unit=mm&cell_selection=land"
"new-york-march-2020",40.7128,-74.006,"2020-03-01","2020-03-31","2020-03-25T01:00:00.000Z",8.4,63,0,2.73,1.8,"2020-03-25T00:00:00.000Z","2020-03-25T01:00:00.000Z",true,"","complete",744,744,744,"Open-Meteo","ERA5 (requested)","era5",,"modeled_reanalysis",40.75,-74,32,"2026-09-11T00:26:47.065Z",,,"land","provider default elevation adjustment","instant meteorology; precipitation sum over preceding hour ending at time","reanalysis-adapter-v1","Weather data by Open-Meteo; ERA5 by Copernicus Climate Change Service (C3S) / ECMWF","https://open-meteo.com/en/docs/historical-weather-api","https://archive-api.open-meteo.com/v1/archive?latitude=40.7128&longitude=-74.006&start_date=2020-03-01&end_date=2020-03-31&models=era5&hourly=temperature_2m%2Crelative_humidity_2m%2Cprecipitation%2Cwind_speed_10m%2Cdew_point_2m&timezone=GMT&timeformat=unixtime&temperature_unit=celsius&wind_speed_unit=ms&precipitation_unit=mm&cell_selection=land"
"new-york-march-2020",40.7128,-74.006,"2020-03-01","2020-03-31","2020-03-25T02:00:00.000Z",7.4,68,0,3.2,1.9,"2020-03-25T01:00:00.000Z","2020-03-25T02:00:00.000Z",true,"","complete",744,744,744,"Open-Meteo","ERA5 (requested)","era5",,"modeled_reanalysis",40.75,-74,32,"2026-09-11T00:26:47.065Z",,,"land","provider default elevation adjustment","instant meteorology; precipitation sum over preceding hour ending at time","reanalysis-adapter-v1","Weather data by Open-Meteo; ERA5 by Copernicus Climate Change Service (C3S) / ECMWF","https://open-meteo.com/en/docs/historical-weather-api","https://archive-api.open-meteo.com/v1/archive?latitude=40.7128&longitude=-74.006&start_date=2020-03-01&end_date=2020-03-31&models=era5&hourly=temperature_2m%2Crelative_humidity_2m%2Cprecipitation%2Cwind_speed_10m%2Cdew_point_2m&timezone=GMT&timeformat=unixtime&temperature_unit=celsius&wind_speed_unit=ms&precipitation_unit=mm&cell_selection=land"
"new-york-march-2020",40.7128,-74.006,"2020-03-01","2020-03-31","2020-03-25T03:00:00.000Z",6.3,73,0,3.18,1.8,"2020-03-25T02:00:00.000Z","2020-03-25T03:00:00.000Z",true,"","complete",744,744,744,"Open-Meteo","ERA5 (requested)","era5",,"modeled_reanalysis",40.75,-74,32,"2026-09-11T00:26:47.065Z",,,"land","provider default elevation adjustment","instant meteorology; precipitation sum over preceding hour ending at time","reanalysis-adapter-v1","Weather data by Open-Meteo; ERA5 by Copernicus Climate Change Service (C3S) / ECMWF","https://open-meteo.com/en/docs/historical-weather-api","https://archive-api.open-meteo.com/v1/archive?latitude=40.7128&longitude=-74.006&start_date=2020-03-01&end_date=2020-03-31&models=era5&hourly=temperature_2m%2Crelative_humidity_2m%2Cprecipitation%2Cwind_speed_10m%2Cdew_point_2m&timezone=GMT&timeformat=unixtime&temperature_unit=celsius&wind_speed_unit=ms&precipitation_unit=mm&cell_selection=land"
"new-york-march-2020",40.7128,-74.006,"2020-03-01","2020-03-31","2020-03-25T04:00:00.000Z",6,74,0,3.54,1.8,"2020-03-25T03:00:00.000Z","2020-03-25T04:00:00.000Z",true,"","complete",744,744,744,"Open-Meteo","ERA5 (requested)","era5",,"modeled_reanalysis",40.75,-74,32,"2026-09-11T00:26:47.065Z",,,"land","provider default elevation adjustment","instant meteorology; precipitation sum over preceding hour ending at time","reanalysis-adapter-v1","Weather data by Open-Meteo; ERA5 by Copernicus Climate Change Service (C3S) / ECMWF","https://open-meteo.com/en/docs/historical-weather-api","https://archive-api.open-meteo.com/v1/archive?latitude=40.7128&longitude=-74.006&start_date=2020-03-01&end_date=2020-03-31&models=era5&hourly=temperature_2m%2Crelative_humidity_2m%2Cprecipitation%2Cwind_speed_10m%2Cdew_point_2m&timezone=GMT&timeformat=unixtime&temperature_unit=celsius&wind_speed_unit=ms&precipitation_unit=mm&cell_selection=land"
"new-york-march-2020",40.7128,-74.006,"2020-03-01","2020-03-31","2020-03-25T05:00:00.000Z",5.5,74,0,3.82,1.3,"2020-03-25T04:00:00.000Z","2020-03-25T05:00:00.000Z",true,"","complete",744,744,744,"Open-Meteo","ERA5 (requested)","era5",,"modeled_reanalysis",40.75,-74,32,"2026-09-11T00:26:47.065Z",,,"land","provider default elevation adjustment","instant meteorology; precipitation sum over preceding hour ending at time","reanalysis-adapter-v1","Weather data by Open-Meteo; ERA5 by Copernicus Climate Change Service (C3S) / ECMWF","https://open-meteo.com/en/docs/historical-weather-api","https://archive-api.open-meteo.com/v1/archive?latitude=40.7128&longitude=-74.006&start_date=2020-03-01&end_date=2020-03-31&models=era5&hourly=temperature_2m%2Crelative_humidity_2m%2Cprecipitation%2Cwind_speed_10m%2Cdew_point_2m&timezone=GMT&timeformat=unixtime&temperature_unit=celsius&wind_speed_unit=ms&precipitation_unit=mm&cell_selection=land"
"new-york-march-2020",40.7128,-74.006,"2020-03-01","2020-03-31","2020-03-25T06:00:00.000Z",5.1,75,0,3.89,1,"2020-03-25T05:00:00.000Z","2020-03-25T06:00:00.000Z",true,"","complete",744,744,744,"Open-Meteo","ERA5 (requested)","era5",,"modeled_reanalysis",40.75,-74,32,"2026-09-11T00:26:47.065Z",,,"land","provider default elevation adjustment","instant meteorology; precipitation sum over preceding hour ending at time","reanalysis-adapter-v1","Weather data by Open-Meteo; ERA5 by Copernicus Climate Change Service (C3S) / ECMWF","https://open-meteo.com/en/docs/historical-weather-api","https://archive-api.open-meteo.com/v1/archive?latitude=40.7128&longitude=-74.006&start_date=2020-03-01&end_date=2020-03-31&models=era5&hourly=temperature_2m%2Crelative_humidity_2m%2Cprecipitation%2Cwind_speed_10m%2Cdew_point_2m&timezone=GMT&timeformat=unixtime&temperature_unit=celsius&wind_speed_unit=ms&precipitation_unit=mm&cell_selection=land"
"new-york-march-2020",40.7128,-74.006,"2020-03-01","2020-03-31","2020-03-25T07:00:00.000Z",5.1,73,0,3.98,0.7,"2020-03-25T06:00:00.000Z","2020-03-25T07:00:00.000Z",true,"","complete",744,744,744,"Open-Meteo","ERA5 (requested)","era5",,"modeled_reanalysis",40.75,-74,32,"2026-09-11T00:26:47.065Z",,,"land","provider default elevation adjustment","instant meteorology; precipitation sum over preceding hour ending at time","reanalysis-adapter-v1","Weather data by Open-Meteo; ERA5 by Copernicus Climate Change Service (C3S) / ECMWF","https://open-meteo.com/en/docs/historical-weather-api","https://archive-api.open-meteo.com/v1/archive?latitude=40.7128&longitude=-74.006&start_date=2020-03-01&end_date=2020-03-31&models=era5&hourly=temperature_2m%2Crelative_humidity_2m%2Cprecipitation%2Cwind_speed_10m%2Cdew_point_2m&timezone=GMT&timeformat=unixtime&temperature_unit=celsius&wind_speed_unit=ms&precipitation_unit=mm&cell_selection=land"
"new-york-march-2020",40.7128,-74.006,"2020-03-01","2020-03-31","2020-03-25T08:00:00.000Z",4.7,73,0,4.17,0.3,"2020-03-25T07:00:00.000Z","2020-03-25T08:00:00.000Z",true,"","complete",744,744,744,"Open-Meteo","ERA5 (requested)","era5",,"modeled_reanalysis",40.75,-74,32,"2026-09-11T00:26:47.065Z",,,"land","provider default elevation adjustment","instant meteorology; precipitation sum over preceding hour ending at time","reanalysis-adapter-v1","Weather data by Open-Meteo; ERA5 by Copernicus Climate Change Service (C3S) / ECMWF","https://open-meteo.com/en/docs/historical-weather-api","https://archive-api.open-meteo.com/v1/archive?latitude=40.7128&longitude=-74.006&start_date=2020-03-01&end_date=2020-03-31&models=era5&hourly=temperature_2m%2Crelative_humidity_2m%2Cprecipitation%2Cwind_speed_10m%2Cdew_point_2m&timezone=GMT&timeformat=unixtime&temperature_unit=celsius&wind_speed_unit=ms&precipitation_unit=mm&cell_selection=land"
"new-york-march-2020",40.7128,-74.006,"2020-03-01","2020-03-31","2020-03-25T09:00:00.000Z",4.6,77,0,3.94,0.9,"2020-03-25T08:00:00.000Z","2020-03-25T09:00:00.000Z",true,"","complete",744,744,744,"Open-Meteo","ERA5 (requested)","era5",,"modeled_reanalysis",40.75,-74,32,"2026-09-11T00:26:47.065Z",,,"land","provider default elevation adjustment","instant meteorology; precipitation sum over preceding hour ending at time","reanalysis-adapter-v1","Weather data by Open-Meteo; ERA5 by Copernicus Climate Change Service (C3S) / ECMWF","https://open-meteo.com/en/docs/historical-weather-api","https://archive-api.open-meteo.com/v1/archive?latitude=40.7128&longitude=-74.006&start_date=2020-03-01&end_date=2020-03-31&models=era5&hourly=temperature_2m%2Crelative_humidity_2m%2Cprecipitation%2Cwind_speed_10m%2Cdew_point_2m&timezone=GMT&timeformat=unixtime&temperature_unit=celsius&wind_speed_unit=ms&precipitation_unit=mm&cell_selection=land"
"new-york-march-2020",40.7128,-74.006,"2020-03-01","2020-03-31","2020-03-25T10:00:00.000Z",4.9,78,0,3.56,1.3,"2020-03-25T09:00:00.000Z","2020-03-25T10:00:00.000Z",true,"","complete",744,744,744,"Open-Meteo","ERA5 (requested)","era5",,"modeled_reanalysis",40.75,-74,32,"2026-09-11T00:26:47.065Z",,,"land","provider default elevation adjustment","instant meteorology; precipitation sum over preceding hour ending at time","reanalysis-adapter-v1","Weather data by Open-Meteo; ERA5 by Copernicus Climate Change Service (C3S) / ECMWF","https://open-meteo.com/en/docs/historical-weather-api","https://archive-api.open-meteo.com/v1/archive?latitude=40.7128&longitude=-74.006&start_date=2020-03-01&end_date=2020-03-31&models=era5&hourly=temperature_2m%2Crelative_humidity_2m%2Cprecipitation%2Cwind_speed_10m%2Cdew_point_2m&timezone=GMT&timeformat=unixtime&temperature_unit=celsius&wind_speed_unit=ms&precipitation_unit=mm&cell_selection=land"
"new-york-march-2020",40.7128,-74.006,"2020-03-01","2020-03-31","2020-03-25T11:00:00.000Z",5.2,79,0,3.33,1.8,"2020-03-25T10:00:00.000Z","2020-03-25T11:00:00.000Z",true,"","complete",744,744,744,"Open-Meteo","ERA5 (requested)","era5",,"modeled_reanalysis",40.75,-74,32,"2026-09-11T00:26:47.065Z",,,"land","provider default elevation adjustment","instant meteorology; precipitation sum over preceding hour ending at time","reanalysis-adapter-v1","Weather data by Open-Meteo; ERA5 by Copernicus Climate Change Service (C3S) / ECMWF","https://open-meteo.com/en/docs/historical-weather-api","https://archive-api.open-meteo.com/v1/archive?latitude=40.7128&longitude=-74.006&start_date=2020-03-01&end_date=2020-03-31&models=era5&hourly=temperature_2m%2Crelative_humidity_2m%2Cprecipitation%2Cwind_speed_10m%2Cdew_point_2m&timezone=GMT&timeformat=unixtime&temperature_unit=celsius&wind_speed_unit=ms&precipitation_unit=mm&cell_selection=land"
"new-york-march-2020",40.7128,-74.006,"2020-03-01","2020-03-31","2020-03-25T12:00:00.000Z",5.3,79,0,3.81,2,"2020-03-25T11:00:00.000Z","2020-03-25T12:00:00.000Z",true,"","complete",744,744,744,"Open-Meteo","ERA5 (requested)","era5",,"modeled_reanalysis",40.75,-74,32,"2026-09-11T00:26:47.065Z",,,"land","provider default elevation adjustment","instant meteorology; precipitation sum over preceding hour ending at time","reanalysis-adapter-v1","Weather data by Open-Meteo; ERA5 by Copernicus Climate Change Service (C3S) / ECMWF","https://open-meteo.com/en/docs/historical-weather-api","https://archive-api.open-meteo.com/v1/archive?latitude=40.7128&longitude=-74.006&start_date=2020-03-01&end_date=2020-03-31&models=era5&hourly=temperature_2m%2Crelative_humidity_2m%2Cprecipitation%2Cwind_speed_10m%2Cdew_point_2m&timezone=GMT&timeformat=unixtime&temperature_unit=celsius&wind_speed_unit=ms&precipitation_unit=mm&cell_selection=land"
"new-york-march-2020",40.7128,-74.006,"2020-03-01","2020-03-31","2020-03-25T13:00:00.000Z",5.5,79,0,5.03,2.2,"2020-03-25T12:00:00.000Z","2020-03-25T13:00:00.000Z",true,"","complete",744,744,744,"Open-Meteo","ERA5 (requested)","era5",,"modeled_reanalysis",40.75,-74,32,"2026-09-11T00:26:47.065Z",,,"land","provider default elevation adjustment","instant meteorology; precipitation sum over preceding hour ending at time","reanalysis-adapter-v1","Weather data by Open-Meteo; ERA5 by Copernicus Climate Change Service (C3S) / ECMWF","https://open-meteo.com/en/docs/historical-weather-api","https://archive-api.open-meteo.com/v1/archive?latitude=40.7128&longitude=-74.006&start_date=2020-03-01&end_date=2020-03-31&models=era5&hourly=temperature_2m%2Crelative_humidity_2m%2Cprecipitation%2Cwind_speed_10m%2Cdew_point_2m&timezone=GMT&timeformat=unixtime&temperature_unit=celsius&wind_speed_unit=ms&precipitation_unit=mm&cell_selection=land"
"new-york-march-2020",40.7128,-74.006,"2020-03-01","2020-03-31","2020-03-25T14:00:00.000Z",6,77,0,5.36,2.3,"2020-03-25T13:00:00.000Z","2020-03-25T14:00:00.000Z",true,"","complete",744,744,744,"Open-Meteo","ERA5 (requested)","era5",,"modeled_reanalysis",40.75,-74,32,"2026-09-11T00:26:47.065Z",,,"land","provider default elevation adjustment","instant meteorology; precipitation sum over preceding hour ending at time","reanalysis-adapter-v1","Weather data by Open-Meteo; ERA5 by Copernicus Climate Change Service (C3S) / ECMWF","https://open-meteo.com/en/docs/historical-weather-api","https://archive-api.open-meteo.com/v1/archive?latitude=40.7128&longitude=-74.006&start_date=2020-03-01&end_date=2020-03-31&models=era5&hourly=temperature_2m%2Crelative_humidity_2m%2Cprecipitation%2Cwind_speed_10m%2Cdew_point_2m&timezone=GMT&timeformat=unixtime&temperature_unit=celsius&wind_speed_unit=ms&precipitation_unit=mm&cell_selection=land"
"new-york-march-2020",40.7128,-74.006,"2020-03-01","2020-03-31","2020-03-25T15:00:00.000Z",6.6,74,0,5.76,2.4,"2020-03-25T14:00:00.000Z","2020-03-25T15:00:00.000Z",true,"","complete",744,744,744,"Open-Meteo","ERA5 (requested)","era5",,"modeled_reanalysis",40.75,-74,32,"2026-09-11T00:26:47.065Z",,,"land","provider default elevation adjustment","instant meteorology; precipitation sum over preceding hour ending at time","reanalysis-adapter-v1","Weather data by Open-Meteo; ERA5 by Copernicus Climate Change Service (C3S) / ECMWF","https://open-meteo.com/en/docs/historical-weather-api","https://archive-api.open-meteo.com/v1/archive?latitude=40.7128&longitude=-74.006&start_date=2020-03-01&end_date=2020-03-31&models=era5&hourly=temperature_2m%2Crelative_humidity_2m%2Cprecipitation%2Cwind_speed_10m%2Cdew_point_2m&timezone=GMT&timeformat=unixtime&temperature_unit=celsius&wind_speed_unit=ms&precipitation_unit=mm&cell_selection=land"
"new-york-march-2020",40.7128,-74.006,"2020-03-01","2020-03-31","2020-03-25T16:00:00.000Z",7,74,0,6.23,2.6,"2020-03-25T15:00:00.000Z","2020-03-25T16:00:00.000Z",true,"","complete",744,744,744,"Open-Meteo","ERA5 (requested)","era5",,"modeled_reanalysis",40.75,-74,32,"2026-09-11T00:26:47.065Z",,,"land","provider default elevation adjustment","instant meteorology; precipitation sum over preceding hour ending at time","reanalysis-adapter-v1","Weather data by Open-Meteo; ERA5 by Copernicus Climate Change Service (C3S) / ECMWF","https://open-meteo.com/en/docs/historical-weather-api","https://archive-api.open-meteo.com/v1/archive?latitude=40.7128&longitude=-74.006&start_date=2020-03-01&end_date=2020-03-31&models=era5&hourly=temperature_2m%2Crelative_humidity_2m%2Cprecipitation%2Cwind_speed_10m%2Cdew_point_2m&timezone=GMT&timeformat=unixtime&temperature_unit=celsius&wind_speed_unit=ms&precipitation_unit=mm&cell_selection=land"
"new-york-march-2020",40.7128,-74.006,"2020-03-01","2020-03-31","2020-03-25T17:00:00.000Z",7.1,74,0.1,5.94,2.8,"2020-03-25T16:00:00.000Z","2020-03-25T17:00:00.000Z",true,"","complete",744,744,744,"Open-Meteo","ERA5 (requested)","era5",,"modeled_reanalysis",40.75,-74,32,"2026-09-11T00:26:47.065Z",,,"land","provider default elevation adjustment","instant meteorology; precipitation sum over preceding hour ending at time","reanalysis-adapter-v1","Weather data by Open-Meteo; ERA5 by Copernicus Climate Change Service (C3S) / ECMWF","https://open-meteo.com/en/docs/historical-weather-api","https://archive-api.open-meteo.com/v1/archive?latitude=40.7128&longitude=-74.006&start_date=2020-03-01&end_date=2020-03-31&models=era5&hourly=temperature_2m%2Crelative_humidity_2m%2Cprecipitation%2Cwind_speed_10m%2Cdew_point_2m&timezone=GMT&timeformat=unixtime&temperature_unit=celsius&wind_speed_unit=ms&precipitation_unit=mm&cell_selection=land"
"new-york-march-2020",40.7128,-74.006,"2020-03-01","2020-03-31","2020-03-25T18:00:00.000Z",7.4,72,0.3,5.91,2.7,"2020-03-25T17:00:00.000Z","2020-03-25T18:00:00.000Z",true,"","complete",744,744,744,"Open-Meteo","ERA5 (requested)","era5",,"modeled_reanalysis",40.75,-74,32,"2026-09-11T00:26:47.065Z",,,"land","provider default elevation adjustment","instant meteorology; precipitation sum over preceding hour ending at time","reanalysis-adapter-v1","Weather data by Open-Meteo; ERA5 by Copernicus Climate Change Service (C3S) / ECMWF","https://open-meteo.com/en/docs/historical-weather-api","https://archive-api.open-meteo.com/v1/archive?latitude=40.7128&longitude=-74.006&start_date=2020-03-01&end_date=2020-03-31&models=era5&hourly=temperature_2m%2Crelative_humidity_2m%2Cprecipitation%2Cwind_speed_10m%2Cdew_point_2m&timezone=GMT&timeformat=unixtime&temperature_unit=celsius&wind_speed_unit=ms&precipitation_unit=mm&cell_selection=land"
"new-york-march-2020",40.7128,-74.006,"2020-03-01","2020-03-31","2020-03-25T19:00:00.000Z",7.3,73,0,6,2.7,"2020-03-25T18:00:00.000Z","2020-03-25T19:00:00.000Z",true,"","complete",744,744,744,"Open-Meteo","ERA5 (requested)","era5",,"modeled_reanalysis",40.75,-74,32,"2026-09-11T00:26:47.065Z",,,"land","provider default elevation adjustment","instant meteorology; precipitation sum over preceding hour ending at time","reanalysis-adapter-v1","Weather data by Open-Meteo; ERA5 by Copernicus Climate Change Service (C3S) / ECMWF","https://open-meteo.com/en/docs/historical-weather-api","https://archive-api.open-meteo.com/v1/archive?latitude=40.7128&longitude=-74.006&start_date=2020-03-01&end_date=2020-03-31&models=era5&hourly=temperature_2m%2Crelative_humidity_2m%2Cprecipitation%2Cwind_speed_10m%2Cdew_point_2m&timezone=GMT&timeformat=unixtime&temperature_unit=celsius&wind_speed_unit=ms&precipitation_unit=mm&cell_selection=land"
"new-york-march-2020",40.7128,-74.006,"2020-03-01","2020-03-31","2020-03-25T20:00:00.000Z",7.4,72,0,5.49,2.7,"2020-03-25T19:00:00.000Z","2020-03-25T20:00:00.000Z",true,"","complete",744,744,744,"Open-Meteo","ERA5 (requested)","era5",,"modeled_reanalysis",40.75,-74,32,"2026-09-11T00:26:47.065Z",,,"land","provider default elevation adjustment","instant meteorology; precipitation sum over preceding hour ending at time","reanalysis-adapter-v1","Weather data by Open-Meteo; ERA5 by Copernicus Climate Change Service (C3S) / ECMWF","https://open-meteo.com/en/docs/historical-weather-api","https://archive-api.open-meteo.com/v1/archive?latitude=40.7128&longitude=-74.006&start_date=2020-03-01&end_date=2020-03-31&models=era5&hourly=temperature_2m%2Crelative_humidity_2m%2Cprecipitation%2Cwind_speed_10m%2Cdew_point_2m&timezone=GMT&timeformat=unixtime&temperature_unit=celsius&wind_speed_unit=ms&precipitation_unit=mm&cell_selection=land"
"new-york-march-2020",40.7128,-74.006,"2020-03-01","2020-03-31","2020-03-25T21:00:00.000Z",7.2,71,0,5.25,2.3,"2020-03-25T20:00:00.000Z","2020-03-25T21:00:00.000Z",true,"","complete",744,744,744,"Open-Meteo","ERA5 (requested)","era5",,"modeled_reanalysis",40.75,-74,32,"2026-09-11T00:26:47.065Z",,,"land","provider default elevation adjustment","instant meteorology; precipitation sum over preceding hour ending at time","reanalysis-adapter-v1","Weather data by Open-Meteo; ERA5 by Copernicus Climate Change Service (C3S) / ECMWF","https://open-meteo.com/en/docs/historical-weather-api","https://archive-api.open-meteo.com/v1/archive?latitude=40.7128&longitude=-74.006&start_date=2020-03-01&end_date=2020-03-31&models=era5&hourly=temperature_2m%2Crelative_humidity_2m%2Cprecipitation%2Cwind_speed_10m%2Cdew_point_2m&timezone=GMT&timeformat=unixtime&temperature_unit=celsius&wind_speed_unit=ms&precipitation_unit=mm&cell_selection=land"
"new-york-march-2020",40.7128,-74.006,"2020-03-01","2020-03-31","2020-03-25T22:00:00.000Z",7,69,0,4.81,1.7,"2020-03-25T21:00:00.000Z","2020-03-25T22:00:00.000Z",true,"","complete",744,744,744,"Open-Meteo","ERA5 (requested)","era5",,"modeled_reanalysis",40.75,-74,32,"2026-09-11T00:26:47.065Z",,,"land","provider default elevation adjustment","instant meteorology; precipitation sum over preceding hour ending at time","reanalysis-adapter-v1","Weather data by Open-Meteo; ERA5 by Copernicus Climate Change Service (C3S) / ECMWF","https://open-meteo.com/en/docs/historical-weather-api","https://archive-api.open-meteo.com/v1/archive?latitude=40.7128&longitude=-74.006&start_date=2020-03-01&end_date=2020-03-31&models=era5&hourly=temperature_2m%2Crelative_humidity_2m%2Cprecipitation%2Cwind_speed_10m%2Cdew_point_2m&timezone=GMT&timeformat=unixtime&temperature_unit=celsius&wind_speed_unit=ms&precipitation_unit=mm&cell_selection=land"
"new-york-march-2020",40.7128,-74.006,"2020-03-01","2020-03-31","2020-03-25T23:00:00.000Z",6.8,70,0,3.62,1.7,"2020-03-25T22:00:00.000Z","2020-03-25T23:00:00.000Z",true,"","complete",744,744,744,"Open-Meteo","ERA5 (requested)","era5",,"modeled_reanalysis",40.75,-74,32,"2026-09-11T00:26:47.065Z",,,"land","provider default elevation adjustment","instant meteorology; precipitation sum over preceding hour ending at time","reanalysis-adapter-v1","Weather data by Open-Meteo; ERA5 by Copernicus Climate Change Service (C3S) / ECMWF","https://open-meteo.com/en/docs/historical-weather-api","https://archive-api.open-meteo.com/v1/archive?latitude=40.7128&longitude=-74.006&start_date=2020-03-01&end_date=2020-03-31&models=era5&hourly=temperature_2m%2Crelative_humidity_2m%2Cprecipitation%2Cwind_speed_10m%2Cdew_point_2m&timezone=GMT&timeformat=unixtime&temperature_unit=celsius&wind_speed_unit=ms&precipitation_unit=mm&cell_selection=land"
"new-york-march-2020",40.7128,-74.006,"2020-03-01","2020-03-31","2020-03-26T00:00:00.000Z",6.8,74,0,3.22,2.4,"2020-03-25T23:00:00.000Z","2020-03-26T00:00:00.000Z",true,"","complete",744,744,744,"Open-Meteo","ERA5 (requested)","era5",,"modeled_reanalysis",40.75,-74,32,"2026-09-11T00:26:47.065Z",,,"land","provider default elevation adjustment","instant meteorology; precipitation sum over preceding hour ending at time","reanalysis-adapter-v1","Weather data by Open-Meteo; ERA5 by Copernicus Climate Change Service (C3S) / ECMWF","https://open-meteo.com/en/docs/historical-weather-api","https://archive-api.open-meteo.com/v1/archive?latitude=40.7128&longitude=-74.006&start_date=2020-03-01&end_date=2020-03-31&models=era5&hourly=temperature_2m%2Crelative_humidity_2m%2Cprecipitation%2Cwind_speed_10m%2Cdew_point_2m&timezone=GMT&timeformat=unixtime&temperature_unit=celsius&wind_speed_unit=ms&precipitation_unit=mm&cell_selection=land"
"new-york-march-2020",40.7128,-74.006,"2020-03-01","2020-03-31","2020-03-26T01:00:00.000Z",6.7,75,0,3.14,2.5,"2020-03-26T00:00:00.000Z","2020-03-26T01:00:00.000Z",true,"","complete",744,744,744,"Open-Meteo","ERA5 (requested)","era5",,"modeled_reanalysis",40.75,-74,32,"2026-09-11T00:26:47.065Z",,,"land","provider default elevation adjustment","instant meteorology; precipitation sum over preceding hour ending at time","reanalysis-adapter-v1","Weather data by Open-Meteo; ERA5 by Copernicus Climate Change Service (C3S) / ECMWF","https://open-meteo.com/en/docs/historical-weather-api","https://archive-api.open-meteo.com/v1/archive?latitude=40.7128&longitude=-74.006&start_date=2020-03-01&end_date=2020-03-31&models=era5&hourly=temperature_2m%2Crelative_humidity_2m%2Cprecipitation%2Cwind_speed_10m%2Cdew_point_2m&timezone=GMT&timeformat=unixtime&temperature_unit=celsius&wind_speed_unit=ms&precipitation_unit=mm&cell_selection=land"
"new-york-march-2020",40.7128,-74.006,"2020-03-01","2020-03-31","2020-03-26T02:00:00.000Z",6.6,75,0,2.89,2.4,"2020-03-26T01:00:00.000Z","2020-03-26T02:00:00.000Z",true,"","complete",744,744,744,"Open-Meteo","ERA5 (requested)","era5",,"modeled_reanalysis",40.75,-74,32,"2026-09-11T00:26:47.065Z",,,"land","provider default elevation adjustment","instant meteorology; precipitation sum over preceding hour ending at time","reanalysis-adapter-v1","Weather data by Open-Meteo; ERA5 by Copernicus Climate Change Service (C3S) / ECMWF","https://open-meteo.com/en/docs/historical-weather-api","https://archive-api.open-meteo.com/v1/archive?latitude=40.7128&longitude=-74.006&start_date=2020-03-01&end_date=2020-03-31&models=era5&hourly=temperature_2m%2Crelative_humidity_2m%2Cprecipitation%2Cwind_speed_10m%2Cdew_point_2m&timezone=GMT&timeformat=unixtime&temperature_unit=celsius&wind_speed_unit=ms&precipitation_unit=mm&cell_selection=land"
"new-york-march-2020",40.7128,-74.006,"2020-03-01","2020-03-31","2020-03-26T03:00:00.000Z",5.6,76,0,2.62,1.8,"2020-03-26T02:00:00.000Z","2020-03-26T03:00:00.000Z",true,"","complete",744,744,744,"Open-Meteo","ERA5 (requested)","era5",,"modeled_reanalysis",40.75,-74,32,"2026-09-11T00:26:47.065Z",,,"land","provider default elevation adjustment","instant meteorology; precipitation sum over preceding hour ending at time","reanalysis-adapter-v1","Weather data by Open-Meteo; ERA5 by Copernicus Climate Change Service (C3S) / ECMWF","https://open-meteo.com/en/docs/historical-weather-api","https://archive-api.open-meteo.com/v1/archive?latitude=40.7128&longitude=-74.006&start_date=2020-03-01&end_date=2020-03-31&models=era5&hourly=temperature_2m%2Crelative_humidity_2m%2Cprecipitation%2Cwind_speed_10m%2Cdew_point_2m&timezone=GMT&timeformat=unixtime&temperature_unit=celsius&wind_speed_unit=ms&precipitation_unit=mm&cell_selection=land"
"new-york-march-2020",40.7128,-74.006,"2020-03-01","2020-03-31","2020-03-26T04:00:00.000Z",5.5,76,0,2.5,1.6,"2020-03-26T03:00:00.000Z","2020-03-26T04:00:00.000Z",true,"","complete",744,744,744,"Open-Meteo","ERA5 (requested)","era5",,"modeled_reanalysis",40.75,-74,32,"2026-09-11T00:26:47.065Z",,,"land","provider default elevation adjustment","instant meteorology; precipitation sum over preceding hour ending at time","reanalysis-adapter-v1","Weather data by Open-Meteo; ERA5 by Copernicus Climate Change Service (C3S) / ECMWF","https://open-meteo.com/en/docs/historical-weather-api","https://archive-api.open-meteo.com/v1/archive?latitude=40.7128&longitude=-74.006&start_date=2020-03-01&end_date=2020-03-31&models=era5&hourly=temperature_2m%2Crelative_humidity_2m%2Cprecipitation%2Cwind_speed_10m%2Cdew_point_2m&timezone=GMT&timeformat=unixtime&temperature_unit=celsius&wind_speed_unit=ms&precipitation_unit=mm&cell_selection=land"
"new-york-march-2020",40.7128,-74.006,"2020-03-01","2020-03-31","2020-03-26T05:00:00.000Z",4.9,78,0,2.52,1.3,"2020-03-26T04:00:00.000Z","2020-03-26T05:00:00.000Z",true,"","complete",744,744,744,"Open-Meteo","ERA5 (requested)","era5",,"modeled_reanalysis",40.75,-74,32,"2026-09-11T00:26:47.065Z",,,"land","provider default elevation adjustment","instant meteorology; precipitation sum over preceding hour ending at time","reanalysis-adapter-v1","Weather data by Open-Meteo; ERA5 by Copernicus Climate Change Service (C3S) / ECMWF","https://open-meteo.com/en/docs/historical-weather-api","https://archive-api.open-meteo.com/v1/archive?latitude=40.7128&longitude=-74.006&start_date=2020-03-01&end_date=2020-03-31&models=era5&hourly=temperature_2m%2Crelative_humidity_2m%2Cprecipitation%2Cwind_speed_10m%2Cdew_point_2m&timezone=GMT&timeformat=unixtime&temperature_unit=celsius&wind_speed_unit=ms&precipitation_unit=mm&cell_selection=land"
"new-york-march-2020",40.7128,-74.006,"2020-03-01","2020-03-31","2020-03-26T06:00:00.000Z",4.3,81,0,2.6,1.3,"2020-03-26T05:00:00.000Z","2020-03-26T06:00:00.000Z",true,"","complete",744,744,744,"Open-Meteo","ERA5 (requested)","era5",,"modeled_reanalysis",40.75,-74,32,"2026-09-11T00:26:47.065Z",,,"land","provider default elevation adjustment","instant meteorology; precipitation sum over preceding hour ending at time","reanalysis-adapter-v1","Weather data by Open-Meteo; ERA5 by Copernicus Climate Change Service (C3S) / ECMWF","https://open-meteo.com/en/docs/historical-weather-api","https://archive-api.open-meteo.com/v1/archive?latitude=40.7128&longitude=-74.006&start_date=2020-03-01&end_date=2020-03-31&models=era5&hourly=temperature_2m%2Crelative_humidity_2m%2Cprecipitation%2Cwind_speed_10m%2Cdew_point_2m&timezone=GMT&timeformat=unixtime&temperature_unit=celsius&wind_speed_unit=ms&precipitation_unit=mm&cell_selection=land"
"new-york-march-2020",40.7128,-74.006,"2020-03-01","2020-03-31","2020-03-26T07:00:00.000Z",4.1,82,0,2.5,1.3,"2020-03-26T06:00:00.000Z","2020-03-26T07:00:00.000Z",true,"","complete",744,744,744,"Open-Meteo","ERA5 (requested)","era5",,"modeled_reanalysis",40.75,-74,32,"2026-09-11T00:26:47.065Z",,,"land","provider default elevation adjustment","instant meteorology; precipitation sum over preceding hour ending at time","reanalysis-adapter-v1","Weather data by Open-Meteo; ERA5 by Copernicus Climate Change Service (C3S) / ECMWF","https://open-meteo.com/en/docs/historical-weather-api","https://archive-api.open-meteo.com/v1/archive?latitude=40.7128&longitude=-74.006&start_date=2020-03-01&end_date=2020-03-31&models=era5&hourly=temperature_2m%2Crelative_humidity_2m%2Cprecipitation%2Cwind_speed_10m%2Cdew_point_2m&timezone=GMT&timeformat=unixtime&temperature_unit=celsius&wind_speed_unit=ms&precipitation_unit=mm&cell_selection=land"
"new-york-march-2020",40.7128,-74.006,"2020-03-01","2020-03-31","2020-03-26T08:00:00.000Z",3.7,81,0,2.33,0.8,"2020-03-26T07:00:00.000Z","2020-03-26T08:00:00.000Z",true,"","complete",744,744,744,"Open-Meteo","ERA5 (requested)","era5",,"modeled_reanalysis",40.75,-74,32,"2026-09-11T00:26:47.065Z",,,"land","provider default elevation adjustment","instant meteorology; precipitation sum over preceding hour ending at time","reanalysis-adapter-v1","Weather data by Open-Meteo; ERA5 by Copernicus Climate Change Service (C3S) / ECMWF","https://open-meteo.com/en/docs/historical-weather-api","https://archive-api.open-meteo.com/v1/archive?latitude=40.7128&longitude=-74.006&start_date=2020-03-01&end_date=2020-03-31&models=era5&hourly=temperature_2m%2Crelative_humidity_2m%2Cprecipitation%2Cwind_speed_10m%2Cdew_point_2m&timezone=GMT&timeformat=unixtime&temperature_unit=celsius&wind_speed_unit=ms&precipitation_unit=mm&cell_selection=land"
"new-york-march-2020",40.7128,-74.006,"2020-03-01","2020-03-31","2020-03-26T09:00:00.000Z",3.2,84,0,1.84,0.7,"2020-03-26T08:00:00.000Z","2020-03-26T09:00:00.000Z",true,"","complete",744,744,744,"Open-Meteo","ERA5 (requested)","era5",,"modeled_reanalysis",40.75,-74,32,"2026-09-11T00:26:47.065Z",,,"land","provider default elevation adjustment","instant meteorology; precipitation sum over preceding hour ending at time","reanalysis-adapter-v1","Weather data by Open-Meteo; ERA5 by Copernicus Climate Change Service (C3S) / ECMWF","https://open-meteo.com/en/docs/historical-weather-api","https://archive-api.open-meteo.com/v1/archive?latitude=40.7128&longitude=-74.006&start_date=2020-03-01&end_date=2020-03-31&models=era5&hourly=temperature_2m%2Crelative_humidity_2m%2Cprecipitation%2Cwind_speed_10m%2Cdew_point_2m&timezone=GMT&timeformat=unixtime&temperature_unit=celsius&wind_speed_unit=ms&precipitation_unit=mm&cell_selection=land"
"new-york-march-2020",40.7128,-74.006,"2020-03-01","2020-03-31","2020-03-26T10:00:00.000Z",3,85,0,1.81,0.7,"2020-03-26T09:00:00.000Z","2020-03-26T10:00:00.000Z",true,"","complete",744,744,744,"Open-Meteo","ERA5 (requested)","era5",,"modeled_reanalysis",40.75,-74,32,"2026-09-11T00:26:47.065Z",,,"land","provider default elevation adjustment","instant meteorology; precipitation sum over preceding hour ending at time","reanalysis-adapter-v1","Weather data by Open-Meteo; ERA5 by Copernicus Climate Change Service (C3S) / ECMWF","https://open-meteo.com/en/docs/historical-weather-api","https://archive-api.open-meteo.com/v1/archive?latitude=40.7128&longitude=-74.006&start_date=2020-03-01&end_date=2020-03-31&models=era5&hourly=temperature_2m%2Crelative_humidity_2m%2Cprecipitation%2Cwind_speed_10m%2Cdew_point_2m&timezone=GMT&timeformat=unixtime&temperature_unit=celsius&wind_speed_unit=ms&precipitation_unit=mm&cell_selection=land"
"new-york-march-2020",40.7128,-74.006,"2020-03-01","2020-03-31","2020-03-26T11:00:00.000Z",3,85,0,1.53,0.7,"2020-03-26T10:00:00.000Z","2020-03-26T11:00:00.000Z",true,"","complete",744,744,744,"Open-Meteo","ERA5 (requested)","era5",,"modeled_reanalysis",40.75,-74,32,"2026-09-11T00:26:47.065Z",,,"land","provider default elevation adjustment","instant meteorology; precipitation sum over preceding hour ending at time","reanalysis-adapter-v1","Weather data by Open-Meteo; ERA5 by Copernicus Climate Change Service (C3S) / ECMWF","https://open-meteo.com/en/docs/historical-weather-api","https://archive-api.open-meteo.com/v1/archive?latitude=40.7128&longitude=-74.006&start_date=2020-03-01&end_date=2020-03-31&models=era5&hourly=temperature_2m%2Crelative_humidity_2m%2Cprecipitation%2Cwind_speed_10m%2Cdew_point_2m&timezone=GMT&timeformat=unixtime&temperature_unit=celsius&wind_speed_unit=ms&precipitation_unit=mm&cell_selection=land"
"new-york-march-2020",40.7128,-74.006,"2020-03-01","2020-03-31","2020-03-26T12:00:00.000Z",3.1,83,0,1.4,0.5,"2020-03-26T11:00:00.000Z","2020-03-26T12:00:00.000Z",true,"","complete",744,744,744,"Open-Meteo","ERA5 (requested)","era5",,"modeled_reanalysis",40.75,-74,32,"2026-09-11T00:26:47.065Z",,,"land","provider default elevation adjustment","instant meteorology; precipitation sum over preceding hour ending at time","reanalysis-adapter-v1","Weather data by Open-Meteo; ERA5 by Copernicus Climate Change Service (C3S) / ECMWF","https://open-meteo.com/en/docs/historical-weather-api","https://archive-api.open-meteo.com/v1/archive?latitude=40.7128&longitude=-74.006&start_date=2020-03-01&end_date=2020-03-31&models=era5&hourly=temperature_2m%2Crelative_humidity_2m%2Cprecipitation%2Cwind_speed_10m%2Cdew_point_2m&timezone=GMT&timeformat=unixtime&temperature_unit=celsius&wind_speed_unit=ms&precipitation_unit=mm&cell_selection=land"
"new-york-march-2020",40.7128,-74.006,"2020-03-01","2020-03-31","2020-03-26T13:00:00.000Z",4.2,73,0,0.89,-0.3,"2020-03-26T12:00:00.000Z","2020-03-26T13:00:00.000Z",true,"","complete",744,744,744,"Open-Meteo","ERA5 (requested)","era5",,"modeled_reanalysis",40.75,-74,32,"2026-09-11T00:26:47.065Z",,,"land","provider default elevation adjustment","instant meteorology; precipitation sum over preceding hour ending at time","reanalysis-adapter-v1","Weather data by Open-Meteo; ERA5 by Copernicus Climate Change Service (C3S) / ECMWF","https://open-meteo.com/en/docs/historical-weather-api","https://archive-api.open-meteo.com/v1/archive?latitude=40.7128&longitude=-74.006&start_date=2020-03-01&end_date=2020-03-31&models=era5&hourly=temperature_2m%2Crelative_humidity_2m%2Cprecipitation%2Cwind_speed_10m%2Cdew_point_2m&timezone=GMT&timeformat=unixtime&temperature_unit=celsius&wind_speed_unit=ms&precipitation_unit=mm&cell_selection=land"
"new-york-march-2020",40.7128,-74.006,"2020-03-01","2020-03-31","2020-03-26T14:00:00.000Z",5.6,66,0,0.63,-0.3,"2020-03-26T13:00:00.000Z","2020-03-26T14:00:00.000Z",true,"","complete",744,744,744,"Open-Meteo","ERA5 (requested)","era5",,"modeled_reanalysis",40.75,-74,32,"2026-09-11T00:26:47.065Z",,,"land","provider default elevation adjustment","instant meteorology; precipitation sum over preceding hour ending at time","reanalysis-adapter-v1","Weather data by Open-Meteo; ERA5 by Copernicus Climate Change Service (C3S) / ECMWF","https://open-meteo.com/en/docs/historical-weather-api","https://archive-api.open-meteo.com/v1/archive?latitude=40.7128&longitude=-74.006&start_date=2020-03-01&end_date=2020-03-31&models=era5&hourly=temperature_2m%2Crelative_humidity_2m%2Cprecipitation%2Cwind_speed_10m%2Cdew_point_2m&timezone=GMT&timeformat=unixtime&temperature_unit=celsius&wind_speed_unit=ms&precipitation_unit=mm&cell_selection=land"
"new-york-march-2020",40.7128,-74.006,"2020-03-01","2020-03-31","2020-03-26T15:00:00.000Z",7.7,61,0,1.24,0.8,"2020-03-26T14:00:00.000Z","2020-03-26T15:00:00.000Z",true,"","complete",744,744,744,"Open-Meteo","ERA5 (requested)","era5",,"modeled_reanalysis",40.75,-74,32,"2026-09-11T00:26:47.065Z",,,"land","provider default elevation adjustment","instant meteorology; precipitation sum over preceding hour ending at time","reanalysis-adapter-v1","Weather data by Open-Meteo; ERA5 by Copernicus Climate Change Service (C3S) / ECMWF","https://open-meteo.com/en/docs/historical-weather-api","https://archive-api.open-meteo.com/v1/archive?latitude=40.7128&longitude=-74.006&start_date=2020-03-01&end_date=2020-03-31&models=era5&hourly=temperature_2m%2Crelative_humidity_2m%2Cprecipitation%2Cwind_speed_10m%2Cdew_point_2m&timezone=GMT&timeformat=unixtime&temperature_unit=celsius&wind_speed_unit=ms&precipitation_unit=mm&cell_selection=land"
"new-york-march-2020",40.7128,-74.006,"2020-03-01","2020-03-31","2020-03-26T16:00:00.000Z",8.9,58,0,1.71,1.1,"2020-03-26T15:00:00.000Z","2020-03-26T16:00:00.000Z",true,"","complete",744,744,744,"Open-Meteo","ERA5 (requested)","era5",,"modeled_reanalysis",40.75,-74,32,"2026-09-11T00:26:47.065Z",,,"land","provider default elevation adjustment","instant meteorology; precipitation sum over preceding hour ending at time","reanalysis-adapter-v1","Weather data by Open-Meteo; ERA5 by Copernicus Climate Change Service (C3S) / ECMWF","https://open-meteo.com/en/docs/historical-weather-api","https://archive-api.open-meteo.com/v1/archive?latitude=40.7128&longitude=-74.006&start_date=2020-03-01&end_date=2020-03-31&models=era5&hourly=temperature_2m%2Crelative_humidity_2m%2Cprecipitation%2Cwind_speed_10m%2Cdew_point_2m&timezone=GMT&timeformat=unixtime&temperature_unit=celsius&wind_speed_unit=ms&precipitation_unit=mm&cell_selection=land"
"new-york-march-2020",40.7128,-74.006,"2020-03-01","2020-03-31","2020-03-26T17:00:00.000Z",9.9,56,0,2.1,1.4,"2020-03-26T16:00:00.000Z","2020-03-26T17:00:00.000Z",true,"","complete",744,744,744,"Open-Meteo","ERA5 (requested)","era5",,"modeled_reanalysis",40.75,-74,32,"2026-09-11T00:26:47.065Z",,,"land","provider default elevation adjustment","instant meteorology; precipitation sum over preceding hour ending at time","reanalysis-adapter-v1","Weather data by Open-Meteo; ERA5 by Copernicus Climate Change Service (C3S) / ECMWF","https://open-meteo.com/en/docs/historical-weather-api","https://archive-api.open-meteo.com/v1/archive?latitude=40.7128&longitude=-74.006&start_date=2020-03-01&end_date=2020-03-31&models=era5&hourly=temperature_2m%2Crelative_humidity_2m%2Cprecipitation%2Cwind_speed_10m%2Cdew_point_2m&timezone=GMT&timeformat=unixtime&temperature_unit=celsius&wind_speed_unit=ms&precipitation_unit=mm&cell_selection=land"
"new-york-march-2020",40.7128,-74.006,"2020-03-01","2020-03-31","2020-03-26T18:00:00.000Z",10.9,54,0,2.69,1.9,"2020-03-26T17:00:00.000Z","2020-03-26T18:00:00.000Z",true,"","complete",744,744,744,"Open-Meteo","ERA5 (requested)","era5",,"modeled_reanalysis",40.75,-74,32,"2026-09-11T00:26:47.065Z",,,"land","provider default elevation adjustment","instant meteorology; precipitation sum over preceding hour ending at time","reanalysis-adapter-v1","Weather data by Open-Meteo; ERA5 by Copernicus Climate Change Service (C3S) / ECMWF","https://open-meteo.com/en/docs/historical-weather-api","https://archive-api.open-meteo.com/v1/archive?latitude=40.7128&longitude=-74.006&start_date=2020-03-01&end_date=2020-03-31&models=era5&hourly=temperature_2m%2Crelative_humidity_2m%2Cprecipitation%2Cwind_speed_10m%2Cdew_point_2m&timezone=GMT&timeformat=unixtime&temperature_unit=celsius&wind_speed_unit=ms&precipitation_unit=mm&cell_selection=land"
"new-york-march-2020",40.7128,-74.006,"2020-03-01","2020-03-31","2020-03-26T19:00:00.000Z",11.5,53,0,3.05,2.3,"2020-03-26T18:00:00.000Z","2020-03-26T19:00:00.000Z",true,"","complete",744,744,744,"Open-Meteo","ERA5 (requested)","era5",,"modeled_reanalysis",40.75,-74,32,"2026-09-11T00:26:47.065Z",,,"land","provider default elevation adjustment","instant meteorology; precipitation sum over preceding hour ending at time","reanalysis-adapter-v1","Weather data by Open-Meteo; ERA5 by Copernicus Climate Change Service (C3S) / ECMWF","https://open-meteo.com/en/docs/historical-weather-api","https://archive-api.open-meteo.com/v1/archive?latitude=40.7128&longitude=-74.006&start_date=2020-03-01&end_date=2020-03-31&models=era5&hourly=temperature_2m%2Crelative_humidity_2m%2Cprecipitation%2Cwind_speed_10m%2Cdew_point_2m&timezone=GMT&timeformat=unixtime&temperature_unit=celsius&wind_speed_unit=ms&precipitation_unit=mm&cell_selection=land"
"new-york-march-2020",40.7128,-74.006,"2020-03-01","2020-03-31","2020-03-26T20:00:00.000Z",12.4,52,0,3.26,2.8,"2020-03-26T19:00:00.000Z","2020-03-26T20:00:00.000Z",true,"","complete",744,744,744,"Open-Meteo","ERA5 (requested)","era5",,"modeled_reanalysis",40.75,-74,32,"2026-09-11T00:26:47.065Z",,,"land","provider default elevation adjustment","instant meteorology; precipitation sum over preceding hour ending at time","reanalysis-adapter-v1","Weather data by Open-Meteo; ERA5 by Copernicus Climate Change Service (C3S) / ECMWF","https://open-meteo.com/en/docs/historical-weather-api","https://archive-api.open-meteo.com/v1/archive?latitude=40.7128&longitude=-74.006&start_date=2020-03-01&end_date=2020-03-31&models=era5&hourly=temperature_2m%2Crelative_humidity_2m%2Cprecipitation%2Cwind_speed_10m%2Cdew_point_2m&timezone=GMT&timeformat=unixtime&temperature_unit=celsius&wind_speed_unit=ms&precipitation_unit=mm&cell_selection=land"
"new-york-march-2020",40.7128,-74.006,"2020-03-01","2020-03-31","2020-03-26T21:00:00.000Z",12.9,50,0,3.49,2.7,"2020-03-26T20:00:00.000Z","2020-03-26T21:00:00.000Z",true,"","complete",744,744,744,"Open-Meteo","ERA5 (requested)","era5",,"modeled_reanalysis",40.75,-74,32,"2026-09-11T00:26:47.065Z",,,"land","provider default elevation adjustment","instant meteorology; precipitation sum over preceding hour ending at time","reanalysis-adapter-v1","Weather data by Open-Meteo; ERA5 by Copernicus Climate Change Service (C3S) / ECMWF","https://open-meteo.com/en/docs/historical-weather-api","https://archive-api.open-meteo.com/v1/archive?latitude=40.7128&longitude=-74.006&start_date=2020-03-01&end_date=2020-03-31&models=era5&hourly=temperature_2m%2Crelative_humidity_2m%2Cprecipitation%2Cwind_speed_10m%2Cdew_point_2m&timezone=GMT&timeformat=unixtime&temperature_unit=celsius&wind_speed_unit=ms&precipitation_unit=mm&cell_selection=land"
"new-york-march-2020",40.7128,-74.006,"2020-03-01","2020-03-31","2020-03-26T22:00:00.000Z",12.1,59,0,2.7,4.3,"2020-03-26T21:00:00.000Z","2020-03-26T22:00:00.000Z",true,"","complete",744,744,744,"Open-Meteo","ERA5 (requested)","era5",,"modeled_reanalysis",40.75,-74,32,"2026-09-11T00:26:47.065Z",,,"land","provider default elevation adjustment","instant meteorology; precipitation sum over preceding hour ending at time","reanalysis-adapter-v1","Weather data by Open-Meteo; ERA5 by Copernicus Climate Change Service (C3S) / ECMWF","https://open-meteo.com/en/docs/historical-weather-api","https://archive-api.open-meteo.com/v1/archive?latitude=40.7128&longitude=-74.006&start_date=2020-03-01&end_date=2020-03-31&models=era5&hourly=temperature_2m%2Crelative_humidity_2m%2Cprecipitation%2Cwind_speed_10m%2Cdew_point_2m&timezone=GMT&timeformat=unixtime&temperature_unit=celsius&wind_speed_unit=ms&precipitation_unit=mm&cell_selection=land"
"new-york-march-2020",40.7128,-74.006,"2020-03-01","2020-03-31","2020-03-26T23:00:00.000Z",11.3,61,0,3.2,4,"2020-03-26T22:00:00.000Z","2020-03-26T23:00:00.000Z",true,"","complete",744,744,744,"Open-Meteo","ERA5 (requested)","era5",,"modeled_reanalysis",40.75,-74,32,"2026-09-11T00:26:47.065Z",,,"land","provider default elevation adjustment","instant meteorology; precipitation sum over preceding hour ending at time","reanalysis-adapter-v1","Weather data by Open-Meteo; ERA5 by Copernicus Climate Change Service (C3S) / ECMWF","https://open-meteo.com/en/docs/historical-weather-api","https://archive-api.open-meteo.com/v1/archive?latitude=40.7128&longitude=-74.006&start_date=2020-03-01&end_date=2020-03-31&models=era5&hourly=temperature_2m%2Crelative_humidity_2m%2Cprecipitation%2Cwind_speed_10m%2Cdew_point_2m&timezone=GMT&timeformat=unixtime&temperature_unit=celsius&wind_speed_unit=ms&precipitation_unit=mm&cell_selection=land"
"new-york-march-2020",40.7128,-74.006,"2020-03-01","2020-03-31","2020-03-27T00:00:00.000Z",10.6,62,0,3.4,3.7,"2020-03-26T23:00:00.000Z","2020-03-27T00:00:00.000Z",true,"","complete",744,744,744,"Open-Meteo","ERA5 (requested)","era5",,"modeled_reanalysis",40.75,-74,32,"2026-09-11T00:26:47.065Z",,,"land","provider default elevation adjustment","instant meteorology; precipitation sum over preceding hour ending at time","reanalysis-adapter-v1","Weather data by Open-Meteo; ERA5 by Copernicus Climate Change Service (C3S) / ECMWF","https://open-meteo.com/en/docs/historical-weather-api","https://archive-api.open-meteo.com/v1/archive?latitude=40.7128&longitude=-74.006&start_date=2020-03-01&end_date=2020-03-31&models=era5&hourly=temperature_2m%2Crelative_humidity_2m%2Cprecipitation%2Cwind_speed_10m%2Cdew_point_2m&timezone=GMT&timeformat=unixtime&temperature_unit=celsius&wind_speed_unit=ms&precipitation_unit=mm&cell_selection=land"
"new-york-march-2020",40.7128,-74.006,"2020-03-01","2020-03-31","2020-03-27T01:00:00.000Z",10.5,63,0,2.95,3.7,"2020-03-27T00:00:00.000Z","2020-03-27T01:00:00.000Z",true,"","complete",744,744,744,"Open-Meteo","ERA5 (requested)","era5",,"modeled_reanalysis",40.75,-74,32,"2026-09-11T00:26:47.065Z",,,"land","provider default elevation adjustment","instant meteorology; precipitation sum over preceding hour ending at time","reanalysis-adapter-v1","Weather data by Open-Meteo; ERA5 by Copernicus Climate Change Service (C3S) / ECMWF","https://open-meteo.com/en/docs/historical-weather-api","https://archive-api.open-meteo.com/v1/archive?latitude=40.7128&longitude=-74.006&start_date=2020-03-01&end_date=2020-03-31&models=era5&hourly=temperature_2m%2Crelative_humidity_2m%2Cprecipitation%2Cwind_speed_10m%2Cdew_point_2m&timezone=GMT&timeformat=unixtime&temperature_unit=celsius&wind_speed_unit=ms&precipitation_unit=mm&cell_selection=land"
"new-york-march-2020",40.7128,-74.006,"2020-03-01","2020-03-31","2020-03-27T02:00:00.000Z",10.3,63,0,3.38,3.6,"2020-03-27T01:00:00.000Z","2020-03-27T02:00:00.000Z",true,"","complete",744,744,744,"Open-Meteo","ERA5 (requested)","era5",,"modeled_reanalysis",40.75,-74,32,"2026-09-11T00:26:47.065Z",,,"land","provider default elevation adjustment","instant meteorology; precipitation sum over preceding hour ending at time","reanalysis-adapter-v1","Weather data by Open-Meteo; ERA5 by Copernicus Climate Change Service (C3S) / ECMWF","https://open-meteo.com/en/docs/historical-weather-api","https://archive-api.open-meteo.com/v1/archive?latitude=40.7128&longitude=-74.006&start_date=2020-03-01&end_date=2020-03-31&models=era5&hourly=temperature_2m%2Crelative_humidity_2m%2Cprecipitation%2Cwind_speed_10m%2Cdew_point_2m&timezone=GMT&timeformat=unixtime&temperature_unit=celsius&wind_speed_unit=ms&precipitation_unit=mm&cell_selection=land"
"new-york-march-2020",40.7128,-74.006,"2020-03-01","2020-03-31","2020-03-27T03:00:00.000Z",10,68,0,3.91,4.4,"2020-03-27T02:00:00.000Z","2020-03-27T03:00:00.000Z",true,"","complete",744,744,744,"Open-Meteo","ERA5 (requested)","era5",,"modeled_reanalysis",40.75,-74,32,"2026-09-11T00:26:47.065Z",,,"land","provider default elevation adjustment","instant meteorology; precipitation sum over preceding hour ending at time","reanalysis-adapter-v1","Weather data by Open-Meteo; ERA5 by Copernicus Climate Change Service (C3S) / ECMWF","https://open-meteo.com/en/docs/historical-weather-api","https://archive-api.open-meteo.com/v1/archive?latitude=40.7128&longitude=-74.006&start_date=2020-03-01&end_date=2020-03-31&models=era5&hourly=temperature_2m%2Crelative_humidity_2m%2Cprecipitation%2Cwind_speed_10m%2Cdew_point_2m&timezone=GMT&timeformat=unixtime&temperature_unit=celsius&wind_speed_unit=ms&precipitation_unit=mm&cell_selection=land"
"new-york-march-2020",40.7128,-74.006,"2020-03-01","2020-03-31","2020-03-27T04:00:00.000Z",10.1,68,0,4.03,4.6,"2020-03-27T03:00:00.000Z","2020-03-27T04:00:00.000Z",true,"","complete",744,744,744,"Open-Meteo","ERA5 (requested)","era5",,"modeled_reanalysis",40.75,-74,32,"2026-09-11T00:26:47.065Z",,,"land","provider default elevation adjustment","instant meteorology; precipitation sum over preceding hour ending at time","reanalysis-adapter-v1","Weather data by Open-Meteo; ERA5 by Copernicus Climate Change Service (C3S) / ECMWF","https://open-meteo.com/en/docs/historical-weather-api","https://archive-api.open-meteo.com/v1/archive?latitude=40.7128&longitude=-74.006&start_date=2020-03-01&end_date=2020-03-31&models=era5&hourly=temperature_2m%2Crelative_humidity_2m%2Cprecipitation%2Cwind_speed_10m%2Cdew_point_2m&timezone=GMT&timeformat=unixtime&temperature_unit=celsius&wind_speed_unit=ms&precipitation_unit=mm&cell_selection=land"
"new-york-march-2020",40.7128,-74.006,"2020-03-01","2020-03-31","2020-03-27T05:00:00.000Z",9.8,69,0,4.05,4.5,"2020-03-27T04:00:00.000Z","2020-03-27T05:00:00.000Z",true,"","complete",744,744,744,"Open-Meteo","ERA5 (requested)","era5",,"modeled_reanalysis",40.75,-74,32,"2026-09-11T00:26:47.065Z",,,"land","provider default elevation adjustment","instant meteorology; precipitation sum over preceding hour ending at time","reanalysis-adapter-v1","Weather data by Open-Meteo; ERA5 by Copernicus Climate Change Service (C3S) / ECMWF","https://open-meteo.com/en/docs/historical-weather-api","https://archive-api.open-meteo.com/v1/archive?latitude=40.7128&longitude=-74.006&start_date=2020-03-01&end_date=2020-03-31&models=era5&hourly=temperature_2m%2Crelative_humidity_2m%2Cprecipitation%2Cwind_speed_10m%2Cdew_point_2m&timezone=GMT&timeformat=unixtime&temperature_unit=celsius&wind_speed_unit=ms&precipitation_unit=mm&cell_selection=land"
"new-york-march-2020",40.7128,-74.006,"2020-03-01","2020-03-31","2020-03-27T06:00:00.000Z",9.8,70,0,3.81,4.5,"2020-03-27T05:00:00.000Z","2020-03-27T06:00:00.000Z",true,"","complete",744,744,744,"Open-Meteo","ERA5 (requested)","era5",,"modeled_reanalysis",40.75,-74,32,"2026-09-11T00:26:47.065Z",,,"land","provider default elevation adjustment","instant meteorology; precipitation sum over preceding hour ending at time","reanalysis-adapter-v1","Weather data by Open-Meteo; ERA5 by Copernicus Climate Change Service (C3S) / ECMWF","https://open-meteo.com/en/docs/historical-weather-api","https://archive-api.open-meteo.com/v1/archive?latitude=40.7128&longitude=-74.006&start_date=2020-03-01&end_date=2020-03-31&models=era5&hourly=temperature_2m%2Crelative_humidity_2m%2Cprecipitation%2Cwind_speed_10m%2Cdew_point_2m&timezone=GMT&timeformat=unixtime&temperature_unit=celsius&wind_speed_unit=ms&precipitation_unit=mm&cell_selection=land"
"new-york-march-2020",40.7128,-74.006,"2020-03-01","2020-03-31","2020-03-27T07:00:00.000Z",9.7,72,0,3.62,4.9,"2020-03-27T06:00:00.000Z","2020-03-27T07:00:00.000Z",true,"","complete",744,744,744,"Open-Meteo","ERA5 (requested)","era5",,"modeled_reanalysis",40.75,-74,32,"2026-09-11T00:26:47.065Z",,,"land","provider default elevation adjustment","instant meteorology; precipitation sum over preceding hour ending at time","reanalysis-adapter-v1","Weather data by Open-Meteo; ERA5 by Copernicus Climate Change Service (C3S) / ECMWF","https://open-meteo.com/en/docs/historical-weather-api","https://archive-api.open-meteo.com/v1/archive?latitude=40.7128&longitude=-74.006&start_date=2020-03-01&end_date=2020-03-31&models=era5&hourly=temperature_2m%2Crelative_humidity_2m%2Cprecipitation%2Cwind_speed_10m%2Cdew_point_2m&timezone=GMT&timeformat=unixtime&temperature_unit=celsius&wind_speed_unit=ms&precipitation_unit=mm&cell_selection=land"
"new-york-march-2020",40.7128,-74.006,"2020-03-01","2020-03-31","2020-03-27T08:00:00.000Z",9.6,75,0,3.1,5.4,"2020-03-27T07:00:00.000Z","2020-03-27T08:00:00.000Z",true,"","complete",744,744,744,"Open-Meteo","ERA5 (requested)","era5",,"modeled_reanalysis",40.75,-74,32,"2026-09-11T00:26:47.065Z",,,"land","provider default elevation adjustment","instant meteorology; precipitation sum over preceding hour ending at time","reanalysis-adapter-v1","Weather data by Open-Meteo; ERA5 by Copernicus Climate Change Service (C3S) / ECMWF","https://open-meteo.com/en/docs/historical-weather-api","https://archive-api.open-meteo.com/v1/archive?latitude=40.7128&longitude=-74.006&start_date=2020-03-01&end_date=2020-03-31&models=era5&hourly=temperature_2m%2Crelative_humidity_2m%2Cprecipitation%2Cwind_speed_10m%2Cdew_point_2m&timezone=GMT&timeformat=unixtime&temperature_unit=celsius&wind_speed_unit=ms&precipitation_unit=mm&cell_selection=land"
"new-york-march-2020",40.7128,-74.006,"2020-03-01","2020-03-31","2020-03-27T09:00:00.000Z",9.4,78,0,2.73,5.8,"2020-03-27T08:00:00.000Z","2020-03-27T09:00:00.000Z",true,"","complete",744,744,744,"Open-Meteo","ERA5 (requested)","era5",,"modeled_reanalysis",40.75,-74,32,"2026-09-11T00:26:47.065Z",,,"land","provider default elevation adjustment","instant meteorology; precipitation sum over preceding hour ending at time","reanalysis-adapter-v1","Weather data by Open-Meteo; ERA5 by Copernicus Climate Change Service (C3S) / ECMWF","https://open-meteo.com/en/docs/historical-weather-api","https://archive-api.open-meteo.com/v1/archive?latitude=40.7128&longitude=-74.006&start_date=2020-03-01&end_date=2020-03-31&models=era5&hourly=temperature_2m%2Crelative_humidity_2m%2Cprecipitation%2Cwind_speed_10m%2Cdew_point_2m&timezone=GMT&timeformat=unixtime&temperature_unit=celsius&wind_speed_unit=ms&precipitation_unit=mm&cell_selection=land"
"new-york-march-2020",40.7128,-74.006,"2020-03-01","2020-03-31","2020-03-27T10:00:00.000Z",9.6,76,0,2.21,5.5,"2020-03-27T09:00:00.000Z","2020-03-27T10:00:00.000Z",true,"","complete",744,744,744,"Open-Meteo","ERA5 (requested)","era5",,"modeled_reanalysis",40.75,-74,32,"2026-09-11T00:26:47.065Z",,,"land","provider default elevation adjustment","instant meteorology; precipitation sum over preceding hour ending at time","reanalysis-adapter-v1","Weather data by Open-Meteo; ERA5 by Copernicus Climate Change Service (C3S) / ECMWF","https://open-meteo.com/en/docs/historical-weather-api","https://archive-api.open-meteo.com/v1/archive?latitude=40.7128&longitude=-74.006&start_date=2020-03-01&end_date=2020-03-31&models=era5&hourly=temperature_2m%2Crelative_humidity_2m%2Cprecipitation%2Cwind_speed_10m%2Cdew_point_2m&timezone=GMT&timeformat=unixtime&temperature_unit=celsius&wind_speed_unit=ms&precipitation_unit=mm&cell_selection=land"
"new-york-march-2020",40.7128,-74.006,"2020-03-01","2020-03-31","2020-03-27T11:00:00.000Z",9.7,76,0,2.18,5.7,"2020-03-27T10:00:00.000Z","2020-03-27T11:00:00.000Z",true,"","complete",744,744,744,"Open-Meteo","ERA5 (requested)","era5",,"modeled_reanalysis",40.75,-74,32,"2026-09-11T00:26:47.065Z",,,"land","provider default elevation adjustment","instant meteorology; precipitation sum over preceding hour ending at time","reanalysis-adapter-v1","Weather data by Open-Meteo; ERA5 by Copernicus Climate Change Service (C3S) / ECMWF","https://open-meteo.com/en/docs/historical-weather-api","https://archive-api.open-meteo.com/v1/archive?latitude=40.7128&longitude=-74.006&start_date=2020-03-01&end_date=2020-03-31&models=era5&hourly=temperature_2m%2Crelative_humidity_2m%2Cprecipitation%2Cwind_speed_10m%2Cdew_point_2m&timezone=GMT&timeformat=unixtime&temperature_unit=celsius&wind_speed_unit=ms&precipitation_unit=mm&cell_selection=land"
"new-york-march-2020",40.7128,-74.006,"2020-03-01","2020-03-31","2020-03-27T12:00:00.000Z",9.7,79,0,2.7,6.1,"2020-03-27T11:00:00.000Z","2020-03-27T12:00:00.000Z",true,"","complete",744,744,744,"Open-Meteo","ERA5 (requested)","era5",,"modeled_reanalysis",40.75,-74,32,"2026-09-11T00:26:47.065Z",,,"land","provider default elevation adjustment","instant meteorology; precipitation sum over preceding hour ending at time","reanalysis-adapter-v1","Weather data by Open-Meteo; ERA5 by Copernicus Climate Change Service (C3S) / ECMWF","https://open-meteo.com/en/docs/historical-weather-api","https://archive-api.open-meteo.com/v1/archive?latitude=40.7128&longitude=-74.006&start_date=2020-03-01&end_date=2020-03-31&models=era5&hourly=temperature_2m%2Crelative_humidity_2m%2Cprecipitation%2Cwind_speed_10m%2Cdew_point_2m&timezone=GMT&timeformat=unixtime&temperature_unit=celsius&wind_speed_unit=ms&precipitation_unit=mm&cell_selection=land"
"new-york-march-2020",40.7128,-74.006,"2020-03-01","2020-03-31","2020-03-27T13:00:00.000Z",10.7,75,0,2.55,6.4,"2020-03-27T12:00:00.000Z","2020-03-27T13:00:00.000Z",true,"","complete",744,744,744,"Open-Meteo","ERA5 (requested)","era5",,"modeled_reanalysis",40.75,-74,32,"2026-09-11T00:26:47.065Z",,,"land","provider default elevation adjustment","instant meteorology; precipitation sum over preceding hour ending at time","reanalysis-adapter-v1","Weather data by Open-Meteo; ERA5 by Copernicus Climate Change Service (C3S) / ECMWF","https://open-meteo.com/en/docs/historical-weather-api","https://archive-api.open-meteo.com/v1/archive?latitude=40.7128&longitude=-74.006&start_date=2020-03-01&end_date=2020-03-31&models=era5&hourly=temperature_2m%2Crelative_humidity_2m%2Cprecipitation%2Cwind_speed_10m%2Cdew_point_2m&timezone=GMT&timeformat=unixtime&temperature_unit=celsius&wind_speed_unit=ms&precipitation_unit=mm&cell_selection=land"
"new-york-march-2020",40.7128,-74.006,"2020-03-01","2020-03-31","2020-03-27T14:00:00.000Z",12.3,68,0,2.69,6.7,"2020-03-27T13:00:00.000Z","2020-03-27T14:00:00.000Z",true,"","complete",744,744,744,"Open-Meteo","ERA5 (requested)","era5",,"modeled_reanalysis",40.75,-74,32,"2026-09-11T00:26:47.065Z",,,"land","provider default elevation adjustment","instant meteorology; precipitation sum over preceding hour ending at time","reanalysis-adapter-v1","Weather data by Open-Meteo; ERA5 by Copernicus Climate Change Service (C3S) / ECMWF","https://open-meteo.com/en/docs/historical-weather-api","https://archive-api.open-meteo.com/v1/archive?latitude=40.7128&longitude=-74.006&start_date=2020-03-01&end_date=2020-03-31&models=era5&hourly=temperature_2m%2Crelative_humidity_2m%2Cprecipitation%2Cwind_speed_10m%2Cdew_point_2m&timezone=GMT&timeformat=unixtime&temperature_unit=celsius&wind_speed_unit=ms&precipitation_unit=mm&cell_selection=land"
"new-york-march-2020",40.7128,-74.006,"2020-03-01","2020-03-31","2020-03-27T15:00:00.000Z",14.6,52,0,3.93,4.9,"2020-03-27T14:00:00.000Z","2020-03-27T15:00:00.000Z",true,"","complete",744,744,744,"Open-Meteo","ERA5 (requested)","era5",,"modeled_reanalysis",40.75,-74,32,"2026-09-11T00:26:47.065Z",,,"land","provider default elevation adjustment","instant meteorology; precipitation sum over preceding hour ending at time","reanalysis-adapter-v1","Weather data by Open-Meteo; ERA5 by Copernicus Climate Change Service (C3S) / ECMWF","https://open-meteo.com/en/docs/historical-weather-api","https://archive-api.open-meteo.com/v1/archive?latitude=40.7128&longitude=-74.006&start_date=2020-03-01&end_date=2020-03-31&models=era5&hourly=temperature_2m%2Crelative_humidity_2m%2Cprecipitation%2Cwind_speed_10m%2Cdew_point_2m&timezone=GMT&timeformat=unixtime&temperature_unit=celsius&wind_speed_unit=ms&precipitation_unit=mm&cell_selection=land"
"new-york-march-2020",40.7128,-74.006,"2020-03-01","2020-03-31","2020-03-27T16:00:00.000Z",15.3,42,0,3.77,2.5,"2020-03-27T15:00:00.000Z","2020-03-27T16:00:00.000Z",true,"","complete",744,744,744,"Open-Meteo","ERA5 (requested)","era5",,"modeled_reanalysis",40.75,-74,32,"2026-09-11T00:26:47.065Z",,,"land","provider default elevation adjustment","instant meteorology; precipitation sum over preceding hour ending at time","reanalysis-adapter-v1","Weather data by Open-Meteo; ERA5 by Copernicus Climate Change Service (C3S) / ECMWF","https://open-meteo.com/en/docs/historical-weather-api","https://archive-api.open-meteo.com/v1/archive?latitude=40.7128&longitude=-74.006&start_date=2020-03-01&end_date=2020-03-31&models=era5&hourly=temperature_2m%2Crelative_humidity_2m%2Cprecipitation%2Cwind_speed_10m%2Cdew_point_2m&timezone=GMT&timeformat=unixtime&temperature_unit=celsius&wind_speed_unit=ms&precipitation_unit=mm&cell_selection=land"
"new-york-march-2020",40.7128,-74.006,"2020-03-01","2020-03-31","2020-03-27T17:00:00.000Z",16,36,0,3.7,0.7,"2020-03-27T16:00:00.000Z","2020-03-27T17:00:00.000Z",true,"","complete",744,744,744,"Open-Meteo","ERA5 (requested)","era5",,"modeled_reanalysis",40.75,-74,32,"2026-09-11T00:26:47.065Z",,,"land","provider default elevation adjustment","instant meteorology; precipitation sum over preceding hour ending at time","reanalysis-adapter-v1","Weather data by Open-Meteo; ERA5 by Copernicus Climate Change Service (C3S) / ECMWF","https://open-meteo.com/en/docs/historical-weather-api","https://archive-api.open-meteo.com/v1/archive?latitude=40.7128&longitude=-74.006&start_date=2020-03-01&end_date=2020-03-31&models=era5&hourly=temperature_2m%2Crelative_humidity_2m%2Cprecipitation%2Cwind_speed_10m%2Cdew_point_2m&timezone=GMT&timeformat=unixtime&temperature_unit=celsius&wind_speed_unit=ms&precipitation_unit=mm&cell_selection=land"
"new-york-march-2020",40.7128,-74.006,"2020-03-01","2020-03-31","2020-03-27T18:00:00.000Z",16.5,32,0,3.61,-0.2,"2020-03-27T17:00:00.000Z","2020-03-27T18:00:00.000Z",true,"","complete",744,744,744,"Open-Meteo","ERA5 (requested)","era5",,"modeled_reanalysis",40.75,-74,32,"2026-09-11T00:26:47.065Z",,,"land","provider default elevation adjustment","instant meteorology; precipitation sum over preceding hour ending at time","reanalysis-adapter-v1","Weather data by Open-Meteo; ERA5 by Copernicus Climate Change Service (C3S) / ECMWF","https://open-meteo.com/en/docs/historical-weather-api","https://archive-api.open-meteo.com/v1/archive?latitude=40.7128&longitude=-74.006&start_date=2020-03-01&end_date=2020-03-31&models=era5&hourly=temperature_2m%2Crelative_humidity_2m%2Cprecipitation%2Cwind_speed_10m%2Cdew_point_2m&timezone=GMT&timeformat=unixtime&temperature_unit=celsius&wind_speed_unit=ms&precipitation_unit=mm&cell_selection=land"
"new-york-march-2020",40.7128,-74.006,"2020-03-01","2020-03-31","2020-03-27T19:00:00.000Z",16.7,31,0,3.16,-0.3,"2020-03-27T18:00:00.000Z","2020-03-27T19:00:00.000Z",true,"","complete",744,744,744,"Open-Meteo","ERA5 (requested)","era5",,"modeled_reanalysis",40.75,-74,32,"2026-09-11T00:26:47.065Z",,,"land","provider default elevation adjustment","instant meteorology; precipitation sum over preceding hour ending at time","reanalysis-adapter-v1","Weather data by Open-Meteo; ERA5 by Copernicus Climate Change Service (C3S) / ECMWF","https://open-meteo.com/en/docs/historical-weather-api","https://archive-api.open-meteo.com/v1/archive?latitude=40.7128&longitude=-74.006&start_date=2020-03-01&end_date=2020-03-31&models=era5&hourly=temperature_2m%2Crelative_humidity_2m%2Cprecipitation%2Cwind_speed_10m%2Cdew_point_2m&timezone=GMT&timeformat=unixtime&temperature_unit=celsius&wind_speed_unit=ms&precipitation_unit=mm&cell_selection=land"
"new-york-march-2020",40.7128,-74.006,"2020-03-01","2020-03-31","2020-03-27T20:00:00.000Z",16.9,32,0,2.59,0,"2020-03-27T19:00:00.000Z","2020-03-27T20:00:00.000Z",true,"","complete",744,744,744,"Open-Meteo","ERA5 (requested)","era5",,"modeled_reanalysis",40.75,-74,32,"2026-09-11T00:26:47.065Z",,,"land","provider default elevation adjustment","instant meteorology; precipitation sum over preceding hour ending at time","reanalysis-adapter-v1","Weather data by Open-Meteo; ERA5 by Copernicus Climate Change Service (C3S) / ECMWF","https://open-meteo.com/en/docs/historical-weather-api","https://archive-api.open-meteo.com/v1/archive?latitude=40.7128&longitude=-74.006&start_date=2020-03-01&end_date=2020-03-31&models=era5&hourly=temperature_2m%2Crelative_humidity_2m%2Cprecipitation%2Cwind_speed_10m%2Cdew_point_2m&timezone=GMT&timeformat=unixtime&temperature_unit=celsius&wind_speed_unit=ms&precipitation_unit=mm&cell_selection=land"
"new-york-march-2020",40.7128,-74.006,"2020-03-01","2020-03-31","2020-03-27T21:00:00.000Z",16.3,36,0,1.94,1.2,"2020-03-27T20:00:00.000Z","2020-03-27T21:00:00.000Z",true,"","complete",744,744,744,"Open-Meteo","ERA5 (requested)","era5",,"modeled_reanalysis",40.75,-74,32,"2026-09-11T00:26:47.065Z",,,"land","provider default elevation adjustment","instant meteorology; precipitation sum over preceding hour ending at time","reanalysis-adapter-v1","Weather data by Open-Meteo; ERA5 by Copernicus Climate Change Service (C3S) / ECMWF","https://open-meteo.com/en/docs/historical-weather-api","https://archive-api.open-meteo.com/v1/archive?latitude=40.7128&longitude=-74.006&start_date=2020-03-01&end_date=2020-03-31&models=era5&hourly=temperature_2m%2Crelative_humidity_2m%2Cprecipitation%2Cwind_speed_10m%2Cdew_point_2m&timezone=GMT&timeformat=unixtime&temperature_unit=celsius&wind_speed_unit=ms&precipitation_unit=mm&cell_selection=land"
"new-york-march-2020",40.7128,-74.006,"2020-03-01","2020-03-31","2020-03-27T22:00:00.000Z",17.3,22,0,1.79,-4.4,"2020-03-27T21:00:00.000Z","2020-03-27T22:00:00.000Z",true,"","complete",744,744,744,"Open-Meteo","ERA5 (requested)","era5",,"modeled_reanalysis",40.75,-74,32,"2026-09-11T00:26:47.065Z",,,"land","provider default elevation adjustment","instant meteorology; precipitation sum over preceding hour ending at time","reanalysis-adapter-v1","Weather data by Open-Meteo; ERA5 by Copernicus Climate Change Service (C3S) / ECMWF","https://open-meteo.com/en/docs/historical-weather-api","https://archive-api.open-meteo.com/v1/archive?latitude=40.7128&longitude=-74.006&start_date=2020-03-01&end_date=2020-03-31&models=era5&hourly=temperature_2m%2Crelative_humidity_2m%2Cprecipitation%2Cwind_speed_10m%2Cdew_point_2m&timezone=GMT&timeformat=unixtime&temperature_unit=celsius&wind_speed_unit=ms&precipitation_unit=mm&cell_selection=land"
"new-york-march-2020",40.7128,-74.006,"2020-03-01","2020-03-31","2020-03-27T23:00:00.000Z",18.7,14,0,1.39,-9.4,"2020-03-27T22:00:00.000Z","2020-03-27T23:00:00.000Z",true,"","complete",744,744,744,"Open-Meteo","ERA5 (requested)","era5",,"modeled_reanalysis",40.75,-74,32,"2026-09-11T00:26:47.065Z",,,"land","provider default elevation adjustment","instant meteorology; precipitation sum over preceding hour ending at time","reanalysis-adapter-v1","Weather data by Open-Meteo; ERA5 by Copernicus Climate Change Service (C3S) / ECMWF","https://open-meteo.com/en/docs/historical-weather-api","https://archive-api.open-meteo.com/v1/archive?latitude=40.7128&longitude=-74.006&start_date=2020-03-01&end_date=2020-03-31&models=era5&hourly=temperature_2m%2Crelative_humidity_2m%2Cprecipitation%2Cwind_speed_10m%2Cdew_point_2m&timezone=GMT&timeformat=unixtime&temperature_unit=celsius&wind_speed_unit=ms&precipitation_unit=mm&cell_selection=land"
"new-york-march-2020",40.7128,-74.006,"2020-03-01","2020-03-31","2020-03-28T00:00:00.000Z",15.7,29,0,1.06,-2.3,"2020-03-27T23:00:00.000Z","2020-03-28T00:00:00.000Z",true,"","complete",744,744,744,"Open-Meteo","ERA5 (requested)","era5",,"modeled_reanalysis",40.75,-74,32,"2026-09-11T00:26:47.065Z",,,"land","provider default elevation adjustment","instant meteorology; precipitation sum over preceding hour ending at time","reanalysis-adapter-v1","Weather data by Open-Meteo; ERA5 by Copernicus Climate Change Service (C3S) / ECMWF","https://open-meteo.com/en/docs/historical-weather-api","https://archive-api.open-meteo.com/v1/archive?latitude=40.7128&longitude=-74.006&start_date=2020-03-01&end_date=2020-03-31&models=era5&hourly=temperature_2m%2Crelative_humidity_2m%2Cprecipitation%2Cwind_speed_10m%2Cdew_point_2m&timezone=GMT&timeformat=unixtime&temperature_unit=celsius&wind_speed_unit=ms&precipitation_unit=mm&cell_selection=land"
"new-york-march-2020",40.7128,-74.006,"2020-03-01","2020-03-31","2020-03-28T01:00:00.000Z",13.1,43,0,1.12,1,"2020-03-28T00:00:00.000Z","2020-03-28T01:00:00.000Z",true,"","complete",744,744,744,"Open-Meteo","ERA5 (requested)","era5",,"modeled_reanalysis",40.75,-74,32,"2026-09-11T00:26:47.065Z",,,"land","provider default elevation adjustment","instant meteorology; precipitation sum over preceding hour ending at time","reanalysis-adapter-v1","Weather data by Open-Meteo; ERA5 by Copernicus Climate Change Service (C3S) / ECMWF","https://open-meteo.com/en/docs/historical-weather-api","https://archive-api.open-meteo.com/v1/archive?latitude=40.7128&longitude=-74.006&start_date=2020-03-01&end_date=2020-03-31&models=era5&hourly=temperature_2m%2Crelative_humidity_2m%2Cprecipitation%2Cwind_speed_10m%2Cdew_point_2m&timezone=GMT&timeformat=unixtime&temperature_unit=celsius&wind_speed_unit=ms&precipitation_unit=mm&cell_selection=land"
"new-york-march-2020",40.7128,-74.006,"2020-03-01","2020-03-31","2020-03-28T02:00:00.000Z",11.8,48,0,2.15,1.1,"2020-03-28T01:00:00.000Z","2020-03-28T02:00:00.000Z",true,"","complete",744,744,744,"Open-Meteo","ERA5 (requested)","era5",,"modeled_reanalysis",40.75,-74,32,"2026-09-11T00:26:47.065Z",,,"land","provider default elevation adjustment","instant meteorology; precipitation sum over preceding hour ending at time","reanalysis-adapter-v1","Weather data by Open-Meteo; ERA5 by Copernicus Climate Change Service (C3S) / ECMWF","https://open-meteo.com/en/docs/historical-weather-api","https://archive-api.open-meteo.com/v1/archive?latitude=40.7128&longitude=-74.006&start_date=2020-03-01&end_date=2020-03-31&models=era5&hourly=temperature_2m%2Crelative_humidity_2m%2Cprecipitation%2Cwind_speed_10m%2Cdew_point_2m&timezone=GMT&timeformat=unixtime&temperature_unit=celsius&wind_speed_unit=ms&precipitation_unit=mm&cell_selection=land"
"new-york-march-2020",40.7128,-74.006,"2020-03-01","2020-03-31","2020-03-28T03:00:00.000Z",10.8,49,0,1.84,0.6,"2020-03-28T02:00:00.000Z","2020-03-28T03:00:00.000Z",true,"","complete",744,744,744,"Open-Meteo","ERA5 (requested)","era5",,"modeled_reanalysis",40.75,-74,32,"2026-09-11T00:26:47.065Z",,,"land","provider default elevation adjustment","instant meteorology; precipitation sum over preceding hour ending at time","reanalysis-adapter-v1","Weather data by Open-Meteo; ERA5 by Copernicus Climate Change Service (C3S) / ECMWF","https://open-meteo.com/en/docs/historical-weather-api","https://archive-api.open-meteo.com/v1/archive?latitude=40.7128&longitude=-74.006&start_date=2020-03-01&end_date=2020-03-31&models=era5&hourly=temperature_2m%2Crelative_humidity_2m%2Cprecipitation%2Cwind_speed_10m%2Cdew_point_2m&timezone=GMT&timeformat=unixtime&temperature_unit=celsius&wind_speed_unit=ms&precipitation_unit=mm&cell_selection=land"
"new-york-march-2020",40.7128,-74.006,"2020-03-01","2020-03-31","2020-03-28T04:00:00.000Z",10.2,50,0,2.6,0.3,"2020-03-28T03:00:00.000Z","2020-03-28T04:00:00.000Z",true,"","complete",744,744,744,"Open-Meteo","ERA5 (requested)","era5",,"modeled_reanalysis",40.75,-74,32,"2026-09-11T00:26:47.065Z",,,"land","provider default elevation adjustment","instant meteorology; precipitation sum over preceding hour ending at time","reanalysis-adapter-v1","Weather data by Open-Meteo; ERA5 by Copernicus Climate Change Service (C3S) / ECMWF","https://open-meteo.com/en/docs/historical-weather-api","https://archive-api.open-meteo.com/v1/archive?latitude=40.7128&longitude=-74.006&start_date=2020-03-01&end_date=2020-03-31&models=era5&hourly=temperature_2m%2Crelative_humidity_2m%2Cprecipitation%2Cwind_speed_10m%2Cdew_point_2m&timezone=GMT&timeformat=unixtime&temperature_unit=celsius&wind_speed_unit=ms&precipitation_unit=mm&cell_selection=land"
"new-york-march-2020",40.7128,-74.006,"2020-03-01","2020-03-31","2020-03-28T05:00:00.000Z",9.7,51,0,3.05,0.1,"2020-03-28T04:00:00.000Z","2020-03-28T05:00:00.000Z",true,"","complete",744,744,744,"Open-Meteo","ERA5 (requested)","era5",,"modeled_reanalysis",40.75,-74,32,"2026-09-11T00:26:47.065Z",,,"land","provider default elevation adjustment","instant meteorology; precipitation sum over preceding hour ending at time","reanalysis-adapter-v1","Weather data by Open-Meteo; ERA5 by Copernicus Climate Change Service (C3S) / ECMWF","https://open-meteo.com/en/docs/historical-weather-api","https://archive-api.open-meteo.com/v1/archive?latitude=40.7128&longitude=-74.006&start_date=2020-03-01&end_date=2020-03-31&models=era5&hourly=temperature_2m%2Crelative_humidity_2m%2Cprecipitation%2Cwind_speed_10m%2Cdew_point_2m&timezone=GMT&timeformat=unixtime&temperature_unit=celsius&wind_speed_unit=ms&precipitation_unit=mm&cell_selection=land"
"new-york-march-2020",40.7128,-74.006,"2020-03-01","2020-03-31","2020-03-28T06:00:00.000Z",9.4,53,0,3.44,0.2,"2020-03-28T05:00:00.000Z","2020-03-28T06:00:00.000Z",true,"","complete",744,744,744,"Open-Meteo","ERA5 (requested)","era5",,"modeled_reanalysis",40.75,-74,32,"2026-09-11T00:26:47.065Z",,,"land","provider default elevation adjustment","instant meteorology; precipitation sum over preceding hour ending at time","reanalysis-adapter-v1","Weather data by Open-Meteo; ERA5 by Copernicus Climate Change Service (C3S) / ECMWF","https://open-meteo.com/en/docs/historical-weather-api","https://archive-api.open-meteo.com/v1/archive?latitude=40.7128&longitude=-74.006&start_date=2020-03-01&end_date=2020-03-31&models=era5&hourly=temperature_2m%2Crelative_humidity_2m%2Cprecipitation%2Cwind_speed_10m%2Cdew_point_2m&timezone=GMT&timeformat=unixtime&temperature_unit=celsius&wind_speed_unit=ms&precipitation_unit=mm&cell_selection=land"
"new-york-march-2020",40.7128,-74.006,"2020-03-01","2020-03-31","2020-03-28T07:00:00.000Z",9.2,54,0,3.75,0.2,"2020-03-28T06:00:00.000Z","2020-03-28T07:00:00.000Z",true,"","complete",744,744,744,"Open-Meteo","ERA5 (requested)","era5",,"modeled_reanalysis",40.75,-74,32,"2026-09-11T00:26:47.065Z",,,"land","provider default elevation adjustment","instant meteorology; precipitation sum over preceding hour ending at time","reanalysis-adapter-v1","Weather data by Open-Meteo; ERA5 by Copernicus Climate Change Service (C3S) / ECMWF","https://open-meteo.com/en/docs/historical-weather-api","https://archive-api.open-meteo.com/v1/archive?latitude=40.7128&longitude=-74.006&start_date=2020-03-01&end_date=2020-03-31&models=era5&hourly=temperature_2m%2Crelative_humidity_2m%2Cprecipitation%2Cwind_speed_10m%2Cdew_point_2m&timezone=GMT&timeformat=unixtime&temperature_unit=celsius&wind_speed_unit=ms&precipitation_unit=mm&cell_selection=land"
"new-york-march-2020",40.7128,-74.006,"2020-03-01","2020-03-31","2020-03-28T08:00:00.000Z",8.6,55,0,3.55,0,"2020-03-28T07:00:00.000Z","2020-03-28T08:00:00.000Z",true,"","complete",744,744,744,"Open-Meteo","ERA5 (requested)","era5",,"modeled_reanalysis",40.75,-74,32,"2026-09-11T00:26:47.065Z",,,"land","provider default elevation adjustment","instant meteorology; precipitation sum over preceding hour ending at time","reanalysis-adapter-v1","Weather data by Open-Meteo; ERA5 by Copernicus Climate Change Service (C3S) / ECMWF","https://open-meteo.com/en/docs/historical-weather-api","https://archive-api.open-meteo.com/v1/archive?latitude=40.7128&longitude=-74.006&start_date=2020-03-01&end_date=2020-03-31&models=era5&hourly=temperature_2m%2Crelative_humidity_2m%2Cprecipitation%2Cwind_speed_10m%2Cdew_point_2m&timezone=GMT&timeformat=unixtime&temperature_unit=celsius&wind_speed_unit=ms&precipitation_unit=mm&cell_selection=land"
"new-york-march-2020",40.7128,-74.006,"2020-03-01","2020-03-31","2020-03-28T09:00:00.000Z",7.8,58,0,3.5,0.1,"2020-03-28T08:00:00.000Z","2020-03-28T09:00:00.000Z",true,"","complete",744,744,744,"Open-Meteo","ERA5 (requested)","era5",,"modeled_reanalysis",40.75,-74,32,"2026-09-11T00:26:47.065Z",,,"land","provider default elevation adjustment","instant meteorology; precipitation sum over preceding hour ending at time","reanalysis-adapter-v1","Weather data by Open-Meteo; ERA5 by Copernicus Climate Change Service (C3S) / ECMWF","https://open-meteo.com/en/docs/historical-weather-api","https://archive-api.open-meteo.com/v1/archive?latitude=40.7128&longitude=-74.006&start_date=2020-03-01&end_date=2020-03-31&models=era5&hourly=temperature_2m%2Crelative_humidity_2m%2Cprecipitation%2Cwind_speed_10m%2Cdew_point_2m&timezone=GMT&timeformat=unixtime&temperature_unit=celsius&wind_speed_unit=ms&precipitation_unit=mm&cell_selection=land"
"new-york-march-2020",40.7128,-74.006,"2020-03-01","2020-03-31","2020-03-28T10:00:00.000Z",8,61,0,3.18,0.8,"2020-03-28T09:00:00.000Z","2020-03-28T10:00:00.000Z",true,"","complete",744,744,744,"Open-Meteo","ERA5 (requested)","era5",,"modeled_reanalysis",40.75,-74,32,"2026-09-11T00:26:47.065Z",,,"land","provider default elevation adjustment","instant meteorology; precipitation sum over preceding hour ending at time","reanalysis-adapter-v1","Weather data by Open-Meteo; ERA5 by Copernicus Climate Change Service (C3S) / ECMWF","https://open-meteo.com/en/docs/historical-weather-api","https://archive-api.open-meteo.com/v1/archive?latitude=40.7128&longitude=-74.006&start_date=2020-03-01&end_date=2020-03-31&models=era5&hourly=temperature_2m%2Crelative_humidity_2m%2Cprecipitation%2Cwind_speed_10m%2Cdew_point_2m&timezone=GMT&timeformat=unixtime&temperature_unit=celsius&wind_speed_unit=ms&precipitation_unit=mm&cell_selection=land"
"new-york-march-2020",40.7128,-74.006,"2020-03-01","2020-03-31","2020-03-28T11:00:00.000Z",7.9,63,0,3.83,1.2,"2020-03-28T10:00:00.000Z","2020-03-28T11:00:00.000Z",true,"","complete",744,744,744,"Open-Meteo","ERA5 (requested)","era5",,"modeled_reanalysis",40.75,-74,32,"2026-09-11T00:26:47.065Z",,,"land","provider default elevation adjustment","instant meteorology; precipitation sum over preceding hour ending at time","reanalysis-adapter-v1","Weather data by Open-Meteo; ERA5 by Copernicus Climate Change Service (C3S) / ECMWF","https://open-meteo.com/en/docs/historical-weather-api","https://archive-api.open-meteo.com/v1/archive?latitude=40.7128&longitude=-74.006&start_date=2020-03-01&end_date=2020-03-31&models=era5&hourly=temperature_2m%2Crelative_humidity_2m%2Cprecipitation%2Cwind_speed_10m%2Cdew_point_2m&timezone=GMT&timeformat=unixtime&temperature_unit=celsius&wind_speed_unit=ms&precipitation_unit=mm&cell_selection=land"
"new-york-march-2020",40.7128,-74.006,"2020-03-01","2020-03-31","2020-03-28T12:00:00.000Z",8.3,62,0,3.55,1.4,"2020-03-28T11:00:00.000Z","2020-03-28T12:00:00.000Z",true,"","complete",744,744,744,"Open-Meteo","ERA5 (requested)","era5",,"modeled_reanalysis",40.75,-74,32,"2026-09-11T00:26:47.065Z",,,"land","provider default elevation adjustment","instant meteorology; precipitation sum over preceding hour ending at time","reanalysis-adapter-v1","Weather data by Open-Meteo; ERA5 by Copernicus Climate Change Service (C3S) / ECMWF","https://open-meteo.com/en/docs/historical-weather-api","https://archive-api.open-meteo.com/v1/archive?latitude=40.7128&longitude=-74.006&start_date=2020-03-01&end_date=2020-03-31&models=era5&hourly=temperature_2m%2Crelative_humidity_2m%2Cprecipitation%2Cwind_speed_10m%2Cdew_point_2m&timezone=GMT&timeformat=unixtime&temperature_unit=celsius&wind_speed_unit=ms&precipitation_unit=mm&cell_selection=land"
"new-york-march-2020",40.7128,-74.006,"2020-03-01","2020-03-31","2020-03-28T13:00:00.000Z",8.7,61,0,2.69,1.5,"2020-03-28T12:00:00.000Z","2020-03-28T13:00:00.000Z",true,"","complete",744,744,744,"Open-Meteo","ERA5 (requested)","era5",,"modeled_reanalysis",40.75,-74,32,"2026-09-11T00:26:47.065Z",,,"land","provider default elevation adjustment","instant meteorology; precipitation sum over preceding hour ending at time","reanalysis-adapter-v1","Weather data by Open-Meteo; ERA5 by Copernicus Climate Change Service (C3S) / ECMWF","https://open-meteo.com/en/docs/historical-weather-api","https://archive-api.open-meteo.com/v1/archive?latitude=40.7128&longitude=-74.006&start_date=2020-03-01&end_date=2020-03-31&models=era5&hourly=temperature_2m%2Crelative_humidity_2m%2Cprecipitation%2Cwind_speed_10m%2Cdew_point_2m&timezone=GMT&timeformat=unixtime&temperature_unit=celsius&wind_speed_unit=ms&precipitation_unit=mm&cell_selection=land"
"new-york-march-2020",40.7128,-74.006,"2020-03-01","2020-03-31","2020-03-28T14:00:00.000Z",8.6,63,0,2.7,1.9,"2020-03-28T13:00:00.000Z","2020-03-28T14:00:00.000Z",true,"","complete",744,744,744,"Open-Meteo","ERA5 (requested)","era5",,"modeled_reanalysis",40.75,-74,32,"2026-09-11T00:26:47.065Z",,,"land","provider default elevation adjustment","instant meteorology; precipitation sum over preceding hour ending at time","reanalysis-adapter-v1","Weather data by Open-Meteo; ERA5 by Copernicus Climate Change Service (C3S) / ECMWF","https://open-meteo.com/en/docs/historical-weather-api","https://archive-api.open-meteo.com/v1/archive?latitude=40.7128&longitude=-74.006&start_date=2020-03-01&end_date=2020-03-31&models=era5&hourly=temperature_2m%2Crelative_humidity_2m%2Cprecipitation%2Cwind_speed_10m%2Cdew_point_2m&timezone=GMT&timeformat=unixtime&temperature_unit=celsius&wind_speed_unit=ms&precipitation_unit=mm&cell_selection=land"
"new-york-march-2020",40.7128,-74.006,"2020-03-01","2020-03-31","2020-03-28T15:00:00.000Z",8.9,64,0,2.8,2.4,"2020-03-28T14:00:00.000Z","2020-03-28T15:00:00.000Z",true,"","complete",744,744,744,"Open-Meteo","ERA5 (requested)","era5",,"modeled_reanalysis",40.75,-74,32,"2026-09-11T00:26:47.065Z",,,"land","provider default elevation adjustment","instant meteorology; precipitation sum over preceding hour ending at time","reanalysis-adapter-v1","Weather data by Open-Meteo; ERA5 by Copernicus Climate Change Service (C3S) / ECMWF","https://open-meteo.com/en/docs/historical-weather-api","https://archive-api.open-meteo.com/v1/archive?latitude=40.7128&longitude=-74.006&start_date=2020-03-01&end_date=2020-03-31&models=era5&hourly=temperature_2m%2Crelative_humidity_2m%2Cprecipitation%2Cwind_speed_10m%2Cdew_point_2m&timezone=GMT&timeformat=unixtime&temperature_unit=celsius&wind_speed_unit=ms&precipitation_unit=mm&cell_selection=land"
"new-york-march-2020",40.7128,-74.006,"2020-03-01","2020-03-31","2020-03-28T16:00:00.000Z",9,63,0.4,2.77,2.4,"2020-03-28T15:00:00.000Z","2020-03-28T16:00:00.000Z",true,"","complete",744,744,744,"Open-Meteo","ERA5 (requested)","era5",,"modeled_reanalysis",40.75,-74,32,"2026-09-11T00:26:47.065Z",,,"land","provider default elevation adjustment","instant meteorology; precipitation sum over preceding hour ending at time","reanalysis-adapter-v1","Weather data by Open-Meteo; ERA5 by Copernicus Climate Change Service (C3S) / ECMWF","https://open-meteo.com/en/docs/historical-weather-api","https://archive-api.open-meteo.com/v1/archive?latitude=40.7128&longitude=-74.006&start_date=2020-03-01&end_date=2020-03-31&models=era5&hourly=temperature_2m%2Crelative_humidity_2m%2Cprecipitation%2Cwind_speed_10m%2Cdew_point_2m&timezone=GMT&timeformat=unixtime&temperature_unit=celsius&wind_speed_unit=ms&precipitation_unit=mm&cell_selection=land"
"new-york-march-2020",40.7128,-74.006,"2020-03-01","2020-03-31","2020-03-28T17:00:00.000Z",8.6,73,1,2.73,4,"2020-03-28T16:00:00.000Z","2020-03-28T17:00:00.000Z",true,"","complete",744,744,744,"Open-Meteo","ERA5 (requested)","era5",,"modeled_reanalysis",40.75,-74,32,"2026-09-11T00:26:47.065Z",,,"land","provider default elevation adjustment","instant meteorology; precipitation sum over preceding hour ending at time","reanalysis-adapter-v1","Weather data by Open-Meteo; ERA5 by Copernicus Climate Change Service (C3S) / ECMWF","https://open-meteo.com/en/docs/historical-weather-api","https://archive-api.open-meteo.com/v1/archive?latitude=40.7128&longitude=-74.006&start_date=2020-03-01&end_date=2020-03-31&models=era5&hourly=temperature_2m%2Crelative_humidity_2m%2Cprecipitation%2Cwind_speed_10m%2Cdew_point_2m&timezone=GMT&timeformat=unixtime&temperature_unit=celsius&wind_speed_unit=ms&precipitation_unit=mm&cell_selection=land"
"new-york-march-2020",40.7128,-74.006,"2020-03-01","2020-03-31","2020-03-28T18:00:00.000Z",8.4,72,0.9,3.22,3.7,"2020-03-28T17:00:00.000Z","2020-03-28T18:00:00.000Z",true,"","complete",744,744,744,"Open-Meteo","ERA5 (requested)","era5",,"modeled_reanalysis",40.75,-74,32,"2026-09-11T00:26:47.065Z",,,"land","provider default elevation adjustment","instant meteorology; precipitation sum over preceding hour ending at time","reanalysis-adapter-v1","Weather data by Open-Meteo; ERA5 by Copernicus Climate Change Service (C3S) / ECMWF","https://open-meteo.com/en/docs/historical-weather-api","https://archive-api.open-meteo.com/v1/archive?latitude=40.7128&longitude=-74.006&start_date=2020-03-01&end_date=2020-03-31&models=era5&hourly=temperature_2m%2Crelative_humidity_2m%2Cprecipitation%2Cwind_speed_10m%2Cdew_point_2m&timezone=GMT&timeformat=unixtime&temperature_unit=celsius&wind_speed_unit=ms&precipitation_unit=mm&cell_selection=land"
"new-york-march-2020",40.7128,-74.006,"2020-03-01","2020-03-31","2020-03-28T19:00:00.000Z",8,74,2,3.23,3.6,"2020-03-28T18:00:00.000Z","2020-03-28T19:00:00.000Z",true,"","complete",744,744,744,"Open-Meteo","ERA5 (requested)","era5",,"modeled_reanalysis",40.75,-74,32,"2026-09-11T00:26:47.065Z",,,"land","provider default elevation adjustment","instant meteorology; precipitation sum over preceding hour ending at time","reanalysis-adapter-v1","Weather data by Open-Meteo; ERA5 by Copernicus Climate Change Service (C3S) / ECMWF","https://open-meteo.com/en/docs/historical-weather-api","https://archive-api.open-meteo.com/v1/archive?latitude=40.7128&longitude=-74.006&start_date=2020-03-01&end_date=2020-03-31&models=era5&hourly=temperature_2m%2Crelative_humidity_2m%2Cprecipitation%2Cwind_speed_10m%2Cdew_point_2m&timezone=GMT&timeformat=unixtime&temperature_unit=celsius&wind_speed_unit=ms&precipitation_unit=mm&cell_selection=land"
"new-york-march-2020",40.7128,-74.006,"2020-03-01","2020-03-31","2020-03-28T20:00:00.000Z",7.9,77,0,3.35,4.1,"2020-03-28T19:00:00.000Z","2020-03-28T20:00:00.000Z",true,"","complete",744,744,744,"Open-Meteo","ERA5 (requested)","era5",,"modeled_reanalysis",40.75,-74,32,"2026-09-11T00:26:47.065Z",,,"land","provider default elevation adjustment","instant meteorology; precipitation sum over preceding hour ending at time","reanalysis-adapter-v1","Weather data by Open-Meteo; ERA5 by Copernicus Climate Change Service (C3S) / ECMWF","https://open-meteo.com/en/docs/historical-weather-api","https://archive-api.open-meteo.com/v1/archive?latitude=40.7128&longitude=-74.006&start_date=2020-03-01&end_date=2020-03-31&models=era5&hourly=temperature_2m%2Crelative_humidity_2m%2Cprecipitation%2Cwind_speed_10m%2Cdew_point_2m&timezone=GMT&timeformat=unixtime&temperature_unit=celsius&wind_speed_unit=ms&precipitation_unit=mm&cell_selection=land"
"new-york-march-2020",40.7128,-74.006,"2020-03-01","2020-03-31","2020-03-28T21:00:00.000Z",7.7,79,0.2,3.64,4.2,"2020-03-28T20:00:00.000Z","2020-03-28T21:00:00.000Z",true,"","complete",744,744,744,"Open-Meteo","ERA5 (requested)","era5",,"modeled_reanalysis",40.75,-74,32,"2026-09-11T00:26:47.065Z",,,"land","provider default elevation adjustment","instant meteorology; precipitation sum over preceding hour ending at time","reanalysis-adapter-v1","Weather data by Open-Meteo; ERA5 by Copernicus Climate Change Service (C3S) / ECMWF","https://open-meteo.com/en/docs/historical-weather-api","https://archive-api.open-meteo.com/v1/archive?latitude=40.7128&longitude=-74.006&start_date=2020-03-01&end_date=2020-03-31&models=era5&hourly=temperature_2m%2Crelative_humidity_2m%2Cprecipitation%2Cwind_speed_10m%2Cdew_point_2m&timezone=GMT&timeformat=unixtime&temperature_unit=celsius&wind_speed_unit=ms&precipitation_unit=mm&cell_selection=land"
"new-york-march-2020",40.7128,-74.006,"2020-03-01","2020-03-31","2020-03-28T22:00:00.000Z",8.1,86,0.5,3.05,6,"2020-03-28T21:00:00.000Z","2020-03-28T22:00:00.000Z",true,"","complete",744,744,744,"Open-Meteo","ERA5 (requested)","era5",,"modeled_reanalysis",40.75,-74,32,"2026-09-11T00:26:47.065Z",,,"land","provider default elevation adjustment","instant meteorology; precipitation sum over preceding hour ending at time","reanalysis-adapter-v1","Weather data by Open-Meteo; ERA5 by Copernicus Climate Change Service (C3S) / ECMWF","https://open-meteo.com/en/docs/historical-weather-api","https://archive-api.open-meteo.com/v1/archive?latitude=40.7128&longitude=-74.006&start_date=2020-03-01&end_date=2020-03-31&models=era5&hourly=temperature_2m%2Crelative_humidity_2m%2Cprecipitation%2Cwind_speed_10m%2Cdew_point_2m&timezone=GMT&timeformat=unixtime&temperature_unit=celsius&wind_speed_unit=ms&precipitation_unit=mm&cell_selection=land"
"new-york-march-2020",40.7128,-74.006,"2020-03-01","2020-03-31","2020-03-28T23:00:00.000Z",8,87,0.3,3.64,6,"2020-03-28T22:00:00.000Z","2020-03-28T23:00:00.000Z",true,"","complete",744,744,744,"Open-Meteo","ERA5 (requested)","era5",,"modeled_reanalysis",40.75,-74,32,"2026-09-11T00:26:47.065Z",,,"land","provider default elevation adjustment","instant meteorology; precipitation sum over preceding hour ending at time","reanalysis-adapter-v1","Weather data by Open-Meteo; ERA5 by Copernicus Climate Change Service (C3S) / ECMWF","https://open-meteo.com/en/docs/historical-weather-api","https://archive-api.open-meteo.com/v1/archive?latitude=40.7128&longitude=-74.006&start_date=2020-03-01&end_date=2020-03-31&models=era5&hourly=temperature_2m%2Crelative_humidity_2m%2Cprecipitation%2Cwind_speed_10m%2Cdew_point_2m&timezone=GMT&timeformat=unixtime&temperature_unit=celsius&wind_speed_unit=ms&precipitation_unit=mm&cell_selection=land"
"new-york-march-2020",40.7128,-74.006,"2020-03-01","2020-03-31","2020-03-29T00:00:00.000Z",7.9,89,0.5,3.5,6.2,"2020-03-28T23:00:00.000Z","2020-03-29T00:00:00.000Z",true,"","complete",744,744,744,"Open-Meteo","ERA5 (requested)","era5",,"modeled_reanalysis",40.75,-74,32,"2026-09-11T00:26:47.065Z",,,"land","provider default elevation adjustment","instant meteorology; precipitation sum over preceding hour ending at time","reanalysis-adapter-v1","Weather data by Open-Meteo; ERA5 by Copernicus Climate Change Service (C3S) / ECMWF","https://open-meteo.com/en/docs/historical-weather-api","https://archive-api.open-meteo.com/v1/archive?latitude=40.7128&longitude=-74.006&start_date=2020-03-01&end_date=2020-03-31&models=era5&hourly=temperature_2m%2Crelative_humidity_2m%2Cprecipitation%2Cwind_speed_10m%2Cdew_point_2m&timezone=GMT&timeformat=unixtime&temperature_unit=celsius&wind_speed_unit=ms&precipitation_unit=mm&cell_selection=land"
"new-york-march-2020",40.7128,-74.006,"2020-03-01","2020-03-31","2020-03-29T01:00:00.000Z",8.1,89,0.4,3.94,6.4,"2020-03-29T00:00:00.000Z","2020-03-29T01:00:00.000Z",true,"","complete",744,744,744,"Open-Meteo","ERA5 (requested)","era5",,"modeled_reanalysis",40.75,-74,32,"2026-09-11T00:26:47.065Z",,,"land","provider default elevation adjustment","instant meteorology; precipitation sum over preceding hour ending at time","reanalysis-adapter-v1","Weather data by Open-Meteo; ERA5 by Copernicus Climate Change Service (C3S) / ECMWF","https://open-meteo.com/en/docs/historical-weather-api","https://archive-api.open-meteo.com/v1/archive?latitude=40.7128&longitude=-74.006&start_date=2020-03-01&end_date=2020-03-31&models=era5&hourly=temperature_2m%2Crelative_humidity_2m%2Cprecipitation%2Cwind_speed_10m%2Cdew_point_2m&timezone=GMT&timeformat=unixtime&temperature_unit=celsius&wind_speed_unit=ms&precipitation_unit=mm&cell_selection=land"
"new-york-march-2020",40.7128,-74.006,"2020-03-01","2020-03-31","2020-03-29T02:00:00.000Z",8.3,90,0.2,4.85,6.7,"2020-03-29T01:00:00.000Z","2020-03-29T02:00:00.000Z",true,"","complete",744,744,744,"Open-Meteo","ERA5 (requested)","era5",,"modeled_reanalysis",40.75,-74,32,"2026-09-11T00:26:47.065Z",,,"land","provider default elevation adjustment","instant meteorology; precipitation sum over preceding hour ending at time","reanalysis-adapter-v1","Weather data by Open-Meteo; ERA5 by Copernicus Climate Change Service (C3S) / ECMWF","https://open-meteo.com/en/docs/historical-weather-api","https://archive-api.open-meteo.com/v1/archive?latitude=40.7128&longitude=-74.006&start_date=2020-03-01&end_date=2020-03-31&models=era5&hourly=temperature_2m%2Crelative_humidity_2m%2Cprecipitation%2Cwind_speed_10m%2Cdew_point_2m&timezone=GMT&timeformat=unixtime&temperature_unit=celsius&wind_speed_unit=ms&precipitation_unit=mm&cell_selection=land"
"new-york-march-2020",40.7128,-74.006,"2020-03-01","2020-03-31","2020-03-29T03:00:00.000Z",8.4,91,0.4,4.61,7,"2020-03-29T02:00:00.000Z","2020-03-29T03:00:00.000Z",true,"","complete",744,744,744,"Open-Meteo","ERA5 (requested)","era5",,"modeled_reanalysis",40.75,-74,32,"2026-09-11T00:26:47.065Z",,,"land","provider default elevation adjustment","instant meteorology; precipitation sum over preceding hour ending at time","reanalysis-adapter-v1","Weather data by Open-Meteo; ERA5 by Copernicus Climate Change Service (C3S) / ECMWF","https://open-meteo.com/en/docs/historical-weather-api","https://archive-api.open-meteo.com/v1/archive?latitude=40.7128&longitude=-74.006&start_date=2020-03-01&end_date=2020-03-31&models=era5&hourly=temperature_2m%2Crelative_humidity_2m%2Cprecipitation%2Cwind_speed_10m%2Cdew_point_2m&timezone=GMT&timeformat=unixtime&temperature_unit=celsius&wind_speed_unit=ms&precipitation_unit=mm&cell_selection=land"
"new-york-march-2020",40.7128,-74.006,"2020-03-01","2020-03-31","2020-03-29T04:00:00.000Z",8.5,91,0.1,4.46,7.1,"2020-03-29T03:00:00.000Z","2020-03-29T04:00:00.000Z",true,"","complete",744,744,744,"Open-Meteo","ERA5 (requested)","era5",,"modeled_reanalysis",40.75,-74,32,"2026-09-11T00:26:47.065Z",,,"land","provider default elevation adjustment","instant meteorology; precipitation sum over preceding hour ending at time","reanalysis-adapter-v1","Weather data by Open-Meteo; ERA5 by Copernicus Climate Change Service (C3S) / ECMWF","https://open-meteo.com/en/docs/historical-weather-api","https://archive-api.open-meteo.com/v1/archive?latitude=40.7128&longitude=-74.006&start_date=2020-03-01&end_date=2020-03-31&models=era5&hourly=temperature_2m%2Crelative_humidity_2m%2Cprecipitation%2Cwind_speed_10m%2Cdew_point_2m&timezone=GMT&timeformat=unixtime&temperature_unit=celsius&wind_speed_unit=ms&precipitation_unit=mm&cell_selection=land"
"new-york-march-2020",40.7128,-74.006,"2020-03-01","2020-03-31","2020-03-29T05:00:00.000Z",8.5,92,0.2,4.17,7.3,"2020-03-29T04:00:00.000Z","2020-03-29T05:00:00.000Z",true,"","complete",744,744,744,"Open-Meteo","ERA5 (requested)","era5",,"modeled_reanalysis",40.75,-74,32,"2026-09-11T00:26:47.065Z",,,"land","provider default elevation adjustment","instant meteorology; precipitation sum over preceding hour ending at time","reanalysis-adapter-v1","Weather data by Open-Meteo; ERA5 by Copernicus Climate Change Service (C3S) / ECMWF","https://open-meteo.com/en/docs/historical-weather-api","https://archive-api.open-meteo.com/v1/archive?latitude=40.7128&longitude=-74.006&start_date=2020-03-01&end_date=2020-03-31&models=era5&hourly=temperature_2m%2Crelative_humidity_2m%2Cprecipitation%2Cwind_speed_10m%2Cdew_point_2m&timezone=GMT&timeformat=unixtime&temperature_unit=celsius&wind_speed_unit=ms&precipitation_unit=mm&cell_selection=land"
"new-york-march-2020",40.7128,-74.006,"2020-03-01","2020-03-31","2020-03-29T06:00:00.000Z",8.4,92,0,4.31,7.2,"2020-03-29T05:00:00.000Z","2020-03-29T06:00:00.000Z",true,"","complete",744,744,744,"Open-Meteo","ERA5 (requested)","era5",,"modeled_reanalysis",40.75,-74,32,"2026-09-11T00:26:47.065Z",,,"land","provider default elevation adjustment","instant meteorology; precipitation sum over preceding hour ending at time","reanalysis-adapter-v1","Weather data by Open-Meteo; ERA5 by Copernicus Climate Change Service (C3S) / ECMWF","https://open-meteo.com/en/docs/historical-weather-api","https://archive-api.open-meteo.com/v1/archive?latitude=40.7128&longitude=-74.006&start_date=2020-03-01&end_date=2020-03-31&models=era5&hourly=temperature_2m%2Crelative_humidity_2m%2Cprecipitation%2Cwind_speed_10m%2Cdew_point_2m&timezone=GMT&timeformat=unixtime&temperature_unit=celsius&wind_speed_unit=ms&precipitation_unit=mm&cell_selection=land"
"new-york-march-2020",40.7128,-74.006,"2020-03-01","2020-03-31","2020-03-29T07:00:00.000Z",8.2,92,0.1,4.74,7,"2020-03-29T06:00:00.000Z","2020-03-29T07:00:00.000Z",true,"","complete",744,744,744,"Open-Meteo","ERA5 (requested)","era5",,"modeled_reanalysis",40.75,-74,32,"2026-09-11T00:26:47.065Z",,,"land","provider default elevation adjustment","instant meteorology; precipitation sum over preceding hour ending at time","reanalysis-adapter-v1","Weather data by Open-Meteo; ERA5 by Copernicus Climate Change Service (C3S) / ECMWF","https://open-meteo.com/en/docs/historical-weather-api","https://archive-api.open-meteo.com/v1/archive?latitude=40.7128&longitude=-74.006&start_date=2020-03-01&end_date=2020-03-31&models=era5&hourly=temperature_2m%2Crelative_humidity_2m%2Cprecipitation%2Cwind_speed_10m%2Cdew_point_2m&timezone=GMT&timeformat=unixtime&temperature_unit=celsius&wind_speed_unit=ms&precipitation_unit=mm&cell_selection=land"
"new-york-march-2020",40.7128,-74.006,"2020-03-01","2020-03-31","2020-03-29T08:00:00.000Z",8.2,92,0.3,4.9,7,"2020-03-29T07:00:00.000Z","2020-03-29T08:00:00.000Z",true,"","complete",744,744,744,"Open-Meteo","ERA5 (requested)","era5",,"modeled_reanalysis",40.75,-74,32,"2026-09-11T00:26:47.065Z",,,"land","provider default elevation adjustment","instant meteorology; precipitation sum over preceding hour ending at time","reanalysis-adapter-v1","Weather data by Open-Meteo; ERA5 by Copernicus Climate Change Service (C3S) / ECMWF","https://open-meteo.com/en/docs/historical-weather-api","https://archive-api.open-meteo.com/v1/archive?latitude=40.7128&longitude=-74.006&start_date=2020-03-01&end_date=2020-03-31&models=era5&hourly=temperature_2m%2Crelative_humidity_2m%2Cprecipitation%2Cwind_speed_10m%2Cdew_point_2m&timezone=GMT&timeformat=unixtime&temperature_unit=celsius&wind_speed_unit=ms&precipitation_unit=mm&cell_selection=land"
"new-york-march-2020",40.7128,-74.006,"2020-03-01","2020-03-31","2020-03-29T09:00:00.000Z",8,92,0.5,5.15,6.8,"2020-03-29T08:00:00.000Z","2020-03-29T09:00:00.000Z",true,"","complete",744,744,744,"Open-Meteo","ERA5 (requested)","era5",,"modeled_reanalysis",40.75,-74,32,"2026-09-11T00:26:47.065Z",,,"land","provider default elevation adjustment","instant meteorology; precipitation sum over preceding hour ending at time","reanalysis-adapter-v1","Weather data by Open-Meteo; ERA5 by Copernicus Climate Change Service (C3S) / ECMWF","https://open-meteo.com/en/docs/historical-weather-api","https://archive-api.open-meteo.com/v1/archive?latitude=40.7128&longitude=-74.006&start_date=2020-03-01&end_date=2020-03-31&models=era5&hourly=temperature_2m%2Crelative_humidity_2m%2Cprecipitation%2Cwind_speed_10m%2Cdew_point_2m&timezone=GMT&timeformat=unixtime&temperature_unit=celsius&wind_speed_unit=ms&precipitation_unit=mm&cell_selection=land"
"new-york-march-2020",40.7128,-74.006,"2020-03-01","2020-03-31","2020-03-29T10:00:00.000Z",8.2,94,0,3.96,7.2,"2020-03-29T09:00:00.000Z","2020-03-29T10:00:00.000Z",true,"","complete",744,744,744,"Open-Meteo","ERA5 (requested)","era5",,"modeled_reanalysis",40.75,-74,32,"2026-09-11T00:26:47.065Z",,,"land","provider default elevation adjustment","instant meteorology; precipitation sum over preceding hour ending at time","reanalysis-adapter-v1","Weather data by Open-Meteo; ERA5 by Copernicus Climate Change Service (C3S) / ECMWF","https://open-meteo.com/en/docs/historical-weather-api","https://archive-api.open-meteo.com/v1/archive?latitude=40.7128&longitude=-74.006&start_date=2020-03-01&end_date=2020-03-31&models=era5&hourly=temperature_2m%2Crelative_humidity_2m%2Cprecipitation%2Cwind_speed_10m%2Cdew_point_2m&timezone=GMT&timeformat=unixtime&temperature_unit=celsius&wind_speed_unit=ms&precipitation_unit=mm&cell_selection=land"
"new-york-march-2020",40.7128,-74.006,"2020-03-01","2020-03-31","2020-03-29T11:00:00.000Z",8.3,94,0,3.89,7.4,"2020-03-29T10:00:00.000Z","2020-03-29T11:00:00.000Z",true,"","complete",744,744,744,"Open-Meteo","ERA5 (requested)","era5",,"modeled_reanalysis",40.75,-74,32,"2026-09-11T00:26:47.065Z",,,"land","provider default elevation adjustment","instant meteorology; precipitation sum over preceding hour ending at time","reanalysis-adapter-v1","Weather data by Open-Meteo; ERA5 by Copernicus Climate Change Service (C3S) / ECMWF","https://open-meteo.com/en/docs/historical-weather-api","https://archive-api.open-meteo.com/v1/archive?latitude=40.7128&longitude=-74.006&start_date=2020-03-01&end_date=2020-03-31&models=era5&hourly=temperature_2m%2Crelative_humidity_2m%2Cprecipitation%2Cwind_speed_10m%2Cdew_point_2m&timezone=GMT&timeformat=unixtime&temperature_unit=celsius&wind_speed_unit=ms&precipitation_unit=mm&cell_selection=land"
"new-york-march-2020",40.7128,-74.006,"2020-03-01","2020-03-31","2020-03-29T12:00:00.000Z",8.5,92,0,3.69,7.3,"2020-03-29T11:00:00.000Z","2020-03-29T12:00:00.000Z",true,"","complete",744,744,744,"Open-Meteo","ERA5 (requested)","era5",,"modeled_reanalysis",40.75,-74,32,"2026-09-11T00:26:47.065Z",,,"land","provider default elevation adjustment","instant meteorology; precipitation sum over preceding hour ending at time","reanalysis-adapter-v1","Weather data by Open-Meteo; ERA5 by Copernicus Climate Change Service (C3S) / ECMWF","https://open-meteo.com/en/docs/historical-weather-api","https://archive-api.open-meteo.com/v1/archive?latitude=40.7128&longitude=-74.006&start_date=2020-03-01&end_date=2020-03-31&models=era5&hourly=temperature_2m%2Crelative_humidity_2m%2Cprecipitation%2Cwind_speed_10m%2Cdew_point_2m&timezone=GMT&timeformat=unixtime&temperature_unit=celsius&wind_speed_unit=ms&precipitation_unit=mm&cell_selection=land"
"new-york-march-2020",40.7128,-74.006,"2020-03-01","2020-03-31","2020-03-29T13:00:00.000Z",8.8,91,0,4.34,7.4,"2020-03-29T12:00:00.000Z","2020-03-29T13:00:00.000Z",true,"","complete",744,744,744,"Open-Meteo","ERA5 (requested)","era5",,"modeled_reanalysis",40.75,-74,32,"2026-09-11T00:26:47.065Z",,,"land","provider default elevation adjustment","instant meteorology; precipitation sum over preceding hour ending at time","reanalysis-adapter-v1","Weather data by Open-Meteo; ERA5 by Copernicus Climate Change Service (C3S) / ECMWF","https://open-meteo.com/en/docs/historical-weather-api","https://archive-api.open-meteo.com/v1/archive?latitude=40.7128&longitude=-74.006&start_date=2020-03-01&end_date=2020-03-31&models=era5&hourly=temperature_2m%2Crelative_humidity_2m%2Cprecipitation%2Cwind_speed_10m%2Cdew_point_2m&timezone=GMT&timeformat=unixtime&temperature_unit=celsius&wind_speed_unit=ms&precipitation_unit=mm&cell_selection=land"
"new-york-march-2020",40.7128,-74.006,"2020-03-01","2020-03-31","2020-03-29T14:00:00.000Z",9,90,0,3.94,7.5,"2020-03-29T13:00:00.000Z","2020-03-29T14:00:00.000Z",true,"","complete",744,744,744,"Open-Meteo","ERA5 (requested)","era5",,"modeled_reanalysis",40.75,-74,32,"2026-09-11T00:26:47.065Z",,,"land","provider default elevation adjustment","instant meteorology; precipitation sum over preceding hour ending at time","reanalysis-adapter-v1","Weather data by Open-Meteo; ERA5 by Copernicus Climate Change Service (C3S) / ECMWF","https://open-meteo.com/en/docs/historical-weather-api","https://archive-api.open-meteo.com/v1/archive?latitude=40.7128&longitude=-74.006&start_date=2020-03-01&end_date=2020-03-31&models=era5&hourly=temperature_2m%2Crelative_humidity_2m%2Cprecipitation%2Cwind_speed_10m%2Cdew_point_2m&timezone=GMT&timeformat=unixtime&temperature_unit=celsius&wind_speed_unit=ms&precipitation_unit=mm&cell_selection=land"
"new-york-march-2020",40.7128,-74.006,"2020-03-01","2020-03-31","2020-03-29T15:00:00.000Z",9.7,87,0,3.33,7.7,"2020-03-29T14:00:00.000Z","2020-03-29T15:00:00.000Z",true,"","complete",744,744,744,"Open-Meteo","ERA5 (requested)","era5",,"modeled_reanalysis",40.75,-74,32,"2026-09-11T00:26:47.065Z",,,"land","provider default elevation adjustment","instant meteorology; precipitation sum over preceding hour ending at time","reanalysis-adapter-v1","Weather data by Open-Meteo; ERA5 by Copernicus Climate Change Service (C3S) / ECMWF","https://open-meteo.com/en/docs/historical-weather-api","https://archive-api.open-meteo.com/v1/archive?latitude=40.7128&longitude=-74.006&start_date=2020-03-01&end_date=2020-03-31&models=era5&hourly=temperature_2m%2Crelative_humidity_2m%2Cprecipitation%2Cwind_speed_10m%2Cdew_point_2m&timezone=GMT&timeformat=unixtime&temperature_unit=celsius&wind_speed_unit=ms&precipitation_unit=mm&cell_selection=land"
"new-york-march-2020",40.7128,-74.006,"2020-03-01","2020-03-31","2020-03-29T16:00:00.000Z",9.3,89,0.6,4.62,7.6,"2020-03-29T15:00:00.000Z","2020-03-29T16:00:00.000Z",true,"","complete",744,744,744,"Open-Meteo","ERA5 (requested)","era5",,"modeled_reanalysis",40.75,-74,32,"2026-09-11T00:26:47.065Z",,,"land","provider default elevation adjustment","instant meteorology; precipitation sum over preceding hour ending at time","reanalysis-adapter-v1","Weather data by Open-Meteo; ERA5 by Copernicus Climate Change Service (C3S) / ECMWF","https://open-meteo.com/en/docs/historical-weather-api","https://archive-api.open-meteo.com/v1/archive?latitude=40.7128&longitude=-74.006&start_date=2020-03-01&end_date=2020-03-31&models=era5&hourly=temperature_2m%2Crelative_humidity_2m%2Cprecipitation%2Cwind_speed_10m%2Cdew_point_2m&timezone=GMT&timeformat=unixtime&temperature_unit=celsius&wind_speed_unit=ms&precipitation_unit=mm&cell_selection=land"
"new-york-march-2020",40.7128,-74.006,"2020-03-01","2020-03-31","2020-03-29T17:00:00.000Z",9.5,87,0,4.05,7.5,"2020-03-29T16:00:00.000Z","2020-03-29T17:00:00.000Z",true,"","complete",744,744,744,"Open-Meteo","ERA5 (requested)","era5",,"modeled_reanalysis",40.75,-74,32,"2026-09-11T00:26:47.065Z",,,"land","provider default elevation adjustment","instant meteorology; precipitation sum over preceding hour ending at time","reanalysis-adapter-v1","Weather data by Open-Meteo; ERA5 by Copernicus Climate Change Service (C3S) / ECMWF","https://open-meteo.com/en/docs/historical-weather-api","https://archive-api.open-meteo.com/v1/archive?latitude=40.7128&longitude=-74.006&start_date=2020-03-01&end_date=2020-03-31&models=era5&hourly=temperature_2m%2Crelative_humidity_2m%2Cprecipitation%2Cwind_speed_10m%2Cdew_point_2m&timezone=GMT&timeformat=unixtime&temperature_unit=celsius&wind_speed_unit=ms&precipitation_unit=mm&cell_selection=land"
"new-york-march-2020",40.7128,-74.006,"2020-03-01","2020-03-31","2020-03-29T18:00:00.000Z",9.3,88,0,3.98,7.4,"2020-03-29T17:00:00.000Z","2020-03-29T18:00:00.000Z",true,"","complete",744,744,744,"Open-Meteo","ERA5 (requested)","era5",,"modeled_reanalysis",40.75,-74,32,"2026-09-11T00:26:47.065Z",,,"land","provider default elevation adjustment","instant meteorology; precipitation sum over preceding hour ending at time","reanalysis-adapter-v1","Weather data by Open-Meteo; ERA5 by Copernicus Climate Change Service (C3S) / ECMWF","https://open-meteo.com/en/docs/historical-weather-api","https://archive-api.open-meteo.com/v1/archive?latitude=40.7128&longitude=-74.006&start_date=2020-03-01&end_date=2020-03-31&models=era5&hourly=temperature_2m%2Crelative_humidity_2m%2Cprecipitation%2Cwind_speed_10m%2Cdew_point_2m&timezone=GMT&timeformat=unixtime&temperature_unit=celsius&wind_speed_unit=ms&precipitation_unit=mm&cell_selection=land"
"new-york-march-2020",40.7128,-74.006,"2020-03-01","2020-03-31","2020-03-29T19:00:00.000Z",8.9,89,0,4.15,7.2,"2020-03-29T18:00:00.000Z","2020-03-29T19:00:00.000Z",true,"","complete",744,744,744,"Open-Meteo","ERA5 (requested)","era5",,"modeled_reanalysis",40.75,-74,32,"2026-09-11T00:26:47.065Z",,,"land","provider default elevation adjustment","instant meteorology; precipitation sum over preceding hour ending at time","reanalysis-adapter-v1","Weather data by Open-Meteo; ERA5 by Copernicus Climate Change Service (C3S) / ECMWF","https://open-meteo.com/en/docs/historical-weather-api","https://archive-api.open-meteo.com/v1/archive?latitude=40.7128&longitude=-74.006&start_date=2020-03-01&end_date=2020-03-31&models=era5&hourly=temperature_2m%2Crelative_humidity_2m%2Cprecipitation%2Cwind_speed_10m%2Cdew_point_2m&timezone=GMT&timeformat=unixtime&temperature_unit=celsius&wind_speed_unit=ms&precipitation_unit=mm&cell_selection=land"
"new-york-march-2020",40.7128,-74.006,"2020-03-01","2020-03-31","2020-03-29T20:00:00.000Z",8.7,89,0,3.85,6.9,"2020-03-29T19:00:00.000Z","2020-03-29T20:00:00.000Z",true,"","complete",744,744,744,"Open-Meteo","ERA5 (requested)","era5",,"modeled_reanalysis",40.75,-74,32,"2026-09-11T00:26:47.065Z",,,"land","provider default elevation adjustment","instant meteorology; precipitation sum over preceding hour ending at time","reanalysis-adapter-v1","Weather data by Open-Meteo; ERA5 by Copernicus Climate Change Service (C3S) / ECMWF","https://open-meteo.com/en/docs/historical-weather-api","https://archive-api.open-meteo.com/v1/archive?latitude=40.7128&longitude=-74.006&start_date=2020-03-01&end_date=2020-03-31&models=era5&hourly=temperature_2m%2Crelative_humidity_2m%2Cprecipitation%2Cwind_speed_10m%2Cdew_point_2m&timezone=GMT&timeformat=unixtime&temperature_unit=celsius&wind_speed_unit=ms&precipitation_unit=mm&cell_selection=land"
"new-york-march-2020",40.7128,-74.006,"2020-03-01","2020-03-31","2020-03-29T21:00:00.000Z",8.5,87,0,2.82,6.4,"2020-03-29T20:00:00.000Z","2020-03-29T21:00:00.000Z",true,"","complete",744,744,744,"Open-Meteo","ERA5 (requested)","era5",,"modeled_reanalysis",40.75,-74,32,"2026-09-11T00:26:47.065Z",,,"land","provider default elevation adjustment","instant meteorology; precipitation sum over preceding hour ending at time","reanalysis-adapter-v1","Weather data by Open-Meteo; ERA5 by Copernicus Climate Change Service (C3S) / ECMWF","https://open-meteo.com/en/docs/historical-weather-api","https://archive-api.open-meteo.com/v1/archive?latitude=40.7128&longitude=-74.006&start_date=2020-03-01&end_date=2020-03-31&models=era5&hourly=temperature_2m%2Crelative_humidity_2m%2Cprecipitation%2Cwind_speed_10m%2Cdew_point_2m&timezone=GMT&timeformat=unixtime&temperature_unit=celsius&wind_speed_unit=ms&precipitation_unit=mm&cell_selection=land"
"new-york-march-2020",40.7128,-74.006,"2020-03-01","2020-03-31","2020-03-29T22:00:00.000Z",8.1,93,0,3.56,7,"2020-03-29T21:00:00.000Z","2020-03-29T22:00:00.000Z",true,"","complete",744,744,744,"Open-Meteo","ERA5 (requested)","era5",,"modeled_reanalysis",40.75,-74,32,"2026-09-11T00:26:47.065Z",,,"land","provider default elevation adjustment","instant meteorology; precipitation sum over preceding hour ending at time","reanalysis-adapter-v1","Weather data by Open-Meteo; ERA5 by Copernicus Climate Change Service (C3S) / ECMWF","https://open-meteo.com/en/docs/historical-weather-api","https://archive-api.open-meteo.com/v1/archive?latitude=40.7128&longitude=-74.006&start_date=2020-03-01&end_date=2020-03-31&models=era5&hourly=temperature_2m%2Crelative_humidity_2m%2Cprecipitation%2Cwind_speed_10m%2Cdew_point_2m&timezone=GMT&timeformat=unixtime&temperature_unit=celsius&wind_speed_unit=ms&precipitation_unit=mm&cell_selection=land"
"new-york-march-2020",40.7128,-74.006,"2020-03-01","2020-03-31","2020-03-29T23:00:00.000Z",8.1,92,0,4.04,6.8,"2020-03-29T22:00:00.000Z","2020-03-29T23:00:00.000Z",true,"","complete",744,744,744,"Open-Meteo","ERA5 (requested)","era5",,"modeled_reanalysis",40.75,-74,32,"2026-09-11T00:26:47.065Z",,,"land","provider default elevation adjustment","instant meteorology; precipitation sum over preceding hour ending at time","reanalysis-adapter-v1","Weather data by Open-Meteo; ERA5 by Copernicus Climate Change Service (C3S) / ECMWF","https://open-meteo.com/en/docs/historical-weather-api","https://archive-api.open-meteo.com/v1/archive?latitude=40.7128&longitude=-74.006&start_date=2020-03-01&end_date=2020-03-31&models=era5&hourly=temperature_2m%2Crelative_humidity_2m%2Cprecipitation%2Cwind_speed_10m%2Cdew_point_2m&timezone=GMT&timeformat=unixtime&temperature_unit=celsius&wind_speed_unit=ms&precipitation_unit=mm&cell_selection=land"
"new-york-march-2020",40.7128,-74.006,"2020-03-01","2020-03-31","2020-03-30T00:00:00.000Z",8.1,92,0,3.19,6.8,"2020-03-29T23:00:00.000Z","2020-03-30T00:00:00.000Z",true,"","complete",744,744,744,"Open-Meteo","ERA5 (requested)","era5",,"modeled_reanalysis",40.75,-74,32,"2026-09-11T00:26:47.065Z",,,"land","provider default elevation adjustment","instant meteorology; precipitation sum over preceding hour ending at time","reanalysis-adapter-v1","Weather data by Open-Meteo; ERA5 by Copernicus Climate Change Service (C3S) / ECMWF","https://open-meteo.com/en/docs/historical-weather-api","https://archive-api.open-meteo.com/v1/archive?latitude=40.7128&longitude=-74.006&start_date=2020-03-01&end_date=2020-03-31&models=era5&hourly=temperature_2m%2Crelative_humidity_2m%2Cprecipitation%2Cwind_speed_10m%2Cdew_point_2m&timezone=GMT&timeformat=unixtime&temperature_unit=celsius&wind_speed_unit=ms&precipitation_unit=mm&cell_selection=land"
"new-york-march-2020",40.7128,-74.006,"2020-03-01","2020-03-31","2020-03-30T01:00:00.000Z",8.2,92,0,3.22,6.9,"2020-03-30T00:00:00.000Z","2020-03-30T01:00:00.000Z",true,"","complete",744,744,744,"Open-Meteo","ERA5 (requested)","era5",,"modeled_reanalysis",40.75,-74,32,"2026-09-11T00:26:47.065Z",,,"land","provider default elevation adjustment","instant meteorology; precipitation sum over preceding hour ending at time","reanalysis-adapter-v1","Weather data by Open-Meteo; ERA5 by Copernicus Climate Change Service (C3S) / ECMWF","https://open-meteo.com/en/docs/historical-weather-api","https://archive-api.open-meteo.com/v1/archive?latitude=40.7128&longitude=-74.006&start_date=2020-03-01&end_date=2020-03-31&models=era5&hourly=temperature_2m%2Crelative_humidity_2m%2Cprecipitation%2Cwind_speed_10m%2Cdew_point_2m&timezone=GMT&timeformat=unixtime&temperature_unit=celsius&wind_speed_unit=ms&precipitation_unit=mm&cell_selection=land"
"new-york-march-2020",40.7128,-74.006,"2020-03-01","2020-03-31","2020-03-30T02:00:00.000Z",8.4,92,0,3.22,7.1,"2020-03-30T01:00:00.000Z","2020-03-30T02:00:00.000Z",true,"","complete",744,744,744,"Open-Meteo","ERA5 (requested)","era5",,"modeled_reanalysis",40.75,-74,32,"2026-09-11T00:26:47.065Z",,,"land","provider default elevation adjustment","instant meteorology; precipitation sum over preceding hour ending at time","reanalysis-adapter-v1","Weather data by Open-Meteo; ERA5 by Copernicus Climate Change Service (C3S) / ECMWF","https://open-meteo.com/en/docs/historical-weather-api","https://archive-api.open-meteo.com/v1/archive?latitude=40.7128&longitude=-74.006&start_date=2020-03-01&end_date=2020-03-31&models=era5&hourly=temperature_2m%2Crelative_humidity_2m%2Cprecipitation%2Cwind_speed_10m%2Cdew_point_2m&timezone=GMT&timeformat=unixtime&temperature_unit=celsius&wind_speed_unit=ms&precipitation_unit=mm&cell_selection=land"
"new-york-march-2020",40.7128,-74.006,"2020-03-01","2020-03-31","2020-03-30T03:00:00.000Z",8.2,92,0,3.08,6.9,"2020-03-30T02:00:00.000Z","2020-03-30T03:00:00.000Z",true,"","complete",744,744,744,"Open-Meteo","ERA5 (requested)","era5",,"modeled_reanalysis",40.75,-74,32,"2026-09-11T00:26:47.065Z",,,"land","provider default elevation adjustment","instant meteorology; precipitation sum over preceding hour ending at time","reanalysis-adapter-v1","Weather data by Open-Meteo; ERA5 by Copernicus Climate Change Service (C3S) / ECMWF","https://open-meteo.com/en/docs/historical-weather-api","https://archive-api.open-meteo.com/v1/archive?latitude=40.7128&longitude=-74.006&start_date=2020-03-01&end_date=2020-03-31&models=era5&hourly=temperature_2m%2Crelative_humidity_2m%2Cprecipitation%2Cwind_speed_10m%2Cdew_point_2m&timezone=GMT&timeformat=unixtime&temperature_unit=celsius&wind_speed_unit=ms&precipitation_unit=mm&cell_selection=land"
"new-york-march-2020",40.7128,-74.006,"2020-03-01","2020-03-31","2020-03-30T04:00:00.000Z",8.2,91,0,2.75,6.8,"2020-03-30T03:00:00.000Z","2020-03-30T04:00:00.000Z",true,"","complete",744,744,744,"Open-Meteo","ERA5 (requested)","era5",,"modeled_reanalysis",40.75,-74,32,"2026-09-11T00:26:47.065Z",,,"land","provider default elevation adjustment","instant meteorology; precipitation sum over preceding hour ending at time","reanalysis-adapter-v1","Weather data by Open-Meteo; ERA5 by Copernicus Climate Change Service (C3S) / ECMWF","https://open-meteo.com/en/docs/historical-weather-api","https://archive-api.open-meteo.com/v1/archive?latitude=40.7128&longitude=-74.006&start_date=2020-03-01&end_date=2020-03-31&models=era5&hourly=temperature_2m%2Crelative_humidity_2m%2Cprecipitation%2Cwind_speed_10m%2Cdew_point_2m&timezone=GMT&timeformat=unixtime&temperature_unit=celsius&wind_speed_unit=ms&precipitation_unit=mm&cell_selection=land"
"new-york-march-2020",40.7128,-74.006,"2020-03-01","2020-03-31","2020-03-30T05:00:00.000Z",8.3,91,0,2.75,6.8,"2020-03-30T04:00:00.000Z","2020-03-30T05:00:00.000Z",true,"","complete",744,744,744,"Open-Meteo","ERA5 (requested)","era5",,"modeled_reanalysis",40.75,-74,32,"2026-09-11T00:26:47.065Z",,,"land","provider default elevation adjustment","instant meteorology; precipitation sum over preceding hour ending at time","reanalysis-adapter-v1","Weather data by Open-Meteo; ERA5 by Copernicus Climate Change Service (C3S) / ECMWF","https://open-meteo.com/en/docs/historical-weather-api","https://archive-api.open-meteo.com/v1/archive?latitude=40.7128&longitude=-74.006&start_date=2020-03-01&end_date=2020-03-31&models=era5&hourly=temperature_2m%2Crelative_humidity_2m%2Cprecipitation%2Cwind_speed_10m%2Cdew_point_2m&timezone=GMT&timeformat=unixtime&temperature_unit=celsius&wind_speed_unit=ms&precipitation_unit=mm&cell_selection=land"
"new-york-march-2020",40.7128,-74.006,"2020-03-01","2020-03-31","2020-03-30T06:00:00.000Z",8.5,90,0,2.91,7,"2020-03-30T05:00:00.000Z","2020-03-30T06:00:00.000Z",true,"","complete",744,744,744,"Open-Meteo","ERA5 (requested)","era5",,"modeled_reanalysis",40.75,-74,32,"2026-09-11T00:26:47.065Z",,,"land","provider default elevation adjustment","instant meteorology; precipitation sum over preceding hour ending at time","reanalysis-adapter-v1","Weather data by Open-Meteo; ERA5 by Copernicus Climate Change Service (C3S) / ECMWF","https://open-meteo.com/en/docs/historical-weather-api","https://archive-api.open-meteo.com/v1/archive?latitude=40.7128&longitude=-74.006&start_date=2020-03-01&end_date=2020-03-31&models=era5&hourly=temperature_2m%2Crelative_humidity_2m%2Cprecipitation%2Cwind_speed_10m%2Cdew_point_2m&timezone=GMT&timeformat=unixtime&temperature_unit=celsius&wind_speed_unit=ms&precipitation_unit=mm&cell_selection=land"
"new-york-march-2020",40.7128,-74.006,"2020-03-01","2020-03-31","2020-03-30T07:00:00.000Z",8.2,90,0,2.72,6.7,"2020-03-30T06:00:00.000Z","2020-03-30T07:00:00.000Z",true,"","complete",744,744,744,"Open-Meteo","ERA5 (requested)","era5",,"modeled_reanalysis",40.75,-74,32,"2026-09-11T00:26:47.065Z",,,"land","provider default elevation adjustment","instant meteorology; precipitation sum over preceding hour ending at time","reanalysis-adapter-v1","Weather data by Open-Meteo; ERA5 by Copernicus Climate Change Service (C3S) / ECMWF","https://open-meteo.com/en/docs/historical-weather-api","https://archive-api.open-meteo.com/v1/archive?latitude=40.7128&longitude=-74.006&start_date=2020-03-01&end_date=2020-03-31&models=era5&hourly=temperature_2m%2Crelative_humidity_2m%2Cprecipitation%2Cwind_speed_10m%2Cdew_point_2m&timezone=GMT&timeformat=unixtime&temperature_unit=celsius&wind_speed_unit=ms&precipitation_unit=mm&cell_selection=land"
"new-york-march-2020",40.7128,-74.006,"2020-03-01","2020-03-31","2020-03-30T08:00:00.000Z",8.1,90,0,2.56,6.6,"2020-03-30T07:00:00.000Z","2020-03-30T08:00:00.000Z",true,"","complete",744,744,744,"Open-Meteo","ERA5 (requested)","era5",,"modeled_reanalysis",40.75,-74,32,"2026-09-11T00:26:47.065Z",,,"land","provider default elevation adjustment","instant meteorology; precipitation sum over preceding hour ending at time","reanalysis-adapter-v1","Weather data by Open-Meteo; ERA5 by Copernicus Climate Change Service (C3S) / ECMWF","https://open-meteo.com/en/docs/historical-weather-api","https://archive-api.open-meteo.com/v1/archive?latitude=40.7128&longitude=-74.006&start_date=2020-03-01&end_date=2020-03-31&models=era5&hourly=temperature_2m%2Crelative_humidity_2m%2Cprecipitation%2Cwind_speed_10m%2Cdew_point_2m&timezone=GMT&timeformat=unixtime&temperature_unit=celsius&wind_speed_unit=ms&precipitation_unit=mm&cell_selection=land"
"new-york-march-2020",40.7128,-74.006,"2020-03-01","2020-03-31","2020-03-30T09:00:00.000Z",7.6,89,0,2.69,5.9,"2020-03-30T08:00:00.000Z","2020-03-30T09:00:00.000Z",true,"","complete",744,744,744,"Open-Meteo","ERA5 (requested)","era5",,"modeled_reanalysis",40.75,-74,32,"2026-09-11T00:26:47.065Z",,,"land","provider default elevation adjustment","instant meteorology; precipitation sum over preceding hour ending at time","reanalysis-adapter-v1","Weather data by Open-Meteo; ERA5 by Copernicus Climate Change Service (C3S) / ECMWF","https://open-meteo.com/en/docs/historical-weather-api","https://archive-api.open-meteo.com/v1/archive?latitude=40.7128&longitude=-74.006&start_date=2020-03-01&end_date=2020-03-31&models=era5&hourly=temperature_2m%2Crelative_humidity_2m%2Cprecipitation%2Cwind_speed_10m%2Cdew_point_2m&timezone=GMT&timeformat=unixtime&temperature_unit=celsius&wind_speed_unit=ms&precipitation_unit=mm&cell_selection=land"
"new-york-march-2020",40.7128,-74.006,"2020-03-01","2020-03-31","2020-03-30T10:00:00.000Z",7.1,88,0,2.38,5.2,"2020-03-30T09:00:00.000Z","2020-03-30T10:00:00.000Z",true,"","complete",744,744,744,"Open-Meteo","ERA5 (requested)","era5",,"modeled_reanalysis",40.75,-74,32,"2026-09-11T00:26:47.065Z",,,"land","provider default elevation adjustment","instant meteorology; precipitation sum over preceding hour ending at time","reanalysis-adapter-v1","Weather data by Open-Meteo; ERA5 by Copernicus Climate Change Service (C3S) / ECMWF","https://open-meteo.com/en/docs/historical-weather-api","https://archive-api.open-meteo.com/v1/archive?latitude=40.7128&longitude=-74.006&start_date=2020-03-01&end_date=2020-03-31&models=era5&hourly=temperature_2m%2Crelative_humidity_2m%2Cprecipitation%2Cwind_speed_10m%2Cdew_point_2m&timezone=GMT&timeformat=unixtime&temperature_unit=celsius&wind_speed_unit=ms&precipitation_unit=mm&cell_selection=land"
"new-york-march-2020",40.7128,-74.006,"2020-03-01","2020-03-31","2020-03-30T11:00:00.000Z",7.1,88,0,2.06,5.2,"2020-03-30T10:00:00.000Z","2020-03-30T11:00:00.000Z",true,"","complete",744,744,744,"Open-Meteo","ERA5 (requested)","era5",,"modeled_reanalysis",40.75,-74,32,"2026-09-11T00:26:47.065Z",,,"land","provider default elevation adjustment","instant meteorology; precipitation sum over preceding hour ending at time","reanalysis-adapter-v1","Weather data by Open-Meteo; ERA5 by Copernicus Climate Change Service (C3S) / ECMWF","https://open-meteo.com/en/docs/historical-weather-api","https://archive-api.open-meteo.com/v1/archive?latitude=40.7128&longitude=-74.006&start_date=2020-03-01&end_date=2020-03-31&models=era5&hourly=temperature_2m%2Crelative_humidity_2m%2Cprecipitation%2Cwind_speed_10m%2Cdew_point_2m&timezone=GMT&timeformat=unixtime&temperature_unit=celsius&wind_speed_unit=ms&precipitation_unit=mm&cell_selection=land"
"new-york-march-2020",40.7128,-74.006,"2020-03-01","2020-03-31","2020-03-30T12:00:00.000Z",6.7,88,0,1.64,4.9,"2020-03-30T11:00:00.000Z","2020-03-30T12:00:00.000Z",true,"","complete",744,744,744,"Open-Meteo","ERA5 (requested)","era5",,"modeled_reanalysis",40.75,-74,32,"2026-09-11T00:26:47.065Z",,,"land","provider default elevation adjustment","instant meteorology; precipitation sum over preceding hour ending at time","reanalysis-adapter-v1","Weather data by Open-Meteo; ERA5 by Copernicus Climate Change Service (C3S) / ECMWF","https://open-meteo.com/en/docs/historical-weather-api","https://archive-api.open-meteo.com/v1/archive?latitude=40.7128&longitude=-74.006&start_date=2020-03-01&end_date=2020-03-31&models=era5&hourly=temperature_2m%2Crelative_humidity_2m%2Cprecipitation%2Cwind_speed_10m%2Cdew_point_2m&timezone=GMT&timeformat=unixtime&temperature_unit=celsius&wind_speed_unit=ms&precipitation_unit=mm&cell_selection=land"
"new-york-march-2020",40.7128,-74.006,"2020-03-01","2020-03-31","2020-03-30T13:00:00.000Z",6.8,88,0,1.42,4.9,"2020-03-30T12:00:00.000Z","2020-03-30T13:00:00.000Z",true,"","complete",744,744,744,"Open-Meteo","ERA5 (requested)","era5",,"modeled_reanalysis",40.75,-74,32,"2026-09-11T00:26:47.065Z",,,"land","provider default elevation adjustment","instant meteorology; precipitation sum over preceding hour ending at time","reanalysis-adapter-v1","Weather data by Open-Meteo; ERA5 by Copernicus Climate Change Service (C3S) / ECMWF","https://open-meteo.com/en/docs/historical-weather-api","https://archive-api.open-meteo.com/v1/archive?latitude=40.7128&longitude=-74.006&start_date=2020-03-01&end_date=2020-03-31&models=era5&hourly=temperature_2m%2Crelative_humidity_2m%2Cprecipitation%2Cwind_speed_10m%2Cdew_point_2m&timezone=GMT&timeformat=unixtime&temperature_unit=celsius&wind_speed_unit=ms&precipitation_unit=mm&cell_selection=land"
"new-york-march-2020",40.7128,-74.006,"2020-03-01","2020-03-31","2020-03-30T14:00:00.000Z",7.1,87,0,1.14,5.2,"2020-03-30T13:00:00.000Z","2020-03-30T14:00:00.000Z",true,"","complete",744,744,744,"Open-Meteo","ERA5 (requested)","era5",,"modeled_reanalysis",40.75,-74,32,"2026-09-11T00:26:47.065Z",,,"land","provider default elevation adjustment","instant meteorology; precipitation sum over preceding hour ending at time","reanalysis-adapter-v1","Weather data by Open-Meteo; ERA5 by Copernicus Climate Change Service (C3S) / ECMWF","https://open-meteo.com/en/docs/historical-weather-api","https://archive-api.open-meteo.com/v1/archive?latitude=40.7128&longitude=-74.006&start_date=2020-03-01&end_date=2020-03-31&models=era5&hourly=temperature_2m%2Crelative_humidity_2m%2Cprecipitation%2Cwind_speed_10m%2Cdew_point_2m&timezone=GMT&timeformat=unixtime&temperature_unit=celsius&wind_speed_unit=ms&precipitation_unit=mm&cell_selection=land"
"new-york-march-2020",40.7128,-74.006,"2020-03-01","2020-03-31","2020-03-30T15:00:00.000Z",7.7,78,0,1.57,4.1,"2020-03-30T14:00:00.000Z","2020-03-30T15:00:00.000Z",true,"","complete",744,744,744,"Open-Meteo","ERA5 (requested)","era5",,"modeled_reanalysis",40.75,-74,32,"2026-09-11T00:26:47.065Z",,,"land","provider default elevation adjustment","instant meteorology; precipitation sum over preceding hour ending at time","reanalysis-adapter-v1","Weather data by Open-Meteo; ERA5 by Copernicus Climate Change Service (C3S) / ECMWF","https://open-meteo.com/en/docs/historical-weather-api","https://archive-api.open-meteo.com/v1/archive?latitude=40.7128&longitude=-74.006&start_date=2020-03-01&end_date=2020-03-31&models=era5&hourly=temperature_2m%2Crelative_humidity_2m%2Cprecipitation%2Cwind_speed_10m%2Cdew_point_2m&timezone=GMT&timeformat=unixtime&temperature_unit=celsius&wind_speed_unit=ms&precipitation_unit=mm&cell_selection=land"
"new-york-march-2020",40.7128,-74.006,"2020-03-01","2020-03-31","2020-03-30T16:00:00.000Z",8.1,78,0,1.91,4.5,"2020-03-30T15:00:00.000Z","2020-03-30T16:00:00.000Z",true,"","complete",744,744,744,"Open-Meteo","ERA5 (requested)","era5",,"modeled_reanalysis",40.75,-74,32,"2026-09-11T00:26:47.065Z",,,"land","provider default elevation adjustment","instant meteorology; precipitation sum over preceding hour ending at time","reanalysis-adapter-v1","Weather data by Open-Meteo; ERA5 by Copernicus Climate Change Service (C3S) / ECMWF","https://open-meteo.com/en/docs/historical-weather-api","https://archive-api.open-meteo.com/v1/archive?latitude=40.7128&longitude=-74.006&start_date=2020-03-01&end_date=2020-03-31&models=era5&hourly=temperature_2m%2Crelative_humidity_2m%2Cprecipitation%2Cwind_speed_10m%2Cdew_point_2m&timezone=GMT&timeformat=unixtime&temperature_unit=celsius&wind_speed_unit=ms&precipitation_unit=mm&cell_selection=land"
"new-york-march-2020",40.7128,-74.006,"2020-03-01","2020-03-31","2020-03-30T17:00:00.000Z",8.8,75,0,2.14,4.7,"2020-03-30T16:00:00.000Z","2020-03-30T17:00:00.000Z",true,"","complete",744,744,744,"Open-Meteo","ERA5 (requested)","era5",,"modeled_reanalysis",40.75,-74,32,"2026-09-11T00:26:47.065Z",,,"land","provider default elevation adjustment","instant meteorology; precipitation sum over preceding hour ending at time","reanalysis-adapter-v1","Weather data by Open-Meteo; ERA5 by Copernicus Climate Change Service (C3S) / ECMWF","https://open-meteo.com/en/docs/historical-weather-api","https://archive-api.open-meteo.com/v1/archive?latitude=40.7128&longitude=-74.006&start_date=2020-03-01&end_date=2020-03-31&models=era5&hourly=temperature_2m%2Crelative_humidity_2m%2Cprecipitation%2Cwind_speed_10m%2Cdew_point_2m&timezone=GMT&timeformat=unixtime&temperature_unit=celsius&wind_speed_unit=ms&precipitation_unit=mm&cell_selection=land"
"new-york-march-2020",40.7128,-74.006,"2020-03-01","2020-03-31","2020-03-30T18:00:00.000Z",9.5,74,0,1.88,5.2,"2020-03-30T17:00:00.000Z","2020-03-30T18:00:00.000Z",true,"","complete",744,744,744,"Open-Meteo","ERA5 (requested)","era5",,"modeled_reanalysis",40.75,-74,32,"2026-09-11T00:26:47.065Z",,,"land","provider default elevation adjustment","instant meteorology; precipitation sum over preceding hour ending at time","reanalysis-adapter-v1","Weather data by Open-Meteo; ERA5 by Copernicus Climate Change Service (C3S) / ECMWF","https://open-meteo.com/en/docs/historical-weather-api","https://archive-api.open-meteo.com/v1/archive?latitude=40.7128&longitude=-74.006&start_date=2020-03-01&end_date=2020-03-31&models=era5&hourly=temperature_2m%2Crelative_humidity_2m%2Cprecipitation%2Cwind_speed_10m%2Cdew_point_2m&timezone=GMT&timeformat=unixtime&temperature_unit=celsius&wind_speed_unit=ms&precipitation_unit=mm&cell_selection=land"
"new-york-march-2020",40.7128,-74.006,"2020-03-01","2020-03-31","2020-03-30T19:00:00.000Z",9.4,77,0,1.52,5.5,"2020-03-30T18:00:00.000Z","2020-03-30T19:00:00.000Z",true,"","complete",744,744,744,"Open-Meteo","ERA5 (requested)","era5",,"modeled_reanalysis",40.75,-74,32,"2026-09-11T00:26:47.065Z",,,"land","provider default elevation adjustment","instant meteorology; precipitation sum over preceding hour ending at time","reanalysis-adapter-v1","Weather data by Open-Meteo; ERA5 by Copernicus Climate Change Service (C3S) / ECMWF","https://open-meteo.com/en/docs/historical-weather-api","https://archive-api.open-meteo.com/v1/archive?latitude=40.7128&longitude=-74.006&start_date=2020-03-01&end_date=2020-03-31&models=era5&hourly=temperature_2m%2Crelative_humidity_2m%2Cprecipitation%2Cwind_speed_10m%2Cdew_point_2m&timezone=GMT&timeformat=unixtime&temperature_unit=celsius&wind_speed_unit=ms&precipitation_unit=mm&cell_selection=land"
"new-york-march-2020",40.7128,-74.006,"2020-03-01","2020-03-31","2020-03-30T20:00:00.000Z",9,77,0.3,2.77,5.3,"2020-03-30T19:00:00.000Z","2020-03-30T20:00:00.000Z",true,"","complete",744,744,744,"Open-Meteo","ERA5 (requested)","era5",,"modeled_reanalysis",40.75,-74,32,"2026-09-11T00:26:47.065Z",,,"land","provider default elevation adjustment","instant meteorology; precipitation sum over preceding hour ending at time","reanalysis-adapter-v1","Weather data by Open-Meteo; ERA5 by Copernicus Climate Change Service (C3S) / ECMWF","https://open-meteo.com/en/docs/historical-weather-api","https://archive-api.open-meteo.com/v1/archive?latitude=40.7128&longitude=-74.006&start_date=2020-03-01&end_date=2020-03-31&models=era5&hourly=temperature_2m%2Crelative_humidity_2m%2Cprecipitation%2Cwind_speed_10m%2Cdew_point_2m&timezone=GMT&timeformat=unixtime&temperature_unit=celsius&wind_speed_unit=ms&precipitation_unit=mm&cell_selection=land"
"new-york-march-2020",40.7128,-74.006,"2020-03-01","2020-03-31","2020-03-30T21:00:00.000Z",10.8,69,0.8,2.86,5.2,"2020-03-30T20:00:00.000Z","2020-03-30T21:00:00.000Z",true,"","complete",744,744,744,"Open-Meteo","ERA5 (requested)","era5",,"modeled_reanalysis",40.75,-74,32,"2026-09-11T00:26:47.065Z",,,"land","provider default elevation adjustment","instant meteorology; precipitation sum over preceding hour ending at time","reanalysis-adapter-v1","Weather data by Open-Meteo; ERA5 by Copernicus Climate Change Service (C3S) / ECMWF","https://open-meteo.com/en/docs/historical-weather-api","https://archive-api.open-meteo.com/v1/archive?latitude=40.7128&longitude=-74.006&start_date=2020-03-01&end_date=2020-03-31&models=era5&hourly=temperature_2m%2Crelative_humidity_2m%2Cprecipitation%2Cwind_speed_10m%2Cdew_point_2m&timezone=GMT&timeformat=unixtime&temperature_unit=celsius&wind_speed_unit=ms&precipitation_unit=mm&cell_selection=land"
"new-york-march-2020",40.7128,-74.006,"2020-03-01","2020-03-31","2020-03-30T22:00:00.000Z",8.2,88,0.7,1.89,6.3,"2020-03-30T21:00:00.000Z","2020-03-30T22:00:00.000Z",true,"","complete",744,744,744,"Open-Meteo","ERA5 (requested)","era5",,"modeled_reanalysis",40.75,-74,32,"2026-09-11T00:26:47.065Z",,,"land","provider default elevation adjustment","instant meteorology; precipitation sum over preceding hour ending at time","reanalysis-adapter-v1","Weather data by Open-Meteo; ERA5 by Copernicus Climate Change Service (C3S) / ECMWF","https://open-meteo.com/en/docs/historical-weather-api","https://archive-api.open-meteo.com/v1/archive?latitude=40.7128&longitude=-74.006&start_date=2020-03-01&end_date=2020-03-31&models=era5&hourly=temperature_2m%2Crelative_humidity_2m%2Cprecipitation%2Cwind_speed_10m%2Cdew_point_2m&timezone=GMT&timeformat=unixtime&temperature_unit=celsius&wind_speed_unit=ms&precipitation_unit=mm&cell_selection=land"
"new-york-march-2020",40.7128,-74.006,"2020-03-01","2020-03-31","2020-03-30T23:00:00.000Z",8,88,0.1,2.48,6.2,"2020-03-30T22:00:00.000Z","2020-03-30T23:00:00.000Z",true,"","complete",744,744,744,"Open-Meteo","ERA5 (requested)","era5",,"modeled_reanalysis",40.75,-74,32,"2026-09-11T00:26:47.065Z",,,"land","provider default elevation adjustment","instant meteorology; precipitation sum over preceding hour ending at time","reanalysis-adapter-v1","Weather data by Open-Meteo; ERA5 by Copernicus Climate Change Service (C3S) / ECMWF","https://open-meteo.com/en/docs/historical-weather-api","https://archive-api.open-meteo.com/v1/archive?latitude=40.7128&longitude=-74.006&start_date=2020-03-01&end_date=2020-03-31&models=era5&hourly=temperature_2m%2Crelative_humidity_2m%2Cprecipitation%2Cwind_speed_10m%2Cdew_point_2m&timezone=GMT&timeformat=unixtime&temperature_unit=celsius&wind_speed_unit=ms&precipitation_unit=mm&cell_selection=land"
"new-york-march-2020",40.7128,-74.006,"2020-03-01","2020-03-31","2020-03-31T00:00:00.000Z",7.6,89,0,2.42,5.9,"2020-03-30T23:00:00.000Z","2020-03-31T00:00:00.000Z",true,"","complete",744,744,744,"Open-Meteo","ERA5 (requested)","era5",,"modeled_reanalysis",40.75,-74,32,"2026-09-11T00:26:47.065Z",,,"land","provider default elevation adjustment","instant meteorology; precipitation sum over preceding hour ending at time","reanalysis-adapter-v1","Weather data by Open-Meteo; ERA5 by Copernicus Climate Change Service (C3S) / ECMWF","https://open-meteo.com/en/docs/historical-weather-api","https://archive-api.open-meteo.com/v1/archive?latitude=40.7128&longitude=-74.006&start_date=2020-03-01&end_date=2020-03-31&models=era5&hourly=temperature_2m%2Crelative_humidity_2m%2Cprecipitation%2Cwind_speed_10m%2Cdew_point_2m&timezone=GMT&timeformat=unixtime&temperature_unit=celsius&wind_speed_unit=ms&precipitation_unit=mm&cell_selection=land"
"new-york-march-2020",40.7128,-74.006,"2020-03-01","2020-03-31","2020-03-31T01:00:00.000Z",6.9,90,0,2.26,5.4,"2020-03-31T00:00:00.000Z","2020-03-31T01:00:00.000Z",true,"","complete",744,744,744,"Open-Meteo","ERA5 (requested)","era5",,"modeled_reanalysis",40.75,-74,32,"2026-09-11T00:26:47.065Z",,,"land","provider default elevation adjustment","instant meteorology; precipitation sum over preceding hour ending at time","reanalysis-adapter-v1","Weather data by Open-Meteo; ERA5 by Copernicus Climate Change Service (C3S) / ECMWF","https://open-meteo.com/en/docs/historical-weather-api","https://archive-api.open-meteo.com/v1/archive?latitude=40.7128&longitude=-74.006&start_date=2020-03-01&end_date=2020-03-31&models=era5&hourly=temperature_2m%2Crelative_humidity_2m%2Cprecipitation%2Cwind_speed_10m%2Cdew_point_2m&timezone=GMT&timeformat=unixtime&temperature_unit=celsius&wind_speed_unit=ms&precipitation_unit=mm&cell_selection=land"
"new-york-march-2020",40.7128,-74.006,"2020-03-01","2020-03-31","2020-03-31T02:00:00.000Z",6.8,90,0,2.21,5.4,"2020-03-31T01:00:00.000Z","2020-03-31T02:00:00.000Z",true,"","complete",744,744,744,"Open-Meteo","ERA5 (requested)","era5",,"modeled_reanalysis",40.75,-74,32,"2026-09-11T00:26:47.065Z",,,"land","provider default elevation adjustment","instant meteorology; precipitation sum over preceding hour ending at time","reanalysis-adapter-v1","Weather data by Open-Meteo; ERA5 by Copernicus Climate Change Service (C3S) / ECMWF","https://open-meteo.com/en/docs/historical-weather-api","https://archive-api.open-meteo.com/v1/archive?latitude=40.7128&longitude=-74.006&start_date=2020-03-01&end_date=2020-03-31&models=era5&hourly=temperature_2m%2Crelative_humidity_2m%2Cprecipitation%2Cwind_speed_10m%2Cdew_point_2m&timezone=GMT&timeformat=unixtime&temperature_unit=celsius&wind_speed_unit=ms&precipitation_unit=mm&cell_selection=land"
"new-york-march-2020",40.7128,-74.006,"2020-03-01","2020-03-31","2020-03-31T03:00:00.000Z",6.7,92,0.3,2.14,5.5,"2020-03-31T02:00:00.000Z","2020-03-31T03:00:00.000Z",true,"","complete",744,744,744,"Open-Meteo","ERA5 (requested)","era5",,"modeled_reanalysis",40.75,-74,32,"2026-09-11T00:26:47.065Z",,,"land","provider default elevation adjustment","instant meteorology; precipitation sum over preceding hour ending at time","reanalysis-adapter-v1","Weather data by Open-Meteo; ERA5 by Copernicus Climate Change Service (C3S) / ECMWF","https://open-meteo.com/en/docs/historical-weather-api","https://archive-api.open-meteo.com/v1/archive?latitude=40.7128&longitude=-74.006&start_date=2020-03-01&end_date=2020-03-31&models=era5&hourly=temperature_2m%2Crelative_humidity_2m%2Cprecipitation%2Cwind_speed_10m%2Cdew_point_2m&timezone=GMT&timeformat=unixtime&temperature_unit=celsius&wind_speed_unit=ms&precipitation_unit=mm&cell_selection=land"
"new-york-march-2020",40.7128,-74.006,"2020-03-01","2020-03-31","2020-03-31T04:00:00.000Z",7,92,0.6,2.55,5.8,"2020-03-31T03:00:00.000Z","2020-03-31T04:00:00.000Z",true,"","complete",744,744,744,"Open-Meteo","ERA5 (requested)","era5",,"modeled_reanalysis",40.75,-74,32,"2026-09-11T00:26:47.065Z",,,"land","provider default elevation adjustment","instant meteorology; precipitation sum over preceding hour ending at time","reanalysis-adapter-v1","Weather data by Open-Meteo; ERA5 by Copernicus Climate Change Service (C3S) / ECMWF","https://open-meteo.com/en/docs/historical-weather-api","https://archive-api.open-meteo.com/v1/archive?latitude=40.7128&longitude=-74.006&start_date=2020-03-01&end_date=2020-03-31&models=era5&hourly=temperature_2m%2Crelative_humidity_2m%2Cprecipitation%2Cwind_speed_10m%2Cdew_point_2m&timezone=GMT&timeformat=unixtime&temperature_unit=celsius&wind_speed_unit=ms&precipitation_unit=mm&cell_selection=land"
"new-york-march-2020",40.7128,-74.006,"2020-03-01","2020-03-31","2020-03-31T05:00:00.000Z",6.7,94,0.6,2.51,5.7,"2020-03-31T04:00:00.000Z","2020-03-31T05:00:00.000Z",true,"","complete",744,744,744,"Open-Meteo","ERA5 (requested)","era5",,"modeled_reanalysis",40.75,-74,32,"2026-09-11T00:26:47.065Z",,,"land","provider default elevation adjustment","instant meteorology; precipitation sum over preceding hour ending at time","reanalysis-adapter-v1","Weather data by Open-Meteo; ERA5 by Copernicus Climate Change Service (C3S) / ECMWF","https://open-meteo.com/en/docs/historical-weather-api","https://archive-api.open-meteo.com/v1/archive?latitude=40.7128&longitude=-74.006&start_date=2020-03-01&end_date=2020-03-31&models=era5&hourly=temperature_2m%2Crelative_humidity_2m%2Cprecipitation%2Cwind_speed_10m%2Cdew_point_2m&timezone=GMT&timeformat=unixtime&temperature_unit=celsius&wind_speed_unit=ms&precipitation_unit=mm&cell_selection=land"
"new-york-march-2020",40.7128,-74.006,"2020-03-01","2020-03-31","2020-03-31T06:00:00.000Z",6.5,91,0.3,2.71,5.1,"2020-03-31T05:00:00.000Z","2020-03-31T06:00:00.000Z",true,"","complete",744,744,744,"Open-Meteo","ERA5 (requested)","era5",,"modeled_reanalysis",40.75,-74,32,"2026-09-11T00:26:47.065Z",,,"land","provider default elevation adjustment","instant meteorology; precipitation sum over preceding hour ending at time","reanalysis-adapter-v1","Weather data by Open-Meteo; ERA5 by Copernicus Climate Change Service (C3S) / ECMWF","https://open-meteo.com/en/docs/historical-weather-api","https://archive-api.open-meteo.com/v1/archive?latitude=40.7128&longitude=-74.006&start_date=2020-03-01&end_date=2020-03-31&models=era5&hourly=temperature_2m%2Crelative_humidity_2m%2Cprecipitation%2Cwind_speed_10m%2Cdew_point_2m&timezone=GMT&timeformat=unixtime&temperature_unit=celsius&wind_speed_unit=ms&precipitation_unit=mm&cell_selection=land"
"new-york-march-2020",40.7128,-74.006,"2020-03-01","2020-03-31","2020-03-31T07:00:00.000Z",6.1,89,0,2.71,4.5,"2020-03-31T06:00:00.000Z","2020-03-31T07:00:00.000Z",true,"","complete",744,744,744,"Open-Meteo","ERA5 (requested)","era5",,"modeled_reanalysis",40.75,-74,32,"2026-09-11T00:26:47.065Z",,,"land","provider default elevation adjustment","instant meteorology; precipitation sum over preceding hour ending at time","reanalysis-adapter-v1","Weather data by Open-Meteo; ERA5 by Copernicus Climate Change Service (C3S) / ECMWF","https://open-meteo.com/en/docs/historical-weather-api","https://archive-api.open-meteo.com/v1/archive?latitude=40.7128&longitude=-74.006&start_date=2020-03-01&end_date=2020-03-31&models=era5&hourly=temperature_2m%2Crelative_humidity_2m%2Cprecipitation%2Cwind_speed_10m%2Cdew_point_2m&timezone=GMT&timeformat=unixtime&temperature_unit=celsius&wind_speed_unit=ms&precipitation_unit=mm&cell_selection=land"
"new-york-march-2020",40.7128,-74.006,"2020-03-01","2020-03-31","2020-03-31T08:00:00.000Z",5.9,85,0,2.93,3.6,"2020-03-31T07:00:00.000Z","2020-03-31T08:00:00.000Z",true,"","complete",744,744,744,"Open-Meteo","ERA5 (requested)","era5",,"modeled_reanalysis",40.75,-74,32,"2026-09-11T00:26:47.065Z",,,"land","provider default elevation adjustment","instant meteorology; precipitation sum over preceding hour ending at time","reanalysis-adapter-v1","Weather data by Open-Meteo; ERA5 by Copernicus Climate Change Service (C3S) / ECMWF","https://open-meteo.com/en/docs/historical-weather-api","https://archive-api.open-meteo.com/v1/archive?latitude=40.7128&longitude=-74.006&start_date=2020-03-01&end_date=2020-03-31&models=era5&hourly=temperature_2m%2Crelative_humidity_2m%2Cprecipitation%2Cwind_speed_10m%2Cdew_point_2m&timezone=GMT&timeformat=unixtime&temperature_unit=celsius&wind_speed_unit=ms&precipitation_unit=mm&cell_selection=land"
"new-york-march-2020",40.7128,-74.006,"2020-03-01","2020-03-31","2020-03-31T09:00:00.000Z",5.5,84,0,3.26,2.9,"2020-03-31T08:00:00.000Z","2020-03-31T09:00:00.000Z",true,"","complete",744,744,744,"Open-Meteo","ERA5 (requested)","era5",,"modeled_reanalysis",40.75,-74,32,"2026-09-11T00:26:47.065Z",,,"land","provider default elevation adjustment","instant meteorology; precipitation sum over preceding hour ending at time","reanalysis-adapter-v1","Weather data by Open-Meteo; ERA5 by Copernicus Climate Change Service (C3S) / ECMWF","https://open-meteo.com/en/docs/historical-weather-api","https://archive-api.open-meteo.com/v1/archive?latitude=40.7128&longitude=-74.006&start_date=2020-03-01&end_date=2020-03-31&models=era5&hourly=temperature_2m%2Crelative_humidity_2m%2Cprecipitation%2Cwind_speed_10m%2Cdew_point_2m&timezone=GMT&timeformat=unixtime&temperature_unit=celsius&wind_speed_unit=ms&precipitation_unit=mm&cell_selection=land"
"new-york-march-2020",40.7128,-74.006,"2020-03-01","2020-03-31","2020-03-31T10:00:00.000Z",5.6,80,0.2,2.72,2.5,"2020-03-31T09:00:00.000Z","2020-03-31T10:00:00.000Z",true,"","complete",744,744,744,"Open-Meteo","ERA5 (requested)","era5",,"modeled_reanalysis",40.75,-74,32,"2026-09-11T00:26:47.065Z",,,"land","provider default elevation adjustment","instant meteorology; precipitation sum over preceding hour ending at time","reanalysis-adapter-v1","Weather data by Open-Meteo; ERA5 by Copernicus Climate Change Service (C3S) / ECMWF","https://open-meteo.com/en/docs/historical-weather-api","https://archive-api.open-meteo.com/v1/archive?latitude=40.7128&longitude=-74.006&start_date=2020-03-01&end_date=2020-03-31&models=era5&hourly=temperature_2m%2Crelative_humidity_2m%2Cprecipitation%2Cwind_speed_10m%2Cdew_point_2m&timezone=GMT&timeformat=unixtime&temperature_unit=celsius&wind_speed_unit=ms&precipitation_unit=mm&cell_selection=land"
"new-york-march-2020",40.7128,-74.006,"2020-03-01","2020-03-31","2020-03-31T11:00:00.000Z",5.3,79,0.2,2.94,2,"2020-03-31T10:00:00.000Z","2020-03-31T11:00:00.000Z",true,"","complete",744,744,744,"Open-Meteo","ERA5 (requested)","era5",,"modeled_reanalysis",40.75,-74,32,"2026-09-11T00:26:47.065Z",,,"land","provider default elevation adjustment","instant meteorology; precipitation sum over preceding hour ending at time","reanalysis-adapter-v1","Weather data by Open-Meteo; ERA5 by Copernicus Climate Change Service (C3S) / ECMWF","https://open-meteo.com/en/docs/historical-weather-api","https://archive-api.open-meteo.com/v1/archive?latitude=40.7128&longitude=-74.006&start_date=2020-03-01&end_date=2020-03-31&models=era5&hourly=temperature_2m%2Crelative_humidity_2m%2Cprecipitation%2Cwind_speed_10m%2Cdew_point_2m&timezone=GMT&timeformat=unixtime&temperature_unit=celsius&wind_speed_unit=ms&precipitation_unit=mm&cell_selection=land"
"new-york-march-2020",40.7128,-74.006,"2020-03-01","2020-03-31","2020-03-31T12:00:00.000Z",5.2,79,0,3.01,1.8,"2020-03-31T11:00:00.000Z","2020-03-31T12:00:00.000Z",true,"","complete",744,744,744,"Open-Meteo","ERA5 (requested)","era5",,"modeled_reanalysis",40.75,-74,32,"2026-09-11T00:26:47.065Z",,,"land","provider default elevation adjustment","instant meteorology; precipitation sum over preceding hour ending at time","reanalysis-adapter-v1","Weather data by Open-Meteo; ERA5 by Copernicus Climate Change Service (C3S) / ECMWF","https://open-meteo.com/en/docs/historical-weather-api","https://archive-api.open-meteo.com/v1/archive?latitude=40.7128&longitude=-74.006&start_date=2020-03-01&end_date=2020-03-31&models=era5&hourly=temperature_2m%2Crelative_humidity_2m%2Cprecipitation%2Cwind_speed_10m%2Cdew_point_2m&timezone=GMT&timeformat=unixtime&temperature_unit=celsius&wind_speed_unit=ms&precipitation_unit=mm&cell_selection=land"
"new-york-march-2020",40.7128,-74.006,"2020-03-01","2020-03-31","2020-03-31T13:00:00.000Z",5.5,77,0,3.13,1.9,"2020-03-31T12:00:00.000Z","2020-03-31T13:00:00.000Z",true,"","complete",744,744,744,"Open-Meteo","ERA5 (requested)","era5",,"modeled_reanalysis",40.75,-74,32,"2026-09-11T00:26:47.065Z",,,"land","provider default elevation adjustment","instant meteorology; precipitation sum over preceding hour ending at time","reanalysis-adapter-v1","Weather data by Open-Meteo; ERA5 by Copernicus Climate Change Service (C3S) / ECMWF","https://open-meteo.com/en/docs/historical-weather-api","https://archive-api.open-meteo.com/v1/archive?latitude=40.7128&longitude=-74.006&start_date=2020-03-01&end_date=2020-03-31&models=era5&hourly=temperature_2m%2Crelative_humidity_2m%2Cprecipitation%2Cwind_speed_10m%2Cdew_point_2m&timezone=GMT&timeformat=unixtime&temperature_unit=celsius&wind_speed_unit=ms&precipitation_unit=mm&cell_selection=land"
"new-york-march-2020",40.7128,-74.006,"2020-03-01","2020-03-31","2020-03-31T14:00:00.000Z",5.7,77,0,2.63,1.9,"2020-03-31T13:00:00.000Z","2020-03-31T14:00:00.000Z",true,"","complete",744,744,744,"Open-Meteo","ERA5 (requested)","era5",,"modeled_reanalysis",40.75,-74,32,"2026-09-11T00:26:47.065Z",,,"land","provider default elevation adjustment","instant meteorology; precipitation sum over preceding hour ending at time","reanalysis-adapter-v1","Weather data by Open-Meteo; ERA5 by Copernicus Climate Change Service (C3S) / ECMWF","https://open-meteo.com/en/docs/historical-weather-api","https://archive-api.open-meteo.com/v1/archive?latitude=40.7128&longitude=-74.006&start_date=2020-03-01&end_date=2020-03-31&models=era5&hourly=temperature_2m%2Crelative_humidity_2m%2Cprecipitation%2Cwind_speed_10m%2Cdew_point_2m&timezone=GMT&timeformat=unixtime&temperature_unit=celsius&wind_speed_unit=ms&precipitation_unit=mm&cell_selection=land"
"new-york-march-2020",40.7128,-74.006,"2020-03-01","2020-03-31","2020-03-31T15:00:00.000Z",6.4,71,0,2.4,1.5,"2020-03-31T14:00:00.000Z","2020-03-31T15:00:00.000Z",true,"","complete",744,744,744,"Open-Meteo","ERA5 (requested)","era5",,"modeled_reanalysis",40.75,-74,32,"2026-09-11T00:26:47.065Z",,,"land","provider default elevation adjustment","instant meteorology; precipitation sum over preceding hour ending at time","reanalysis-adapter-v1","Weather data by Open-Meteo; ERA5 by Copernicus Climate Change Service (C3S) / ECMWF","https://open-meteo.com/en/docs/historical-weather-api","https://archive-api.open-meteo.com/v1/archive?latitude=40.7128&longitude=-74.006&start_date=2020-03-01&end_date=2020-03-31&models=era5&hourly=temperature_2m%2Crelative_humidity_2m%2Cprecipitation%2Cwind_speed_10m%2Cdew_point_2m&timezone=GMT&timeformat=unixtime&temperature_unit=celsius&wind_speed_unit=ms&precipitation_unit=mm&cell_selection=land"
"new-york-march-2020",40.7128,-74.006,"2020-03-01","2020-03-31","2020-03-31T16:00:00.000Z",6.7,72,0,1.92,2,"2020-03-31T15:00:00.000Z","2020-03-31T16:00:00.000Z",true,"","complete",744,744,744,"Open-Meteo","ERA5 (requested)","era5",,"modeled_reanalysis",40.75,-74,32,"2026-09-11T00:26:47.065Z",,,"land","provider default elevation adjustment","instant meteorology; precipitation sum over preceding hour ending at time","reanalysis-adapter-v1","Weather data by Open-Meteo; ERA5 by Copernicus Climate Change Service (C3S) / ECMWF","https://open-meteo.com/en/docs/historical-weather-api","https://archive-api.open-meteo.com/v1/archive?latitude=40.7128&longitude=-74.006&start_date=2020-03-01&end_date=2020-03-31&models=era5&hourly=temperature_2m%2Crelative_humidity_2m%2Cprecipitation%2Cwind_speed_10m%2Cdew_point_2m&timezone=GMT&timeformat=unixtime&temperature_unit=celsius&wind_speed_unit=ms&precipitation_unit=mm&cell_selection=land"
"new-york-march-2020",40.7128,-74.006,"2020-03-01","2020-03-31","2020-03-31T17:00:00.000Z",6.9,70,0,1.46,1.9,"2020-03-31T16:00:00.000Z","2020-03-31T17:00:00.000Z",true,"","complete",744,744,744,"Open-Meteo","ERA5 (requested)","era5",,"modeled_reanalysis",40.75,-74,32,"2026-09-11T00:26:47.065Z",,,"land","provider default elevation adjustment","instant meteorology; precipitation sum over preceding hour ending at time","reanalysis-adapter-v1","Weather data by Open-Meteo; ERA5 by Copernicus Climate Change Service (C3S) / ECMWF","https://open-meteo.com/en/docs/historical-weather-api","https://archive-api.open-meteo.com/v1/archive?latitude=40.7128&longitude=-74.006&start_date=2020-03-01&end_date=2020-03-31&models=era5&hourly=temperature_2m%2Crelative_humidity_2m%2Cprecipitation%2Cwind_speed_10m%2Cdew_point_2m&timezone=GMT&timeformat=unixtime&temperature_unit=celsius&wind_speed_unit=ms&precipitation_unit=mm&cell_selection=land"
"new-york-march-2020",40.7128,-74.006,"2020-03-01","2020-03-31","2020-03-31T18:00:00.000Z",7.2,69,0,1.32,1.8,"2020-03-31T17:00:00.000Z","2020-03-31T18:00:00.000Z",true,"","complete",744,744,744,"Open-Meteo","ERA5 (requested)","era5",,"modeled_reanalysis",40.75,-74,32,"2026-09-11T00:26:47.065Z",,,"land","provider default elevation adjustment","instant meteorology; precipitation sum over preceding hour ending at time","reanalysis-adapter-v1","Weather data by Open-Meteo; ERA5 by Copernicus Climate Change Service (C3S) / ECMWF","https://open-meteo.com/en/docs/historical-weather-api","https://archive-api.open-meteo.com/v1/archive?latitude=40.7128&longitude=-74.006&start_date=2020-03-01&end_date=2020-03-31&models=era5&hourly=temperature_2m%2Crelative_humidity_2m%2Cprecipitation%2Cwind_speed_10m%2Cdew_point_2m&timezone=GMT&timeformat=unixtime&temperature_unit=celsius&wind_speed_unit=ms&precipitation_unit=mm&cell_selection=land"
"new-york-march-2020",40.7128,-74.006,"2020-03-01","2020-03-31","2020-03-31T19:00:00.000Z",7.5,69,0,1.17,2.2,"2020-03-31T18:00:00.000Z","2020-03-31T19:00:00.000Z",true,"","complete",744,744,744,"Open-Meteo","ERA5 (requested)","era5",,"modeled_reanalysis",40.75,-74,32,"2026-09-11T00:26:47.065Z",,,"land","provider default elevation adjustment","instant meteorology; precipitation sum over preceding hour ending at time","reanalysis-adapter-v1","Weather data by Open-Meteo; ERA5 by Copernicus Climate Change Service (C3S) / ECMWF","https://open-meteo.com/en/docs/historical-weather-api","https://archive-api.open-meteo.com/v1/archive?latitude=40.7128&longitude=-74.006&start_date=2020-03-01&end_date=2020-03-31&models=era5&hourly=temperature_2m%2Crelative_humidity_2m%2Cprecipitation%2Cwind_speed_10m%2Cdew_point_2m&timezone=GMT&timeformat=unixtime&temperature_unit=celsius&wind_speed_unit=ms&precipitation_unit=mm&cell_selection=land"
"new-york-march-2020",40.7128,-74.006,"2020-03-01","2020-03-31","2020-03-31T20:00:00.000Z",7.7,67,0,1.61,1.9,"2020-03-31T19:00:00.000Z","2020-03-31T20:00:00.000Z",true,"","complete",744,744,744,"Open-Meteo","ERA5 (requested)","era5",,"modeled_reanalysis",40.75,-74,32,"2026-09-11T00:26:47.065Z",,,"land","provider default elevation adjustment","instant meteorology; precipitation sum over preceding hour ending at time","reanalysis-adapter-v1","Weather data by Open-Meteo; ERA5 by Copernicus Climate Change Service (C3S) / ECMWF","https://open-meteo.com/en/docs/historical-weather-api","https://archive-api.open-meteo.com/v1/archive?latitude=40.7128&longitude=-74.006&start_date=2020-03-01&end_date=2020-03-31&models=era5&hourly=temperature_2m%2Crelative_humidity_2m%2Cprecipitation%2Cwind_speed_10m%2Cdew_point_2m&timezone=GMT&timeformat=unixtime&temperature_unit=celsius&wind_speed_unit=ms&precipitation_unit=mm&cell_selection=land"
"new-york-march-2020",40.7128,-74.006,"2020-03-01","2020-03-31","2020-03-31T21:00:00.000Z",7.7,66,0,1.99,1.9,"2020-03-31T20:00:00.000Z","2020-03-31T21:00:00.000Z",true,"","complete",744,744,744,"Open-Meteo","ERA5 (requested)","era5",,"modeled_reanalysis",40.75,-74,32,"2026-09-11T00:26:47.065Z",,,"land","provider default elevation adjustment","instant meteorology; precipitation sum over preceding hour ending at time","reanalysis-adapter-v1","Weather data by Open-Meteo; ERA5 by Copernicus Climate Change Service (C3S) / ECMWF","https://open-meteo.com/en/docs/historical-weather-api","https://archive-api.open-meteo.com/v1/archive?latitude=40.7128&longitude=-74.006&start_date=2020-03-01&end_date=2020-03-31&models=era5&hourly=temperature_2m%2Crelative_humidity_2m%2Cprecipitation%2Cwind_speed_10m%2Cdew_point_2m&timezone=GMT&timeformat=unixtime&temperature_unit=celsius&wind_speed_unit=ms&precipitation_unit=mm&cell_selection=land"
"new-york-march-2020",40.7128,-74.006,"2020-03-01","2020-03-31","2020-03-31T22:00:00.000Z",7.4,68,0,1.98,2,"2020-03-31T21:00:00.000Z","2020-03-31T22:00:00.000Z",true,"","complete",744,744,744,"Open-Meteo","ERA5 (requested)","era5",,"modeled_reanalysis",40.75,-74,32,"2026-09-11T00:26:47.065Z",,,"land","provider default elevation adjustment","instant meteorology; precipitation sum over preceding hour ending at time","reanalysis-adapter-v1","Weather data by Open-Meteo; ERA5 by Copernicus Climate Change Service (C3S) / ECMWF","https://open-meteo.com/en/docs/historical-weather-api","https://archive-api.open-meteo.com/v1/archive?latitude=40.7128&longitude=-74.006&start_date=2020-03-01&end_date=2020-03-31&models=era5&hourly=temperature_2m%2Crelative_humidity_2m%2Cprecipitation%2Cwind_speed_10m%2Cdew_point_2m&timezone=GMT&timeformat=unixtime&temperature_unit=celsius&wind_speed_unit=ms&precipitation_unit=mm&cell_selection=land"
"new-york-march-2020",40.7128,-74.006,"2020-03-01","2020-03-31","2020-03-31T23:00:00.000Z",7.2,69,0,2.28,1.9,"2020-03-31T22:00:00.000Z","2020-03-31T23:00:00.000Z",true,"","complete",744,744,744,"Open-Meteo","ERA5 (requested)","era5",,"modeled_reanalysis",40.75,-74,32,"2026-09-11T00:26:47.065Z",,,"land","provider default elevation adjustment","instant meteorology; precipitation sum over preceding hour ending at time","reanalysis-adapter-v1","Weather data by Open-Meteo; ERA5 by Copernicus Climate Change Service (C3S) / ECMWF","https://open-meteo.com/en/docs/historical-weather-api","https://archive-api.open-meteo.com/v1/archive?latitude=40.7128&longitude=-74.006&start_date=2020-03-01&end_date=2020-03-31&models=era5&hourly=temperature_2m%2Crelative_humidity_2m%2Cprecipitation%2Cwind_speed_10m%2Cdew_point_2m&timezone=GMT&timeformat=unixtime&temperature_unit=celsius&wind_speed_unit=ms&precipitation_unit=mm&cell_selection=land"
